customer_unique_id,first_orders,second_orders,order_count,days_to_second_purchase,repeat_purchase_timing_distribution
00172711b30d52eea8b313a7f2cced02,2018-07-28 00:23:49,2018-08-13 09:14:07,2,16.36826388888889,0 - 30 days
004288347e5e88a27ded2bb23747066c,2017-07-27 14:13:03,2018-01-14 07:36:54,2,170.72489583333333,91 - 180 days
004b45ec5c64187465168251cd1c9c2f,2017-09-01 12:11:23,2018-05-26 19:42:48,2,267.3134837962963,180+ days
0058f300f57d7b93c477a131a59b36c3,2018-02-19 17:11:34,2018-03-22 18:09:41,2,31.040358796296296,31 - 90 days
00a39521eb40f7012db50455bf083460,2018-05-23 20:14:21,2018-06-03 10:12:57,2,10.582361111111112,0 - 30 days
00cc12a6d8b578b8ebd21ea4e2ae8b27,2017-03-21 19:25:22,2017-03-21 19:25:23,2,1.1574074074074073e-05,0 - 30 days
011575986092c30523ecb71ff10cb473,2018-02-17 15:54:49,2018-04-18 21:58:08,2,60.252303240740744,31 - 90 days
011b4adcd54683b480c4d841250a987f,2017-08-22 12:51:29,2018-02-15 11:40:57,2,176.9510185185185,91 - 180 days
012452d40dafae4df401bced74cdb490,2017-06-18 22:46:42,2018-05-14 12:12:45,2,329.5597569444444,180+ days
012a218df8995d3ec3bb221828360c86,2018-05-07 10:28:17,2018-06-18 13:08:38,2,42.111354166666665,31 - 90 days
013ef03e0f3f408dd9bf555e4edcdc0a,2018-06-21 04:46:11,2018-07-20 04:13:54,2,28.977581018518517,0 - 30 days
013f4353d26bb05dc6652f1269458d8d,2017-11-24 13:33:20,2017-11-28 13:30:58,2,3.9983564814814816,0 - 30 days
015557c9912277312b9073947804a7ba,2017-03-23 22:45:46,2017-05-01 14:48:33,2,38.66859953703704,31 - 90 days
0178b244a5c281fb2ade54038dd4b161,2017-05-10 20:04:09,2018-07-28 13:13:00,2,443.71447916666665,180+ days
01886ef98f995e4f2dd75a1d04c97397,2017-11-27 20:47:54,2018-03-09 19:19:24,2,101.93854166666667,91 - 180 days
018b5a7502c30eb5f230f1b4eb23a156,2017-05-18 00:41:32,2017-08-20 18:10:06,2,94.7281712962963,91 - 180 days
01a22e2079ea71e17313b88e5811e54a,2018-01-22 22:45:49,2018-01-22 23:27:48,2,0.029155092592592594,0 - 30 days
01c289bb06354cdc7e6549570f20ada4,2017-06-03 19:11:14,2017-12-26 21:14:43,2,206.0857523148148,180+ days
01ea7dfdac01a4e8fbe2902b73510b20,2018-02-09 17:36:42,2018-02-09 17:36:45,2,3.472222222222222e-05,0 - 30 days
01f2285f85a1c603eb7ef755ad311769,2017-04-29 14:40:22,2018-05-31 14:51:03,2,397.00741898148146,180+ days
02168ea18740a0fdaaa15f11bebba5db,2017-08-20 20:58:18,2017-10-09 22:05:59,2,50.04700231481481,31 - 90 days
0241fa2e9adf0576cb0f845377d05c03,2018-06-20 20:51:47,2018-07-24 21:24:13,2,34.022523148148146,31 - 90 days
027803eb28cc01fbdf5da72b109fabee,2017-10-17 11:28:05,2017-10-17 11:28:18,2,0.00015046296296296297,0 - 30 days
029b457bd01199c39136f89e0eddcd3a,2017-05-14 00:30:14,2018-01-04 19:21:49,2,235.78582175925925,180+ days
02b20b7c813efede140142ac610e36dc,2018-03-19 20:50:39,2018-03-19 20:50:39,2,0.0,0 - 30 days
02e4c56fefa30628768ffe326d332e2f,2017-03-29 19:09:42,2018-01-11 12:07:15,2,287.70663194444444,180+ days
02e9109b7e0a985108b43e573b6afb23,2017-11-23 16:19:10,2018-05-13 23:53:10,3,171.31527777777777,91 - 180 days
02e9827c15167f699df7bf90d326ffdb,2018-03-04 13:42:10,2018-04-07 18:22:27,2,34.1946412037037,31 - 90 days
02fbe4db886eb98774c8ba300d39fa79,2018-02-17 12:23:21,2018-02-17 12:23:22,2,1.1574074074074073e-05,0 - 30 days
031e19fc630c4121f1238716f41675c3,2018-07-04 01:20:01,2018-07-04 01:20:01,2,0.0,0 - 30 days
031ea691b99fc101dcad357d1a83573f,2017-05-16 13:42:51,2017-07-10 22:28:33,2,55.365069444444444,31 - 90 days
032b3a42598667caf2e099999b9dc1b9,2018-07-23 15:11:08,2018-07-24 21:17:34,2,1.2544675925925926,0 - 30 days
0333b2fc6ba7014702e08ef613850270,2017-08-24 21:26:52,2017-11-06 04:41:37,2,73.30190972222222,31 - 90 days
0341bbd5c969923a0f801b9e2d10a7b8,2018-05-28 14:18:26,2018-05-30 13:00:03,2,1.9455671296296295,0 - 30 days
035e7cd88b7450fd33efeca817081a53,2018-05-19 21:05:53,2018-07-02 17:00:50,2,43.82982638888889,31 - 90 days
0361e980b28826f4d286ac144d9b319a,2018-06-30 17:32:03,2018-07-01 18:03:34,2,1.0218865740740741,0 - 30 days
038301b43811478e1a8dc0e476eaf52e,2017-11-13 09:49:19,2018-04-12 20:58:52,2,150.46496527777776,91 - 180 days
0396c443fdda5498c7e9ed5b34871c5a,2017-05-05 08:44:57,2017-05-05 08:44:58,2,1.1574074074074073e-05,0 - 30 days
03d4953a455f8489e712ea80699de878,2017-09-14 19:08:45,2018-07-21 15:45:49,2,309.8590740740741,180+ days
03dabd77cb0ed7a26fafe19e36b67742,2017-04-11 18:19:55,2017-05-15 10:14:17,2,33.66275462962963,31 - 90 days
03ef7f03905227e15c7b6c860554b3cb,2018-05-01 19:00:40,2018-07-18 13:07:19,2,77.75461805555555,31 - 90 days
041caba6a63ace5818387698ea85cdb2,2017-03-15 21:50:14,2017-11-17 08:47:41,3,246.4565625,180+ days
043aee247e71edff7045664609f4d806,2017-03-22 12:29:08,2017-05-25 16:12:51,3,64.1553587962963,31 - 90 days
0451ef5a31cea3e14ce02d768d7c9943,2017-04-14 18:09:37,2017-06-18 20:00:47,2,65.07719907407407,31 - 90 days
0488328f0b499963e32a37fa42a20ca0,2017-09-01 06:38:10,2017-09-07 12:38:15,2,6.25005787037037,0 - 30 days
048dbdf8f9bbd1be87b25868d1408311,2017-10-17 15:02:56,2017-11-06 07:59:11,2,19.705729166666668,0 - 30 days
04be500031efe43d2defff8c41810543,2018-01-07 02:41:08,2018-02-01 08:35:49,2,25.24630787037037,0 - 30 days
04c55667b44fae5f50ed71d40c633d09,2017-06-07 20:11:29,2017-06-07 20:11:31,2,2.3148148148148147e-05,0 - 30 days
04d3c2795b83634312bf3f86f41f7901,2017-06-09 17:38:12,2017-08-08 20:46:53,2,60.131030092592596,31 - 90 days
04e495a3f45df8b41be2e934bbc16961,2017-05-09 20:48:59,2018-01-23 20:45:59,2,258.99791666666664,180+ days
04fc637963fe982dd25ac58e4f4770c1,2018-03-25 21:17:41,2018-03-25 21:20:12,2,0.0017476851851851852,0 - 30 days
050555c26479bbb8ba0740c37e7454d0,2018-04-07 12:07:04,2018-04-07 12:07:04,2,0.0,0 - 30 days
0509ab034845adb0b4c91b6f0e7b7260,2018-05-02 10:15:02,2018-05-04 18:44:15,2,2.353622685185185,0 - 30 days
053b7090271ed4dacbfe0afd6382bbab,2017-07-31 22:17:36,2017-09-28 23:13:40,2,59.03893518518519,31 - 90 days
053f7850c3ffd9726cff61c7e42af797,2017-06-29 21:22:46,2017-06-29 21:22:47,2,1.1574074074074073e-05,0 - 30 days
055ec572ac7f3c7bdd04a183830ebe59,2017-06-18 17:22:09,2017-07-18 18:49:15,2,30.06048611111111,0 - 30 days
05669445931c028d97b7c0637b5a2359,2017-08-26 22:52:36,2017-10-07 17:03:03,2,41.75725694444444,31 - 90 days
059d1f5650f05d9fed9a6d941593f9b4,2018-01-03 14:58:25,2018-03-18 17:01:00,2,74.08512731481481,31 - 90 days
059e7585d8fcd2430a33375bdbcbb990,2018-08-19 11:55:56,2018-08-19 12:03:34,2,0.005300925925925926,0 - 30 days
05e52c1f96f8b83dd66dcdce679ff58d,2017-05-13 23:45:23,2017-07-24 11:52:30,2,71.50494212962963,31 - 90 days
05edb10f73fe7d03959ff26540913b3a,2017-08-08 18:40:11,2018-01-03 10:51:21,2,147.6744212962963,91 - 180 days
05ef855308303397f1427f29470bb6ab,2018-02-01 23:08:48,2018-03-19 09:46:20,2,45.44273148148148,31 - 90 days
060f9ea0a180843fb91d4923b6d01bea,2018-03-10 15:17:01,2018-03-10 15:40:45,2,0.016481481481481482,0 - 30 days
0621c2a5979d3e887ae519620cbe2926,2017-06-09 16:13:00,2017-08-10 09:47:46,2,61.73247685185185,31 - 90 days
065938485846aa5adc196cb536de42e0,2017-06-06 16:19:01,2018-02-23 13:47:17,2,261.8946296296296,180+ days
065dcef61d5f66b30d2ee51b5343d023,2017-04-13 22:40:08,2017-11-30 21:30:36,2,230.95171296296297,180+ days
0697142614905a50813d854fa08b8eaf,2018-06-12 06:19:27,2018-07-23 15:53:16,2,41.3984837962963,31 - 90 days
06a52782a04f0086d16b9c22d0e29438,2017-05-06 20:11:10,2017-05-06 20:11:10,3,0.0,0 - 30 days
06d26e5230ac619719997a8cf435a69b,2018-04-04 09:12:01,2018-04-05 21:18:26,2,1.5044560185185185,0 - 30 days
070acf4df1234a6257809e4e79644481,2017-10-26 14:42:55,2018-07-18 07:41:58,2,264.7076736111111,180+ days
0710e0c85fe7cb494d624e0863782e46,2018-03-21 15:06:40,2018-03-21 15:06:40,2,0.0,0 - 30 days
071bb277b0146da77fac31e70657815e,2017-07-08 14:12:08,2018-04-15 20:22:16,2,281.25703703703704,180+ days
071fb07419a29c8ba143831082e0320a,2017-03-16 08:58:14,2018-01-10 08:27:45,2,299.9788310185185,180+ days
073037acc049d2be44730a7e39836046,2017-12-11 15:24:04,2017-12-19 13:11:08,2,7.907685185185185,0 - 30 days
07342638d0e0aad32c3cf0efc1a37ba5,2017-08-18 14:38:23,2017-09-27 08:28:04,2,39.74283564814815,31 - 90 days
0751ebe1c05ef7a632934adae06c6d4a,2017-06-02 10:32:47,2017-07-23 17:53:01,2,51.30571759259259,31 - 90 days
075c38f7a650b0dc822712c7a58e93d4,2017-10-19 21:07:38,2017-10-19 21:07:40,2,2.3148148148148147e-05,0 - 30 days
076b7055bea51da430d6a6fa054e5075,2017-06-09 19:13:08,2017-06-09 19:13:10,2,2.3148148148148147e-05,0 - 30 days
078f7e669cebf2fb640d0ad0dabb3068,2018-02-21 21:15:04,2018-05-09 04:46:01,2,76.31315972222222,31 - 90 days
07abcea6f64399366559afee336a7fd2,2018-03-05 21:47:33,2018-03-05 21:47:34,2,1.1574074074074073e-05,0 - 30 days
07b1b60bca2b6326fa2adb259ea4a55f,2018-03-26 22:19:07,2018-03-30 15:47:09,3,3.727800925925926,0 - 30 days
07b28cf1d8515d08ccca505e273fffaf,2017-03-24 13:56:44,2017-03-24 13:56:45,2,1.1574074074074073e-05,0 - 30 days
07bd3d18ecba2420a8934b34a26f157a,2018-04-17 18:32:24,2018-04-19 23:25:38,2,2.203634259259259,0 - 30 days
07df27b714016cb827c99ec2ecd5ebfb,2018-06-03 19:44:12,2018-06-03 19:44:12,2,0.0,0 - 30 days
07f61caa1c9e850c14e94854cec87545,2017-08-05 14:52:23,2017-08-05 14:52:24,2,1.1574074074074073e-05,0 - 30 days
07f765655f560c8624267665ce23675a,2017-10-07 14:59:27,2018-04-17 14:27:45,2,191.9779861111111,180+ days
07ff81a9676efa0286ddd3f09e7c0063,2018-02-16 15:56:36,2018-06-11 17:56:07,2,115.08299768518519,91 - 180 days
0802a1a217680f13264a70ddb7220823,2017-02-07 08:25:08,2017-02-17 10:48:38,2,10.099652777777777,0 - 30 days
0807baeeeaa1309effbd9a9dee41ab17,2018-03-28 13:55:28,2018-05-08 00:06:19,2,40.42420138888889,31 - 90 days
083ca1aa470c280236380973a48f77c6,2017-07-28 04:06:33,2017-08-05 08:25:09,4,8.179583333333333,0 - 30 days
083ce299ea3fc1eba79bd0b17f64555b,2018-01-22 18:30:11,2018-08-23 14:56:46,2,212.85179398148148,180+ days
084be429c23e342acf5084ac6156d22e,2018-04-24 19:49:20,2018-07-22 15:53:46,2,88.83641203703704,31 - 90 days
08642cd329066fe11ec63293f714f2f8,2018-07-22 07:46:57,2018-09-20 13:54:16,2,60.25508101851852,31 - 90 days
0895c61a77b305efdfad13596c749c60,2017-12-01 14:35:06,2018-04-11 11:59:18,2,130.89180555555555,91 - 180 days
089bc915af34d9041b3a88a1aa84292b,2017-11-15 10:42:57,2018-01-14 20:44:16,2,60.41758101851852,31 - 90 days
08a374bca4063116d5530a7b04ecaf3f,2018-08-13 12:13:40,2018-08-13 12:31:56,2,0.012685185185185185,0 - 30 days
08b57f87bc889756ca453bf8106d48ce,2018-05-05 17:53:11,2018-06-23 12:14:52,2,48.76505787037037,31 - 90 days
08c07c761592a71b85136aa4fe76a6f4,2017-08-11 12:22:46,2018-01-26 22:03:52,3,168.40354166666665,91 - 180 days
08d8ad84b0088cbeae77da4ff3817479,2018-04-16 00:18:05,2018-05-17 09:18:52,2,31.37554398148148,31 - 90 days
08e5b38d7948d37fbb2a59fc5e175ab1,2018-03-03 02:21:56,2018-05-06 02:58:50,4,64.025625,31 - 90 days
08f334e84bc7ab7b588cb7fc77dd7f4a,2018-07-14 18:19:56,2018-08-15 08:34:42,2,31.593587962962964,31 - 90 days
08f7cf00ed9ff3e0a08fc136ec272974,2017-09-01 22:26:18,2017-09-01 22:26:18,2,0.0,0 - 30 days
08fb46d35bb3ab4037202c23592d1259,2018-06-03 23:08:46,2018-06-04 16:44:48,2,0.7333564814814815,0 - 30 days
0937f85b7a96b6ad600405e9bf94255b,2018-03-23 18:46:14,2018-05-12 15:13:50,2,49.8525,31 - 90 days
0942eedfe0e865b2a80419a14672286f,2017-02-08 07:47:47,2018-01-21 22:51:21,2,347.62747685185184,180+ days
096e351116755fe4c3c1e48eaf301a41,2017-05-16 10:49:26,2017-05-16 10:49:27,2,1.1574074074074073e-05,0 - 30 days
0981a271500799427cdf345e9121e20b,2017-04-03 13:57:14,2017-04-17 10:05:11,2,13.838854166666666,0 - 30 days
09831ff6ab667f42521bcd4c22dc755c,2018-03-17 11:05:38,2018-03-25 11:26:29,2,8.014479166666666,0 - 30 days
0994750c9c22a140010ed86aad2d044b,2018-02-04 17:12:49,2018-02-26 13:23:24,2,21.84068287037037,0 - 30 days
099fad9e8f7dfbd0412c300bcc697e0b,2017-07-13 14:18:01,2018-05-16 17:52:39,2,307.1490509259259,180+ days
09ab36a420b5c87c5c9772bdb494f2e3,2018-02-24 23:18:14,2018-02-24 23:18:14,2,0.0,0 - 30 days
09baec50afccbb414f24bf8e0bc7c020,2017-12-03 19:22:06,2018-05-16 01:18:19,2,163.24737268518518,91 - 180 days
09bc7afc3e8d8dccaffd0b16944a91fe,2017-02-07 16:47:27,2017-08-01 11:12:08,2,174.76714120370372,91 - 180 days
09cd73b13f103e47ce13675b4a4b36f3,2018-05-10 14:45:19,2018-05-10 15:00:58,2,0.010868055555555556,0 - 30 days
09d74edf20acb4f9523fb1cf19a18456,2017-11-16 12:53:23,2018-03-05 14:54:33,2,109.08414351851852,91 - 180 days
09d7c538023c2c4fb0553c831c12f084,2017-05-22 19:49:12,2017-05-22 19:49:13,2,1.1574074074074073e-05,0 - 30 days
0a1f83858e65e141609fca9ea70a495a,2018-07-18 11:38:09,2018-07-18 11:38:09,2,0.0,0 - 30 days
0a5df23b922b9998bb7378f1ac03c98a,2017-09-29 09:32:17,2017-09-29 09:48:18,2,0.011122685185185185,0 - 30 days
0a5fab743da859b3f10a409bbb132a5a,2017-03-06 20:16:46,2018-02-14 11:05:31,2,344.6171875,180+ days
0a609db8d244100909a15d65eadf8539,2017-08-07 19:54:40,2017-10-18 15:53:45,3,71.83269675925926,31 - 90 days
0a61b571f594b6919601bcf3380da7f7,2017-08-11 17:35:47,2017-08-11 17:35:49,3,2.3148148148148147e-05,0 - 30 days
0aa1ab39ff2b837c05d7c9ff85b6d983,2018-01-05 10:44:19,2018-03-11 10:15:39,2,64.9800925925926,31 - 90 days
0aadc1d26d1c8b88a52c39a533ccea93,2017-04-11 10:52:50,2017-11-28 10:27:09,2,230.98216435185185,180+ days
0abee71cd257861a0944e2a81cea4a50,2017-03-12 09:38:04,2017-11-26 09:30:30,2,258.99474537037037,180+ days
0ac10a57d07e3d38b11f66283c44672b,2017-06-02 10:53:32,2017-06-02 10:53:33,2,1.1574074074074073e-05,0 - 30 days
0ac4a9460c1baf3051ffec5c9021a499,2018-05-08 18:49:32,2018-05-30 07:58:30,2,21.547893518518517,0 - 30 days
0ad1d79346c3b98b517348ecbbadfbc6,2018-05-01 15:24:51,2018-06-21 14:48:47,2,50.974953703703704,31 - 90 days
0ad7cb4f48f2a2cf5080e3c19c7cf98c,2017-11-05 13:49:38,2018-05-25 16:55:13,2,201.12887731481482,180+ days
0af334fc660bfc9c75109752cc8271d7,2017-04-16 06:31:07,2017-04-16 06:31:08,2,1.1574074074074073e-05,0 - 30 days
0b18593e033697810a62a987e77f4b8c,2017-06-02 09:18:44,2017-06-14 06:49:48,3,11.896574074074074,0 - 30 days
0b3cf8a9362deaf8b870d49ae61f3ca1,2017-05-19 18:11:21,2017-08-20 22:08:30,2,93.1646875,91 - 180 days
0b3dc7efaafb0cf78a4796d42fa8d74c,2016-10-04 14:49:13,2017-07-28 09:34:29,2,296.78143518518516,180+ days
0b402d6dd50694a118c642448e2cb086,2017-04-24 16:27:05,2017-11-26 20:40:58,2,216.17630787037038,180+ days
0b51518c7deffd54b13b007c9f91c3f0,2018-05-04 22:52:52,2018-07-03 14:40:57,2,59.6583912037037,31 - 90 days
0b6d4f036c07e10854affe43fc4e718c,2018-03-22 15:26:05,2018-03-22 15:57:22,2,0.02172453703703704,0 - 30 days
0b8ed32525608a907c7331b613b5b67e,2017-11-30 09:01:59,2017-11-30 09:01:59,2,0.0,0 - 30 days
0bbb42a9ca8179ccfce14a11d2afe6de,2017-07-04 18:25:23,2018-06-26 19:21:56,2,357.0392708333333,180+ days
0bc9c245cd69735af23eefdd89d74e7e,2017-07-06 16:54:03,2017-09-13 16:59:00,2,69.0034375,31 - 90 days
0bdb6ad22574bad5202df1e92a9aa403,2018-02-15 19:59:58,2018-02-15 20:24:30,2,0.017037037037037038,0 - 30 days
0be7af6c16fbca7eff244788f89146a3,2018-03-26 10:14:31,2018-03-26 10:14:31,2,0.0,0 - 30 days
0bf1278577a2acf8532a031d98cd517c,2017-10-08 20:45:59,2017-12-14 11:10:57,2,66.6006712962963,31 - 90 days
0c10e674d1504f959a7f2e504148c296,2017-10-27 04:55:38,2018-04-25 14:29:47,2,180.39871527777777,180+ days
0c1201c04330536234aaa49b396745d4,2018-01-24 22:53:51,2018-08-05 07:57:13,2,192.37733796296297,180+ days
0c32aa09e8eced3ea26c2a013b7b75e9,2017-11-29 13:40:48,2018-06-14 21:18:25,2,197.31778935185184,180+ days
0c4c416f1f9844e6805b074f8f96f52c,2017-07-29 10:19:06,2017-08-12 23:18:04,2,14.540949074074074,0 - 30 days
0c8286526be3a0fc8f50b7267db95035,2017-04-28 00:12:06,2018-03-30 00:06:55,2,335.996400462963,180+ days
0c8ac932c65f67489929f9164a86606d,2017-09-03 21:16:10,2017-10-19 13:31:09,2,45.677071759259256,31 - 90 days
0c9abfaffa0ae7587cebfdf0d680e3b7,2017-09-15 08:09:48,2018-02-06 23:56:13,2,144.6572337962963,91 - 180 days
0cbcf91ef2dd6dfcce9ee63c8772dc97,2017-08-15 07:55:36,2017-08-15 07:55:36,2,0.0,0 - 30 days
0cc2ee1112a11a1094eff52fa2e87150,2017-05-15 09:00:01,2017-10-03 11:54:15,3,141.12099537037037,91 - 180 days
0ceb502fc33a2ad327b08288c5310e2e,2018-04-19 22:06:20,2018-05-15 10:39:41,2,25.52315972222222,0 - 30 days
0cf46588cd3f5a23002166b5a1945820,2017-09-15 01:32:20,2017-10-19 15:05:10,2,34.56446759259259,31 - 90 days
0cfd915db480acd7d9a954409cabfb1c,2017-08-14 18:16:37,2017-08-23 09:27:23,2,8.632476851851852,0 - 30 days
0d153268371aa25450d4117ff070277e,2018-05-10 17:53:13,2018-06-29 11:50:43,2,49.748263888888886,31 - 90 days
0d4644eff058d75937ca1eec574bf87d,2017-09-23 16:04:49,2017-11-30 22:20:59,2,68.26122685185184,31 - 90 days
0d51e04ae0b1d341e4f49812d1f4fbe2,2017-10-18 11:42:32,2018-05-16 09:57:53,2,209.9273263888889,180+ days
0d52f8cd8892f109a15803df169113b6,2018-02-11 12:28:50,2018-02-11 12:28:51,2,1.1574074074074073e-05,0 - 30 days
0d57344e9e4e9d16dc699cb417e50cb0,2017-11-18 13:37:41,2017-11-21 20:56:07,2,3.3044675925925926,0 - 30 days
0d7241c7fb49c1be6e75c9fe99e0822c,2018-01-16 14:17:15,2018-04-30 13:40:10,2,103.97424768518519,91 - 180 days
0d997d092f93b5c58d0f9b4bd0643d16,2017-11-25 20:54:39,2017-12-01 20:48:11,2,5.99550925925926,0 - 30 days
0dc81b520ef7db9cb44bb075e129dcf8,2018-01-26 12:00:35,2018-06-18 11:55:25,2,142.99641203703703,91 - 180 days
0dd933d1e0253343083013791bf5d5e9,2017-06-13 11:11:47,2017-11-24 12:08:59,2,164.03972222222222,91 - 180 days
0ddba04798f1c085d0ca93af0e91f6c1,2018-02-14 16:38:58,2018-02-14 16:38:59,2,1.1574074074074073e-05,0 - 30 days
0df55f5accedda71bda8f4c7f590951f,2017-12-03 21:31:23,2018-02-14 20:48:53,2,72.97048611111111,31 - 90 days
0e06af8004ffd01a3461e768f9f659aa,2017-09-04 18:07:35,2017-11-19 16:20:52,2,75.9258912037037,31 - 90 days
0e37a80826485260170d428b06df0ab6,2017-09-12 09:22:25,2017-09-12 14:29:16,2,0.21309027777777778,0 - 30 days
0e381ce773b382849206115413009851,2018-07-23 12:28:19,2018-08-03 13:54:39,2,11.059953703703703,0 - 30 days
0e3c753956e35026b965d9ac3590c5af,2017-08-08 12:49:01,2017-08-08 12:49:02,2,1.1574074074074073e-05,0 - 30 days
0e4cb268bd62da7db135af6349b4fc2a,2017-11-24 13:15:25,2017-11-24 13:15:26,3,1.1574074074074073e-05,0 - 30 days
0e4d012fac3d20c033e0284fb6d2ea6a,2018-04-30 19:40:57,2018-08-21 22:44:15,2,113.12729166666666,91 - 180 days
0e730550dfc5d7f1cea73484bb2e0249,2018-02-22 00:41:09,2018-03-06 08:37:03,2,12.330486111111112,0 - 30 days
0e78a1b66adee5bb3a6f014714f79cf4,2018-04-05 15:24:37,2018-04-05 15:34:33,2,0.006898148148148148,0 - 30 days
0e850ed5adc4abe0346435eda5b1a626,2018-04-12 17:36:07,2018-04-12 17:36:07,2,0.0,0 - 30 days
0ea353565cdde00e1d8352a08290a352,2017-02-21 16:40:07,2017-08-25 17:53:24,2,185.0508912037037,180+ days
0ecc403ec5d6ce000fd84f00cd5efb0a,2017-11-30 16:09:58,2017-11-30 16:09:58,2,0.0,0 - 30 days
0ecf7f65b5ff3b9e61b637e59f495e0a,2016-10-10 15:49:59,2016-10-10 15:50:01,2,2.3148148148148147e-05,0 - 30 days
0ee1969ea903c6be704958e2300068b2,2017-08-15 20:44:01,2017-08-15 20:44:02,2,1.1574074074074073e-05,0 - 30 days
0ee57f62666561b72f2ceacad0230cbf,2018-02-26 09:25:57,2018-06-20 14:16:20,2,114.20165509259259,91 - 180 days
0ef7b906320b21fe4d39f99496aaa2d8,2017-05-17 10:02:28,2018-08-04 13:46:34,2,444.155625,180+ days
0efd5025e6544ef110881866b945d0cc,2018-02-11 19:01:35,2018-08-10 03:17:51,2,179.34462962962962,91 - 180 days
0f0b49d45120fcb28bda56e94bc85673,2018-02-07 20:18:57,2018-02-07 20:18:59,2,2.3148148148148147e-05,0 - 30 days
0f0e48a91c9c285404572b095bcb373c,2017-03-30 09:01:48,2017-07-20 12:11:33,2,112.13177083333333,91 - 180 days
0f10d99ee99ca3d0489f2f2169b41ec3,2018-03-01 18:32:56,2018-03-01 18:32:58,2,2.3148148148148147e-05,0 - 30 days
0f187f58097c5431d5244e1fe1383884,2017-09-09 19:50:19,2018-01-07 21:13:42,2,120.05790509259259,91 - 180 days
0f1bd80ed58b9d0f45dca1bb396d8ac9,2017-12-19 11:37:00,2018-05-15 10:49:07,2,146.9667476851852,91 - 180 days
0f26a77f8de836d7c44b4694e0fa3ea4,2018-05-23 12:48:49,2018-06-13 19:05:30,2,21.26158564814815,0 - 30 days
0f38a44168ec569a3f783ebf98d79095,2017-11-22 13:45:31,2017-11-22 13:57:00,2,0.007974537037037037,0 - 30 days
0f5ac8d5c31de21d2f25e24be15bbffb,2017-11-23 20:30:52,2017-11-27 12:57:35,2,3.6852199074074075,0 - 30 days
0f6371fc9c2e78818a6e7aa33022a506,2018-01-27 18:04:38,2018-01-27 18:04:38,2,0.0,0 - 30 days
0f64cafdb3e1e4806c99ff165305e27f,2018-02-07 15:30:26,2018-04-02 15:11:28,2,53.9868287037037,31 - 90 days
0f9349a9da479b7e02c4cb4a0c73fb47,2017-04-12 16:58:36,2018-02-11 20:24:37,2,305.1430671296296,180+ days
0fd39b61ec94864f92e18e5d7144bc6c,2017-11-07 00:14:07,2018-03-26 13:02:31,2,139.5336111111111,91 - 180 days
0fd475edfa0b61c59ecde6f89c21dedb,2017-08-15 15:41:17,2017-12-27 11:59:15,2,133.84581018518517,91 - 180 days
0ffc908947e1f0c9f17647058b9a58c2,2017-06-15 22:49:09,2017-07-02 19:07:13,2,16.84587962962963,0 - 30 days
100f480d33281b45b97c07395968e56c,2017-09-24 15:03:45,2017-09-24 15:03:46,2,1.1574074074074073e-05,0 - 30 days
1015173479527a15ccb63606a74f404e,2017-09-04 14:51:24,2017-09-05 12:48:49,2,0.9148726851851852,0 - 30 days
10351fa9e690ca750568e3c19978d69e,2018-05-18 20:01:41,2018-06-07 19:45:30,2,19.988761574074076,0 - 30 days
1041688b50cfd8ef6df6086a1746a30c,2018-01-10 11:13:06,2018-08-28 21:56:12,2,230.4465972222222,180+ days
10867a902e32dd54061b2cda9c55b0b6,2018-02-26 14:18:53,2018-02-26 14:18:54,2,1.1574074074074073e-05,0 - 30 days
10a4b9f45f67e6bc9ca4032b9203272c,2018-02-23 14:49:38,2018-02-23 14:49:39,2,1.1574074074074073e-05,0 - 30 days
10b442e762ba8a5ad22de5ba2207e5f1,2018-04-02 21:47:07,2018-06-15 08:23:31,2,73.44194444444445,31 - 90 days
10b58cbd6607267fd41812614367439e,2017-01-29 17:44:07,2018-01-07 17:14:25,2,342.979375,180+ days
10bf8afdd66da75c386fbacf04c85710,2018-01-29 22:58:27,2018-03-23 18:25:21,2,52.81034722222222,31 - 90 days
10d5890ed5e7ec78a7db23b5ac579b17,2017-12-05 01:07:58,2018-07-23 22:05:53,2,230.87355324074073,180+ days
110991b379efbcebb0d35cbd20bf9698,2018-02-07 23:55:04,2018-04-09 22:51:46,2,60.956041666666664,31 - 90 days
1118a7bb7ba893f10740e22a23aa5bd9,2017-08-11 22:03:25,2018-01-16 22:49:54,2,158.0322800925926,91 - 180 days
1118bbd6c82a824ebc677b12e525864f,2017-10-28 00:24:20,2017-10-28 00:24:21,2,1.1574074074074073e-05,0 - 30 days
11395124061744bf276aefd8073f3105,2017-10-08 22:13:39,2017-10-08 22:13:39,2,0.0,0 - 30 days
115030e27b9970683ad81cb05679157c,2018-04-11 15:42:28,2018-05-22 17:19:24,2,41.067314814814814,31 - 90 days
1175e95fb47ddff9de6b2b06188f7e0d,2018-01-18 12:35:44,2018-01-18 12:35:45,2,1.1574074074074073e-05,0 - 30 days
118be57d1b7de439453a0c6625ad7934,2017-08-13 09:07:18,2017-08-19 19:25:41,2,6.429432870370371,0 - 30 days
1197ba886110324a1519fff17dd8d1d2,2017-08-07 09:55:21,2017-08-21 09:30:56,2,13.983043981481481,0 - 30 days
11b47516f8f6a42105b9807903ede333,2017-05-11 09:19:10,2018-02-20 14:59:40,2,285.23645833333336,180+ days
11e95918d6816403858e8314a3503f4c,2018-01-18 09:03:18,2018-07-05 09:14:52,2,168.0080324074074,91 - 180 days
11ebea68a1046fa3268cb278df2c4f31,2017-12-12 15:26:09,2017-12-12 15:26:09,2,0.0,0 - 30 days
120a6e1875940fe48a44d6cf30706230,2017-11-19 10:04:04,2017-11-19 10:04:04,2,0.0,0 - 30 days
121b5a0ae9d09a2ca5e8090fd2a00a58,2017-03-02 08:32:21,2017-04-22 18:53:45,2,51.43152777777778,31 - 90 days
1225c9614c5129a3085416d30d50e143,2018-03-07 17:10:15,2018-03-07 17:38:07,2,0.019351851851851853,0 - 30 days
12328d63390726821fdcd8e8b77f10b5,2017-11-28 09:25:59,2017-11-28 09:26:02,2,3.472222222222222e-05,0 - 30 days
124bc956b56b1523d2a75b29a856085d,2018-01-16 11:56:07,2018-04-02 14:26:59,2,76.10476851851851,31 - 90 days
124ef8d5acc80858c69d34e3e08b572d,2017-08-25 16:19:24,2018-07-19 19:39:12,2,328.13875,180+ days
125740359669fa63858476105a5d523d,2017-03-08 16:06:00,2017-07-24 15:38:58,2,137.98122685185186,91 - 180 days
1291474366a550ebc251d9187e763d62,2017-03-11 18:39:33,2017-07-02 14:01:13,2,112.80671296296296,91 - 180 days
12ab9334b1240d6d037f2b0102a49571,2017-12-13 17:35:26,2017-12-13 17:35:27,2,1.1574074074074073e-05,0 - 30 days
12b62a8d3c4911b9a80b935037842fc0,2017-11-07 22:51:11,2017-11-07 22:51:12,2,1.1574074074074073e-05,0 - 30 days
12c54f6dfd4b723a6c76c4c989494422,2017-08-03 21:31:40,2017-09-21 22:00:15,2,49.01984953703704,31 - 90 days
12c9171ee18219cbf18fcfbc33e0c064,2018-06-29 23:30:20,2018-06-29 23:30:20,2,0.0,0 - 30 days
12d8b5ed661190a3a08183644dfc504d,2017-03-26 18:25:32,2018-02-26 22:45:04,4,337.1802314814815,180+ days
12f5d6e1cbf93dafd9dcc19095df0b3d,2017-01-05 14:18:03,2017-01-05 14:22:02,6,0.002766203703703704,0 - 30 days
130f4a32887cc549621b3c6cf36bf77e,2017-10-29 10:17:49,2018-08-17 15:33:29,2,292.21921296296296,180+ days
131b8a51429529f4e57e8faa1b87ff4f,2017-04-07 21:39:30,2017-04-07 21:39:30,2,0.0,0 - 30 days
133e20311ec257bda38f1798250d38c5,2017-05-02 14:50:31,2017-05-08 08:06:54,2,5.719710648148149,0 - 30 days
13473af264dea0facd893d6516900b22,2017-11-24 09:09:48,2018-05-11 14:34:01,2,168.22515046296297,91 - 180 days
13607978e0686d841deb64954c023495,2017-07-09 09:48:45,2018-01-04 21:37:47,2,179.49238425925927,91 - 180 days
13613cae6e3bfea8327a916246c96cc9,2017-12-25 10:40:52,2017-12-25 10:40:53,2,1.1574074074074073e-05,0 - 30 days
1372bab98f9966bcd4a6fa3e6df6dde8,2017-08-21 14:29:06,2018-01-15 20:19:56,2,147.24363425925927,91 - 180 days
1373e04979cfa0fb2092909abbd57f25,2018-01-31 13:57:27,2018-04-04 10:30:16,3,62.856122685185184,31 - 90 days
139093b1c6e7e3108ac0469ce43bfb99,2017-08-28 17:09:05,2018-08-14 08:27:47,2,350.6379861111111,180+ days
13abc50b97af7425b5066e405d7cd760,2017-05-01 10:30:43,2017-05-07 20:47:31,2,6.428333333333334,0 - 30 days
13ac6da47fef1b17b16f511e03b57918,2017-12-21 09:01:00,2017-12-21 09:01:00,2,0.0,0 - 30 days
13aec51202205c662b24202760e93a92,2017-02-01 08:42:43,2017-02-01 08:42:45,2,2.3148148148148147e-05,0 - 30 days
13bf0b4120921402dff563cda4383ff6,2017-11-21 08:24:21,2018-07-24 16:33:06,2,245.33940972222223,180+ days
1412559410af5e92c35e053fd6acd006,2018-01-30 19:15:22,2018-01-30 19:15:23,2,1.1574074074074073e-05,0 - 30 days
142575266950512b56af193f3962270a,2017-09-08 15:41:01,2018-02-17 10:16:55,2,161.77493055555556,91 - 180 days
142dc6250eac579893595d9889411834,2017-10-26 18:44:28,2018-05-30 20:25:38,2,216.07025462962963,180+ days
1450ca0539e1e64a77c08ba841c8be94,2018-01-03 23:40:14,2018-07-16 23:40:37,2,194.00026620370372,180+ days
1477c54a1abe3610e3e9ab411801cecb,2017-09-22 23:26:12,2017-10-14 00:48:58,2,21.057476851851852,0 - 30 days
14843983d4a159080f6afe4b7f346e7c,2018-03-02 17:47:38,2018-03-02 17:47:40,2,2.3148148148148147e-05,0 - 30 days
149c19901ddcd1057deaabc003004a12,2017-08-28 08:46:04,2017-08-28 13:49:55,2,0.21100694444444446,0 - 30 days
14a188558af6cd5bc222ca773d395a7f,2018-01-26 18:30:17,2018-03-07 19:19:24,2,40.034108796296294,31 - 90 days
14d46ad43ae7e3cd6944258b9840373b,2017-03-17 21:14:36,2017-03-17 21:50:50,2,0.02516203703703704,0 - 30 days
1500da334da019c68fda219f942ba38a,2018-04-29 09:43:34,2018-05-14 09:33:57,2,14.99332175925926,0 - 30 days
1501fb94311512e6b98462d159e05a23,2018-04-16 13:14:09,2018-04-16 13:45:57,2,0.022083333333333333,0 - 30 days
1506abf10c09a2872e24d79f33e4eb12,2018-03-12 20:27:57,2018-04-05 08:43:23,2,23.51071759259259,0 - 30 days
151e9edb34867eaece4d6e7ae188f261,2018-04-05 10:36:36,2018-06-20 22:53:23,2,76.51165509259259,31 - 90 days
155af62b6c947689a67af5c16acd5c55,2017-12-11 16:30:45,2018-02-14 17:44:50,2,65.05144675925926,31 - 90 days
156283b6ca35ef976a0265903145fd5e,2018-07-24 12:23:41,2018-07-24 18:13:35,2,0.24298611111111112,0 - 30 days
1581a918a58a11d99c69f86d9c0d2098,2018-04-11 10:48:09,2018-04-12 15:44:28,2,1.205775462962963,0 - 30 days
158ff08f9b1aeebfa96820580f3877a6,2018-01-31 23:38:13,2018-01-31 23:38:14,2,1.1574074074074073e-05,0 - 30 days
1590457b4be348b165ff7030a6f94dce,2017-03-14 14:56:03,2017-07-05 18:33:29,2,113.15099537037037,91 - 180 days
159306b86e782097be9a4e29e3d294d3,2018-01-19 13:24:38,2018-01-19 13:24:39,2,1.1574074074074073e-05,0 - 30 days
15a38a0c1bf789e06ec42d24e485e794,2017-07-26 19:49:35,2018-01-14 15:01:39,2,171.8000462962963,91 - 180 days
15a52a044cbf18c87283f8c460ad5ccf,2018-08-11 11:01:19,2018-08-13 15:48:19,2,2.1993055555555556,0 - 30 days
15d2493aa522c1040d639aa74bd1fb31,2018-02-02 13:22:52,2018-03-20 19:22:08,2,46.24949074074074,31 - 90 days
15eb6c5aa4aa23cbdb42e119220d23ec,2017-09-22 15:39:38,2017-10-19 10:33:51,2,26.78765046296296,0 - 30 days
1605a6c5d93d3488fb621c5323930795,2017-03-21 09:21:54,2017-03-21 09:21:54,2,0.0,0 - 30 days
161b2eb506dd664bb5d23dc701a14b59,2017-07-19 18:44:39,2017-07-19 18:44:40,2,1.1574074074074073e-05,0 - 30 days
1647c6dc2941bd075dc5dd3448807bed,2017-08-18 19:49:08,2017-08-20 20:43:57,2,2.0380671296296295,0 - 30 days
164ba50c15bd1157975375a75bbde58e,2017-05-21 19:14:44,2017-05-21 19:14:44,2,0.0,0 - 30 days
1650819cd492bbf4b9d189c7d4126475,2017-11-06 12:28:08,2018-01-19 11:09:02,2,73.94506944444444,31 - 90 days
165d93a9d1da194b47da42c9cf810ebd,2017-06-17 18:18:36,2017-09-03 23:37:01,2,78.22112268518518,31 - 90 days
16a23480d3c92eb40e134844d52aa63e,2018-04-23 10:53:41,2018-04-23 10:53:44,2,3.472222222222222e-05,0 - 30 days
16a909e83380bb2ae4676ca69ac30886,2017-08-05 17:47:16,2018-03-05 03:45:49,2,211.41565972222222,180+ days
16bd767d18bf82bb09fc51520f7ea5ab,2017-10-17 10:29:28,2017-12-04 20:24:43,2,48.41336805555556,31 - 90 days
16c8e42089546fde55ed3caa46478e7a,2017-11-11 09:56:10,2018-03-30 15:17:21,2,139.22304398148148,91 - 180 days
1741b0bef7ccbc530ba7287000d5f49f,2018-01-27 19:11:25,2018-04-21 14:12:11,2,83.79219907407408,31 - 90 days
175b8225bdd99e95a64e07a6c06e8746,2018-01-19 12:09:45,2018-01-26 11:06:38,2,6.956168981481482,0 - 30 days
176c21456fab655afee57b3ea9799f47,2018-07-26 12:10:27,2018-08-21 10:15:51,2,25.920416666666668,0 - 30 days
176df29483e4fb6ce1d6dd1c824ad72d,2017-09-08 10:15:40,2018-05-13 07:12:05,2,246.87251157407408,180+ days
1772c0fbee58b154da028487de51b74c,2018-07-18 13:30:45,2018-07-18 13:30:45,2,0.0,0 - 30 days
1772d62f5099be6942fbb3d3e881cc7c,2018-04-13 16:18:11,2018-04-26 19:25:22,2,13.129988425925927,0 - 30 days
177c725937ae5f96171bb8b43f196dfa,2017-03-19 16:55:53,2017-04-28 14:09:28,2,39.88443287037037,31 - 90 days
178a58ded2b9be43b90300e0e0e8e66c,2017-10-06 23:32:02,2017-11-10 20:31:29,2,34.87461805555556,31 - 90 days
179f496c6c02a7640d09f0843452e0fc,2017-11-24 19:29:33,2017-11-24 19:29:35,2,2.3148148148148147e-05,0 - 30 days
17a2d93cb1aab45e3d21d5eba7daaed2,2017-06-27 11:21:39,2017-12-18 13:44:44,2,174.09936342592593,91 - 180 days
17c7da60a0690728119612a54035452d,2017-11-30 18:37:32,2018-01-10 15:54:44,2,40.886944444444445,31 - 90 days
17dcb8c62667824b3e3755a5b680ebc6,2017-11-24 12:00:57,2017-11-24 12:00:57,2,0.0,0 - 30 days
17e873c00e3fef97c9f1347c6681bd1a,2017-09-17 12:49:39,2017-09-23 12:30:56,2,5.987002314814815,0 - 30 days
1803287d1e7138aec6ea9d3c963ed87d,2017-09-09 08:41:10,2017-09-09 08:41:10,2,0.0,0 - 30 days
18186af785c301b05127a291eac901e1,2017-11-11 16:45:52,2018-06-14 18:29:40,2,215.07208333333332,180+ days
182053495bc94c2f41090ce8c41be266,2018-04-11 14:58:15,2018-07-21 13:46:09,3,100.94993055555555,91 - 180 days
186638bdb0f600c9bf2bd60e4b14537c,2018-06-05 17:00:04,2018-06-13 14:34:17,2,7.898761574074074,0 - 30 days
186e4b97d2704e8b76235b8d7c5d38ab,2017-06-15 08:43:25,2017-06-15 08:53:26,2,0.0069560185185185185,0 - 30 days
18753de7f8b65856d23473280e71ceb2,2017-06-28 15:14:11,2018-04-05 07:53:49,2,280.6941898148148,180+ days
18a65d67bb184e736656cc017f09f7b8,2018-02-21 22:29:07,2018-02-21 22:29:10,3,3.472222222222222e-05,0 - 30 days
18bc87094128bbfe943cf88adcf72059,2017-01-26 23:48:56,2018-06-25 12:06:07,2,514.5119328703704,180+ days
18d61a27f478cd6201df948578f814f9,2017-06-22 10:53:49,2018-04-24 13:34:14,2,306.111400462963,180+ days
18e1192f2a6be73c4365dbc29eb7a6f7,2018-02-13 12:38:07,2018-02-14 10:00:46,2,0.8907291666666667,0 - 30 days
18e3d276253780b44b5b7bf83f6785ec,2017-05-03 13:51:09,2017-11-21 14:34:31,3,202.03011574074074,180+ days
18f17efd50fd7e9595cc1a40205c937c,2017-07-06 13:27:01,2017-09-01 15:03:02,2,57.06667824074074,31 - 90 days
1912afd96bbe171633bb73727487ef85,2018-01-12 18:30:53,2018-06-08 13:56:46,2,146.8096412037037,91 - 180 days
191525912e1a31a97bf8b481ce852f75,2018-06-06 14:21:47,2018-06-20 12:39:18,2,13.928831018518519,0 - 30 days
191e0f453bea7f50ce1fcd514af38835,2017-08-07 21:58:33,2017-11-12 15:38:42,2,96.73621527777777,91 - 180 days
194be31520cde5c527bad17720119e85,2017-04-07 12:03:36,2017-08-14 12:24:28,2,129.01449074074074,91 - 180 days
194f1bab01e4e36f4255603e9a427b89,2018-06-30 12:46:42,2018-07-23 14:08:57,2,23.057118055555556,0 - 30 days
19506c32fa96c6fa4505b4e3ad453b7b,2018-07-07 16:56:54,2018-07-30 21:54:00,2,23.206319444444443,0 - 30 days
198ba72088fecd3caeaf2dca0addcfb9,2018-02-01 14:11:52,2018-02-09 16:49:44,2,8.10962962962963,0 - 30 days
19be5923f7d998e76b9f3b1eb87c32af,2017-07-04 08:59:04,2018-01-19 07:27:23,2,198.93633101851853,180+ days
19bedfc18c92d4e7eb6ba318a6c2033c,2017-11-03 00:44:46,2018-04-07 00:42:45,2,154.99859953703702,91 - 180 days
19c60787f1a478ec7345d03bc4298398,2017-11-23 14:43:38,2017-11-23 14:43:38,2,0.0,0 - 30 days
19cb65cc7310ae4eef4f15bb70539d01,2018-01-07 18:07:43,2018-03-05 06:24:49,2,56.511875,31 - 90 days
19da55454167240f3a4a39430007d074,2017-09-24 23:00:55,2017-09-24 23:00:55,2,0.0,0 - 30 days
19de4cc79e2c2986e70b155b7631f61c,2017-07-01 10:34:45,2018-04-27 01:56:15,2,299.63993055555557,180+ days
19f19354cf9524cc834a5036ff79925c,2018-06-05 13:24:11,2018-06-05 13:24:11,2,0.0,0 - 30 days
19f735a9a58a187253055f9d4bcc2bb6,2017-10-24 02:04:42,2018-04-13 04:30:54,2,171.1015277777778,91 - 180 days
19f8fcd23ed70e29220a6a2f13ecd911,2017-11-02 20:28:53,2017-12-03 20:14:21,2,30.989907407407408,0 - 30 days
1a13743254d9c8e6360106295947932f,2017-11-29 11:26:28,2018-07-01 11:51:47,2,214.0175810185185,180+ days
1a15eecd72a08e1134ba406c7a7998e6,2017-06-19 20:18:51,2017-06-19 20:18:52,2,1.1574074074074073e-05,0 - 30 days
1a24445f0e6006e4336ecba4ba576e4b,2018-01-03 23:02:08,2018-01-13 10:43:54,2,9.487337962962963,0 - 30 days
1a27a558aac4c4bfe3642b8c9bffcf4f,2018-07-24 09:03:34,2018-08-02 15:17:05,2,9.259386574074075,0 - 30 days
1a281fe9f53ee457dacd2c9e8ccf861f,2017-08-03 20:57:27,2018-06-26 10:45:35,2,326.57509259259257,180+ days
1a29e9f39d667f12684910a8edc4b56c,2018-02-14 13:06:04,2018-02-14 13:06:04,2,0.0,0 - 30 days
1a2ede4e787ad199c46719ecb02d81ea,2018-07-30 17:46:57,2018-08-17 09:51:45,2,17.67,0 - 30 days
1a328a664417dc7cbff0ed7df49f5a3d,2017-03-11 17:38:51,2018-04-19 09:31:18,2,403.6614236111111,180+ days
1a674d0bad43d5b5c387fce838e4c428,2017-11-03 22:26:44,2017-11-03 22:26:44,2,0.0,0 - 30 days
1a68c22c23a52a35f499dbd3c5a020a6,2017-08-08 20:39:34,2017-09-03 12:19:17,2,25.652581018518518,0 - 30 days
1ac4011bec2c0d9ce8eceb56bb1142c7,2018-02-10 09:48:13,2018-08-20 09:09:53,2,190.97337962962962,180+ days
1ae30e98d81bdf991fa25b52b8142308,2017-07-03 15:10:37,2017-07-03 15:10:38,2,1.1574074074074073e-05,0 - 30 days
1af3dcbc89998031651925e3994eab18,2017-06-25 21:23:59,2018-04-01 21:31:37,2,280.00530092592595,180+ days
1b270bd97f6e1d9af2d5d06f0d4a80e8,2018-02-26 14:57:41,2018-02-26 14:57:42,2,1.1574074074074073e-05,0 - 30 days
1b2db8ab2d8e7b84b5455736fc9713f2,2017-05-11 00:36:48,2017-05-18 22:42:50,2,7.920856481481482,0 - 30 days
1b5720c7b0ee7183c2eafe3dba65111b,2017-10-22 01:54:10,2017-11-24 20:36:18,2,33.77925925925926,31 - 90 days
1b6c7548a2a1f9037c1fd3ddfed95f33,2017-11-13 16:44:41,2017-11-24 13:01:09,7,10.844768518518519,0 - 30 days
1b6e96ed99cb8d135efe220d761bbd67,2017-03-22 07:58:24,2018-01-14 17:25:31,3,298.39383101851854,180+ days
1b765716e166ca699d20c4adc8bb0f7c,2017-03-24 10:08:36,2017-04-02 11:52:40,2,9.072268518518518,0 - 30 days
1b7733821d1e0ec8907bbb441271f80b,2017-10-06 08:49:53,2017-10-06 08:49:54,2,1.1574074074074073e-05,0 - 30 days
1b7b7f9631cd453251d0b328c9b38a2a,2017-03-22 12:27:15,2018-07-17 12:33:49,2,482.0045601851852,180+ days
1b95e3fe033836c787689ae4b9516aa3,2017-04-06 10:54:02,2017-05-13 11:35:32,2,37.028819444444444,31 - 90 days
1b9d0a0c0fd5211ae01a554419120554,2018-03-29 20:21:56,2018-04-09 19:26:29,2,10.961493055555556,0 - 30 days
1ba713c8258f756279a049018ce01177,2017-01-23 00:55:47,2018-01-11 11:59:41,2,353.4610416666667,180+ days
1bbf6de8bbe287cb474e57d437d72969,2017-10-04 19:40:44,2017-10-04 19:40:44,2,0.0,0 - 30 days
1bcbeccb2851888f299cf9a5dba8553d,2018-06-10 21:27:49,2018-08-05 21:54:15,2,56.01835648148148,31 - 90 days
1c4531b533d17f3b316de441268e513c,2017-06-01 07:29:41,2017-09-25 21:38:16,2,116.58929398148148,91 - 180 days
1c553721323d2cf153d114724b92118e,2018-01-27 17:25:57,2018-04-05 22:37:40,2,68.2164699074074,31 - 90 days
1c628081cb579ed6035b9aa8614e69f4,2018-03-31 09:33:47,2018-05-07 10:17:11,3,37.03013888888889,31 - 90 days
1c98969880c8c7c522bc4677dfce9384,2017-09-17 19:21:22,2018-03-22 16:59:33,2,185.9015162037037,180+ days
1ca845c3b11ba93c4ac5182ab9c1197e,2018-03-20 17:43:57,2018-04-05 07:17:48,2,15.565173611111112,0 - 30 days
1cbda36ee89944baa7a738ddbdc4679a,2017-09-26 17:41:21,2018-05-09 10:54:34,2,224.71751157407408,180+ days
1cc48564488184883cc7923b82c7b3f9,2017-07-21 19:58:21,2017-07-21 19:58:21,2,0.0,0 - 30 days
1ce1097b476f97ea37d805251c5c74ba,2017-09-04 05:00:16,2018-01-09 01:24:02,2,126.84983796296297,91 - 180 days
1ce879e096d3c38f230acdab7165332e,2018-04-19 16:47:02,2018-05-18 00:32:42,2,28.32337962962963,0 - 30 days
1d0be6ff723818bb810023b236405017,2018-03-27 17:48:27,2018-07-30 15:02:13,2,124.88456018518518,91 - 180 days
1d2435aa3b858d45c707c9fc25e18779,2017-01-17 14:23:54,2017-01-17 14:23:56,2,2.3148148148148147e-05,0 - 30 days
1d39a7704cfb79b7cd820bc83e3de161,2018-06-19 14:35:25,2018-07-09 11:20:01,2,19.864305555555557,0 - 30 days
1d627d8a6e1e33ea8eeeb7a17d998660,2017-09-02 20:38:28,2017-09-02 20:38:29,2,1.1574074074074073e-05,0 - 30 days
1d72aaec15863f7532b2dbf4a5c4247d,2017-04-02 20:13:33,2017-08-31 11:57:41,2,150.65564814814815,91 - 180 days
1d7e8be24bca64576da891970638bfe3,2018-04-16 09:45:05,2018-07-23 17:21:43,2,98.31710648148149,91 - 180 days
1d95a47c2206919e1de2f8ff91065d20,2017-02-14 10:52:49,2017-02-24 11:49:05,2,10.039074074074074,0 - 30 days
1da09dd64e235e7c2f29a4faff33535c,2017-05-10 14:04:15,2017-07-20 15:25:14,3,71.05623842592593,31 - 90 days
1dcb4c54d17855c39899eb445551501c,2017-09-28 17:36:05,2018-06-07 16:16:08,2,251.94447916666667,180+ days
1e05761e47e6a4968ac2ee128b0d42a4,2018-01-31 14:00:34,2018-01-31 14:00:36,2,2.3148148148148147e-05,0 - 30 days
1e0926e360000226b237bf277aec3380,2017-09-12 08:16:43,2018-07-06 12:10:05,2,297.16206018518517,180+ days
1e433d2aca7584032f8f56d51643e605,2017-11-03 18:36:43,2017-12-07 08:20:37,2,33.57215277777778,31 - 90 days
1e6dc17adde78e52b6fa5e634f4454e0,2017-07-05 19:01:10,2017-07-05 19:01:10,2,0.0,0 - 30 days
1ed1f7f1679bee0089061c9db1bd783a,2017-07-31 15:26:03,2017-07-31 16:38:56,2,0.05061342592592592,0 - 30 days
1f22ecb07d25446bf52c51afa93cfa3b,2018-08-09 11:20:25,2018-08-13 13:01:54,2,4.070474537037037,0 - 30 days
1f2c5059dad2c277b3b338163b49ca73,2017-02-02 18:59:30,2018-02-17 01:24:58,2,379.2676851851852,180+ days
1f90117a847636892e3c5bf569f2ac68,2017-08-13 20:03:35,2018-01-13 13:52:54,2,152.7425810185185,91 - 180 days
1f9756abd497b76eeccb492bfe91df35,2018-03-14 09:52:04,2018-04-28 07:56:16,2,44.919583333333335,31 - 90 days
1f98d2384ff7a372e6a2d3bb75cbcd54,2018-05-30 09:46:25,2018-06-01 08:21:03,2,1.9407175925925926,0 - 30 days
1f98e3467d2b48dfb44fc12b137d3447,2016-10-08 22:11:57,2018-01-06 15:20:06,2,454.71399305555553,180+ days
1fbd81e4d0a0cf9125ca038b43533b7f,2017-05-05 07:48:46,2018-01-17 09:19:54,3,257.063287037037,180+ days
1fe11e8f0fa5bea7416ec09d6e8d2b4d,2017-02-09 18:41:44,2017-02-20 16:17:04,2,10.899537037037037,0 - 30 days
1fea3244d38e951f0196b2728aee3bdf,2017-10-06 10:40:27,2018-03-01 07:50:27,2,145.88194444444446,91 - 180 days
20001d07954025179c613496803181a6,2017-12-15 13:07:21,2017-12-15 13:07:21,2,0.0,0 - 30 days
2004ba7732339d9be65f2236d8887ae4,2017-10-03 21:08:38,2018-05-10 07:40:41,3,218.4389236111111,180+ days
200d8b1f16d0cc9600022fdc99987a7f,2018-02-13 17:58:15,2018-02-13 17:58:15,2,0.0,0 - 30 days
20282afdbe6cf22d5f5a956d8b5a3f78,2017-06-27 21:00:18,2018-01-30 21:03:55,2,217.00251157407408,180+ days
2028c90d6c4523ae70a285c44010258a,2018-03-13 22:16:31,2018-07-23 21:06:08,2,131.9511226851852,91 - 180 days
204efc7a771f1a33fd28465082171f5b,2018-04-10 18:30:50,2018-05-04 06:16:16,2,23.48988425925926,0 - 30 days
204fa49efb5913a76287284d6e096f69,2017-07-19 12:12:24,2017-08-15 21:20:35,2,27.38068287037037,0 - 30 days
206b04b38a5dc8404458ec16edeca606,2018-02-01 11:56:38,2018-05-17 16:38:18,2,105.19560185185185,91 - 180 days
208ed8bf578938c97d49b3429358a424,2017-12-07 20:14:56,2018-02-04 01:43:58,2,58.22849537037037,31 - 90 days
208fe9aa6033a77419f8f503b7698e03,2018-07-25 22:41:51,2018-08-06 23:07:45,2,12.017986111111112,0 - 30 days
209e5691e2cda59cd71e45417d7f95a2,2018-01-08 13:14:48,2018-01-08 13:14:49,2,1.1574074074074073e-05,0 - 30 days
20ae758fb6688386d9d1540f63d380e0,2017-07-04 14:43:58,2018-06-14 14:44:06,2,345.0000925925926,180+ days
211aaecea827d378c879c2b2f667c89d,2018-05-09 21:07:05,2018-07-11 17:17:37,2,62.84064814814815,31 - 90 days
212de5904c4fe864c3a66f26d3043d97,2017-09-14 14:36:00,2017-09-14 14:36:00,2,0.0,0 - 30 days
213b36024bb0b8261de0ffbd652ebc34,2018-05-23 14:46:11,2018-05-26 09:29:26,2,2.780034722222222,0 - 30 days
21421ba1bd92005a3b48e6a745e9b8bb,2018-01-15 15:38:06,2018-02-01 17:05:51,2,17.0609375,0 - 30 days
21559d7ff0ebff720e5e160184338fed,2017-06-11 06:22:27,2018-07-20 01:00:51,2,403.77666666666664,180+ days
21560f93adbd9ada040a40909ac8619d,2017-08-21 13:51:03,2017-11-16 17:36:57,2,87.156875,31 - 90 days
216ab90e27f18940cfac8f9f02fb4239,2018-02-23 11:53:38,2018-07-22 14:46:48,2,149.12025462962964,91 - 180 days
216fd197a786370ce9601ee2f6b5a31a,2017-02-07 18:31:57,2017-02-07 18:31:58,2,1.1574074074074073e-05,0 - 30 days
217394922e43c19740ea4464e63ca8e0,2018-04-18 22:14:34,2018-06-04 20:53:42,2,46.943842592592596,31 - 90 days
21a2d9dc71459dbd3dad219cb9681964,2017-08-06 03:21:58,2018-02-19 21:09:50,2,197.74157407407407,180+ days
21bde4e982c4681021edabb899bcebfe,2017-11-25 13:47:05,2017-12-17 18:44:55,2,22.206828703703703,0 - 30 days
21c3cb2e65b7575d9e079f7be7987d3c,2017-10-18 16:53:02,2017-10-18 16:53:04,2,2.3148148148148147e-05,0 - 30 days
21c8aa0cb27943cbf33d75985e28da67,2017-10-09 19:29:20,2017-10-29 22:56:42,2,20.14400462962963,0 - 30 days
21d3f0a4bf0cccf65dcfe93b8325d250,2017-03-29 23:48:57,2017-05-22 23:38:44,2,53.99290509259259,31 - 90 days
21de770aa4f3a60388b97b416ad38343,2018-04-27 17:01:15,2018-05-01 10:31:57,2,3.729652777777778,0 - 30 days
21effa61d72771ba8315ab56ce7fb7ac,2018-01-11 11:23:09,2018-01-11 11:23:09,2,0.0,0 - 30 days
220bcdd6ae284ed1a273d99003fa8a0e,2017-12-31 08:03:40,2018-04-01 20:02:24,2,91.49912037037036,91 - 180 days
221ae88140600106a982acb69a0add50,2018-02-04 20:33:50,2018-03-13 11:52:46,2,36.63814814814815,31 - 90 days
221d59abddcd719f3ec72c50078b9e31,2018-01-11 17:48:39,2018-07-25 09:23:57,2,194.6495138888889,180+ days
2271b98c96ef2dbe4241cbbde7c8c12b,2017-12-10 09:22:54,2017-12-10 09:22:54,2,0.0,0 - 30 days
2280ecb8db2591c39d1c7d3e9caa115c,2017-06-29 12:50:15,2017-08-27 14:24:29,2,59.065439814814816,31 - 90 days
22ac8971f405f9520b3e7cf37e042ee7,2018-01-30 09:40:05,2018-08-13 13:54:00,2,195.1763310185185,180+ days
22c8d7801061f27eff57f37ac4ef10e1,2018-05-07 21:43:48,2018-05-07 21:43:49,2,1.1574074074074073e-05,0 - 30 days
22f6af8201369f9eb96592db3142b9c2,2017-12-13 12:02:03,2018-02-14 09:58:15,2,62.914027777777775,31 - 90 days
230a1e9f42924d41f37fd22a1d4a9707,2018-07-26 10:19:28,2018-08-30 15:11:58,3,35.203125,31 - 90 days
230b7f6050862e4d39911debaa3088ef,2018-04-19 08:57:33,2018-04-27 11:56:39,2,8.124375,0 - 30 days
231d36f5c4b238c26f449ffd98c79180,2018-05-03 19:31:30,2018-05-08 09:53:12,2,4.598402777777777,0 - 30 days
232007f7d8c26eb8d7daaacb46501783,2018-01-05 23:45:23,2018-01-05 23:45:24,2,1.1574074074074073e-05,0 - 30 days
23339103d82a054f9729b0554ce22e8c,2018-05-30 16:57:26,2018-06-16 11:58:28,3,16.792384259259258,0 - 30 days
233c8f191c45cef30af148a82ac70020,2017-06-21 22:15:53,2017-06-23 07:59:39,2,1.4053935185185185,0 - 30 days
23539ab2fa3d6e255f96114be5d2dbd3,2018-02-10 21:17:00,2018-02-10 21:17:00,2,0.0,0 - 30 days
23ae1bfb4297222c1b522172809a7ca1,2018-05-31 21:27:20,2018-05-31 21:27:20,2,0.0,0 - 30 days
23b2d37ef78f3c8dcb31f5eefc30190a,2017-08-28 15:31:00,2018-02-21 16:11:56,2,177.02842592592592,91 - 180 days
23c536b39a65168e3e34354b80b4ecf2,2017-09-14 01:35:12,2018-01-12 23:57:07,2,120.93188657407407,91 - 180 days
23dc3a062c6c097bcb3940a909e7730f,2017-03-14 02:01:32,2017-04-10 14:29:16,2,27.519259259259258,0 - 30 days
24072811917876a84c81166f96aed0c1,2017-01-11 23:32:55,2018-06-06 21:11:57,2,510.9021064814815,180+ days
240f980f7c03e873c538e86792646919,2018-07-09 20:46:54,2018-08-07 20:49:21,2,29.00170138888889,0 - 30 days
2410195f6521688005612363835a2671,2017-09-06 21:55:50,2017-09-06 22:07:43,2,0.008252314814814815,0 - 30 days
24115a0c9fc9115c586e54fd5f42e8d1,2017-09-01 11:06:32,2018-01-08 15:05:57,2,129.16626157407407,91 - 180 days
24259224caf748993c177ebf964c2e6e,2017-12-07 11:33:55,2018-01-15 22:57:58,2,39.47503472222222,31 - 90 days
24391449252cf6db04ce271b2a208d83,2018-02-25 23:23:54,2018-04-17 23:29:11,2,51.00366898148148,31 - 90 days
243b99bd9ed8a3f460e7289d0a8df291,2017-12-19 09:58:40,2018-06-17 12:33:48,2,180.1077314814815,180+ days
246ef4748f64c4e716b4356d570967a1,2018-06-05 23:30:25,2018-06-05 23:41:55,2,0.00798611111111111,0 - 30 days
247e0dcd20596bee51bd2b07f633fa04,2017-11-08 00:35:46,2018-01-13 09:52:49,2,66.38684027777778,31 - 90 days
24cad6db9c734bd4f0edc6a314735880,2017-09-09 11:45:33,2017-09-09 11:45:33,2,0.0,0 - 30 days
24d27f115e367d9129a0e7a7a5d36866,2017-10-29 22:02:15,2017-11-15 10:41:52,2,16.527511574074072,0 - 30 days
24d9e83fe11e4390b69e1afb2b93f5ee,2017-10-09 18:25:04,2018-01-05 17:40:45,2,87.96922453703704,31 - 90 days
24fb2954f8c6cdb4b900ed8db6dc88e2,2017-06-01 07:48:03,2017-11-25 09:14:23,2,177.0599537037037,91 - 180 days
24fc2d6f4c3339820a1a3746a125f8c5,2017-11-22 07:54:51,2017-11-22 14:45:54,2,0.2854513888888889,0 - 30 days
2516f43838c4892e066fec28143efa64,2018-02-10 20:40:34,2018-02-11 15:26:46,2,0.7820833333333334,0 - 30 days
251e658613a224723f8a077946183b20,2017-11-08 12:36:23,2017-11-19 20:06:12,2,11.312372685185185,0 - 30 days
25314849bf706df0e00da89ccff9bdc3,2018-07-21 21:41:25,2018-07-21 21:41:25,2,0.0,0 - 30 days
255ac312f5ceb97163ec60f0db2eee11,2017-10-23 20:15:04,2017-12-05 16:47:25,2,42.85579861111111,31 - 90 days
256b3e7a939dddf3e40608cac69e88c7,2017-04-19 14:24:05,2017-04-19 14:24:06,2,1.1574074074074073e-05,0 - 30 days
2571f41727577645737ff6b834e9043b,2018-07-18 09:01:50,2018-07-18 09:11:35,2,0.0067708333333333336,0 - 30 days
257a0a891aa05c945617ad8f097645bd,2018-01-06 03:39:33,2018-01-06 05:15:19,2,0.06650462962962964,0 - 30 days
2587f2fbf466ff9e409952f2feba0005,2018-08-10 00:58:28,2018-08-21 01:30:48,2,11.022453703703704,0 - 30 days
25a1ad8a564d758f233c587cc657aa4b,2017-08-10 08:45:05,2018-05-14 09:41:30,2,277.03917824074074,180+ days
25a560b9a6006157838aab1bdbd68624,2017-04-08 05:48:47,2017-04-08 05:57:27,4,0.0060185185185185185,0 - 30 days
25bd804c580bc1ee0c93d073fae09a84,2017-11-25 04:31:42,2017-12-21 04:47:03,2,26.010659722222222,0 - 30 days
25c88b7eff936d6a6fed64142b760035,2018-07-17 17:11:48,2018-07-17 17:16:25,2,0.0032060185185185186,0 - 30 days
25cac425f64ae1b78c60c2afae3ec384,2018-01-16 23:21:40,2018-01-16 23:21:40,2,0.0,0 - 30 days
25f24493ded5ebebc26a69b5db344e35,2017-11-12 20:19:55,2018-02-25 21:24:36,2,105.04491898148149,91 - 180 days
25f3cf83109f636d52d288fa4e797111,2018-02-25 21:01:07,2018-02-25 21:01:07,3,0.0,0 - 30 days
262e1f1e26e92e86375f86840b4ffd63,2018-06-11 16:51:47,2018-10-16 20:16:02,2,127.14184027777777,91 - 180 days
2642f11f7c5588a63213b5e67e8ad0a7,2018-07-30 19:39:13,2018-08-04 15:45:19,2,4.837569444444444,0 - 30 days
26a6e3e036636ef1d5636f98b66094cc,2018-01-16 20:56:48,2018-06-09 09:06:45,3,143.50690972222222,91 - 180 days
26a9b95058d46f1e6a685688355a1cdb,2018-05-16 17:20:08,2018-05-16 17:25:17,2,0.003576388888888889,0 - 30 days
26ca20ff263502c115769540069e351f,2017-10-23 19:56:28,2017-10-23 19:56:29,2,1.1574074074074073e-05,0 - 30 days
26d1b63e9b8478f84f87188c4877049e,2017-07-06 15:03:51,2017-08-08 10:40:16,2,32.81695601851852,31 - 90 days
26e025af2347c3968f6a578f853a9da2,2017-10-03 14:05:27,2018-05-14 17:21:01,2,223.1358101851852,180+ days
26f06401a5374fd3d26b6eed06af675f,2018-03-08 22:19:41,2018-03-08 22:19:42,2,1.1574074074074073e-05,0 - 30 days
2708339a3f5355f56983737d54fbce59,2018-01-14 20:36:47,2018-01-14 20:36:48,2,1.1574074074074073e-05,0 - 30 days
270c0ad2a232e4a10be51000bc69eb03,2018-06-30 09:51:07,2018-08-16 08:20:09,2,46.9368287037037,31 - 90 days
271d3cdd872021b1b6669ad93e8b856b,2018-02-13 16:36:56,2018-02-13 16:36:56,2,0.0,0 - 30 days
27259fad9054fce994a70f1d117bc402,2017-03-28 19:34:19,2017-11-24 23:36:43,2,241.16833333333332,180+ days
272f0ffe236b0bf765e14f5a2b577a6b,2018-02-01 09:43:51,2018-08-02 12:05:59,2,182.0987037037037,180+ days
27517ed34c0406fe07b3a806e33cbc10,2017-10-02 19:14:28,2017-10-17 00:34:56,2,14.222546296296295,0 - 30 days
2767f1bba0529fe3f48378c05ea40f0f,2017-06-29 13:40:49,2018-04-05 11:23:16,2,279.90447916666665,180+ days
27d59fe7ff2ed894f826fd4a7e5466ea,2017-12-30 18:04:46,2018-03-08 23:18:44,2,68.2180324074074,31 - 90 days
27e86d2ae0db33b8d242c9251067d97e,2017-04-21 22:01:50,2017-07-14 22:39:12,2,84.02594907407408,31 - 90 days
27eecff5a6338f7c36c78ad05eacc575,2018-08-06 16:49:12,2018-08-16 16:05:01,2,9.96931712962963,0 - 30 days
280c34dc057ff9f3cd17360673d4b87c,2017-09-25 22:52:48,2018-01-16 20:28:07,2,112.89952546296297,91 - 180 days
281e1e72207e518c29b249a1361a775d,2017-05-08 11:59:25,2017-07-27 22:41:07,2,80.445625,31 - 90 days
282d49fddab8e95a8673a2a90072cf5c,2017-06-04 18:45:18,2018-06-30 00:01:53,2,390.219849537037,180+ days
282dc4abbf2759fb9bb77217f5cd6c4c,2017-07-19 18:10:05,2017-12-05 23:31:12,2,139.2229976851852,91 - 180 days
2844216d0982f6ced6f8cb8c2ede4136,2017-07-04 18:51:24,2017-07-04 18:51:25,2,1.1574074074074073e-05,0 - 30 days
286d8f01f94a8061cef05c7c49efd8a9,2017-11-06 18:21:33,2018-01-21 08:17:29,2,75.58050925925926,31 - 90 days
2878289928927b75d078057c8d91405f,2017-03-11 21:55:28,2018-01-08 17:37:09,2,302.8206134259259,180+ days
28989ef45087c96e5a4346e88216c2ba,2017-01-21 19:46:22,2017-01-21 19:46:23,2,1.1574074074074073e-05,0 - 30 days
289dcfbdf9ce2f94565a76800eb71157,2017-11-16 22:02:48,2017-11-16 22:02:48,2,0.0,0 - 30 days
28ad66c8baf13c85d2a936d0b06e73f6,2017-04-03 12:43:06,2017-12-25 20:54:32,2,266.34127314814816,180+ days
28aea3e12549a3611bbd8d4e3310e4fa,2018-05-22 11:29:21,2018-06-06 13:05:39,2,15.066875,0 - 30 days
28b506334071b7dfadd7bd023d9115c4,2018-02-13 15:58:32,2018-02-13 15:58:33,2,1.1574074074074073e-05,0 - 30 days
28c7e3fb75d7ce1e496dc539443b71da,2017-07-28 09:35:08,2017-07-28 09:35:08,2,0.0,0 - 30 days
28cfa4471fab15695744e57ce3036694,2018-01-28 15:08:21,2018-01-28 15:08:22,2,1.1574074074074073e-05,0 - 30 days
28da99e178f274876e3052c1740c6c87,2017-08-11 20:05:11,2017-08-31 10:21:58,2,19.594988425925926,0 - 30 days
28dd1607a5e16ed5458919c2afca6476,2018-02-23 13:56:36,2018-02-23 13:56:37,2,1.1574074074074073e-05,0 - 30 days
291d020953194db1b8578ff8d9959c62,2018-04-16 14:12:17,2018-06-03 16:18:39,2,48.08775462962963,31 - 90 days
2947c03745112e23dced5a2ab3f8c568,2018-03-05 15:32:14,2018-03-05 15:32:16,2,2.3148148148148147e-05,0 - 30 days
294e0922aa06792eea5094656727c0bd,2017-05-03 19:41:22,2017-05-20 15:56:32,2,16.84386574074074,0 - 30 days
295c05e81917928d76245e842748184d,2018-03-07 15:57:14,2018-06-06 11:59:53,2,90.83517361111112,91 - 180 days
297ec5afd18366f5ba27520cc4954151,2018-02-16 13:30:10,2018-04-18 08:57:18,3,60.81050925925926,31 - 90 days
298c3e1a698283a45f1c94df3942bb3b,2018-03-03 19:39:54,2018-03-28 20:52:11,2,25.050196759259258,0 - 30 days
29ae9e23943929ef3f3951a883462955,2018-03-09 10:42:40,2018-04-20 14:28:20,2,42.15671296296296,31 - 90 days
29d72fba272ad06ed0b2ac6351da042f,2018-02-06 11:21:33,2018-05-22 09:20:02,2,104.91561342592593,91 - 180 days
29dc4aeff866d6a940c471a3ea4faef0,2017-05-01 16:12:39,2017-05-02 12:02:54,2,0.8265625,0 - 30 days
29f8e372b3b1d42ad2e00a0b976bfc34,2017-08-16 10:40:51,2018-04-30 17:22:01,2,257.27858796296294,180+ days
2a17d0a71f5910d7207819f9ca9ec12b,2017-12-26 12:34:34,2018-08-04 11:45:44,2,220.96608796296297,180+ days
2a34af7c4b1b83d78b14cf6b9c32c3b9,2017-11-08 02:07:46,2018-03-25 18:27:38,2,137.68046296296296,91 - 180 days
2a36404701b15c414647a2ec2102baba,2017-10-17 11:19:07,2018-07-09 19:46:18,2,265.3522106481482,180+ days
2a3d4df1de5c9feee497328298916d41,2017-11-29 10:23:22,2017-12-28 16:42:46,2,29.263472222222223,0 - 30 days
2a3f4536e732a04cfad59b6e50c2e925,2017-09-13 13:21:38,2017-11-11 13:02:47,2,58.98690972222222,31 - 90 days
2a532e879c1278727d9d7001890cd333,2018-01-24 11:18:04,2018-01-24 11:18:06,2,2.3148148148148147e-05,0 - 30 days
2a7f837de6a1999e457b8e3c5619156f,2018-03-27 13:54:14,2018-08-01 13:43:51,2,126.99278935185185,91 - 180 days
2aba7239448982a76a0a79666419e3a3,2018-01-20 17:53:36,2018-01-20 17:53:37,2,1.1574074074074073e-05,0 - 30 days
2ac4312997e09e6770fd4c3d52adf77a,2018-01-04 00:48:26,2018-01-08 23:22:26,2,4.940277777777778,0 - 30 days
2ac6f6d09c75bb721defa2eb7a4f52a1,2017-09-11 19:20:33,2017-10-31 00:48:08,2,49.22748842592593,31 - 90 days
2ae3c67452283d5a0d30b32e0d33296e,2017-12-22 00:17:37,2018-01-28 00:12:00,2,36.99609953703704,31 - 90 days
2ae6a57dcdd2f1424598fc480cbf698a,2018-02-17 21:06:22,2018-02-18 12:40:55,2,0.6489930555555555,0 - 30 days
2b0d2a4ffe3906cd18019c2463cfeee9,2018-06-12 13:07:34,2018-07-03 23:40:16,2,21.439375,0 - 30 days
2b100d3737ff053e5003640064ee6ad8,2017-10-25 18:46:35,2017-10-25 18:46:38,2,3.472222222222222e-05,0 - 30 days
2b161eaf4956b131691842e87b3c39c7,2018-02-27 11:11:21,2018-02-27 11:11:22,3,1.1574074074074073e-05,0 - 30 days
2b174670dbec666bbc68b6e2a4062740,2017-05-07 21:33:37,2017-07-10 13:26:40,2,63.66184027777778,31 - 90 days
2b19910e856b2ba3e7257e63a093a3df,2017-09-25 22:41:26,2017-09-26 10:24:26,2,0.48819444444444443,0 - 30 days
2b4871f788b44ee004ec2c7fc7cd420b,2017-07-18 12:01:07,2017-10-31 12:02:07,2,105.00069444444445,91 - 180 days
2b4efa2bb0d9e62ee5e197cacd93c0d6,2017-09-17 14:12:52,2018-01-28 15:09:08,2,133.03907407407408,91 - 180 days
2b5c14b7e1a3d88ff7e0c46e15851f5f,2017-07-17 16:14:02,2017-07-17 16:14:02,2,0.0,0 - 30 days
2b5ffb4c42d26e466ad575ecce365aa2,2017-03-13 16:32:40,2018-04-13 09:32:23,2,395.70813657407405,180+ days
2b6ce149982204423f4efac29701255a,2017-09-11 17:47:24,2018-01-07 20:09:08,2,118.09842592592592,91 - 180 days
2b775b75afa0be08220fb73a7e68df3b,2017-06-23 21:39:52,2017-10-30 19:25:26,2,128.9066435185185,91 - 180 days
2b952792a20f6076f6e7a9c6a27ade02,2017-06-05 15:09:50,2017-11-25 00:23:00,2,172.38414351851853,91 - 180 days
2b9bd15bf8e54b231c518790c55e5f92,2018-04-30 18:56:27,2018-06-12 12:25:15,2,42.72833333333333,31 - 90 days
2bd9d2f3cc5d99b1b3d9ff5acd81bd5e,2017-05-16 20:51:52,2017-11-06 20:30:25,2,173.98510416666667,91 - 180 days
2be5dce8b491a7bc6a65d6e91bf49812,2017-12-09 11:43:51,2018-08-24 10:16:19,2,257.939212962963,180+ days
2c14db46aee6245ff5a01f7f69544f73,2018-04-01 11:30:07,2018-04-02 14:08:53,2,1.1102546296296296,0 - 30 days
2c3ed77b92cba1f5622b5ccaa1792b8b,2018-01-03 10:43:02,2018-01-27 17:01:16,2,24.262662037037035,0 - 30 days
2c45ab66a3dae52960147e76a35740ff,2017-12-18 12:06:57,2018-08-02 12:05:57,2,226.99930555555557,180+ days
2c6a91479a7dc00d8c9d650d8dee88ca,2017-11-06 21:44:01,2018-01-16 21:39:46,2,70.99704861111111,31 - 90 days
2c961ee955abb3ac9a80babd54ed4156,2018-01-20 20:47:34,2018-01-27 12:04:16,2,6.636597222222222,0 - 30 days
2ca8ef8560c5cd0f9ddb65d1b1b51380,2017-12-09 17:59:47,2017-12-09 17:59:48,2,1.1574074074074073e-05,0 - 30 days
2ccc5d0620e07e3b54b83848c31a08fa,2018-02-22 19:14:40,2018-03-16 19:39:14,2,22.017060185185183,0 - 30 days
2cf396c9e24e7627ff042cccb209b9e6,2017-08-10 18:16:59,2017-09-18 23:34:58,2,39.22082175925926,31 - 90 days
2cff422ea56f68a1e1bdce4371b88d66,2018-05-11 09:09:56,2018-05-22 09:55:20,2,11.031527777777777,0 - 30 days
2d0aa39055b967248bf551e220b55f59,2018-02-26 18:18:57,2018-02-26 18:18:58,2,1.1574074074074073e-05,0 - 30 days
2d14556024f4bbe01f147576097c42fe,2018-01-09 20:58:34,2018-08-05 21:41:29,2,208.02980324074073,180+ days
2d49eaf79111ff286fe657aadbed5a28,2017-07-22 15:14:36,2018-05-07 07:17:20,2,288.66856481481483,180+ days
2d5e5796e7901464c00407e69739c6db,2017-06-19 02:15:55,2018-06-04 09:15:35,2,350.2914351851852,180+ days
2d7a88002fb4c6073fbef4f59707a0e0,2017-01-19 15:21:44,2017-01-19 15:21:44,2,0.0,0 - 30 days
2d7c6bd64b139f0f40968dd19c629532,2017-07-23 02:05:55,2017-08-01 13:29:51,2,9.474953703703704,0 - 30 days
2dacd79aa5d1a86240b37b6c588de551,2018-02-28 16:07:09,2018-02-28 16:07:14,2,5.787037037037037e-05,0 - 30 days
2dc7f51f05ba1b1a92608e45e55d1fe1,2017-03-01 20:57:25,2017-12-21 20:04:26,2,294.9632060185185,180+ days
2dcbfb99d95c7ba6eb992a98627f45b8,2017-11-28 01:16:27,2017-12-03 20:37:09,2,5.806041666666666,0 - 30 days
2dd7f52683f631651a5d94056935e1e1,2018-02-07 11:48:20,2018-02-12 20:16:39,2,5.352997685185185,0 - 30 days
2ddaeeb8948d70423c3326843412fccf,2018-06-15 15:13:15,2018-06-22 09:29:37,2,6.76136574074074,0 - 30 days
2ddc001b620bd90d0f4378cfde1db887,2017-09-30 07:44:48,2017-10-26 20:36:07,4,26.535636574074076,0 - 30 days
2ddd50b61ee4a82b40033feecac1f863,2017-10-16 12:21:07,2017-10-16 12:21:07,2,0.0,0 - 30 days
2e08911037fe7ec67377711eee1fdbf3,2017-11-26 21:51:50,2018-03-01 18:15:16,2,94.84960648148149,91 - 180 days
2e0a2166aa23da2472c6a60c4af6f7a6,2017-02-19 01:28:47,2017-10-29 10:19:49,2,252.36877314814814,180+ days
2e366b0c6451864364bab2e7917ca1bb,2017-05-29 06:21:19,2017-05-31 06:32:49,2,2.0079861111111112,0 - 30 days
2e43e031f10de28e557c35ef668f9396,2017-01-26 13:15:41,2017-01-26 13:15:41,3,0.0,0 - 30 days
2e49a3bbeb76297ee0ff49df39c2456c,2017-04-21 11:10:32,2018-08-19 15:43:09,2,485.1893171296296,180+ days
2e7c511f54e9d94776c606007d672a22,2018-04-09 12:55:25,2018-04-10 18:28:31,2,1.2313194444444444,0 - 30 days
2e9399fc2fe209771a6f719e14bdb6fe,2017-11-24 17:38:56,2017-11-25 00:16:56,2,0.2763888888888889,0 - 30 days
2ef9e79cf6bf3c0dac3b48c8dd46259e,2018-03-21 12:08:41,2018-05-01 15:09:52,2,41.12582175925926,31 - 90 days
2f118e666b41b76a61d8cdbbc19f7735,2017-11-06 12:34:27,2018-06-30 16:52:04,2,236.17890046296296,180+ days
2f1ae2ed6bbc4661d04c271560570c54,2017-12-02 11:07:58,2018-03-31 16:43:35,2,119.23306712962963,91 - 180 days
2f293b442348c20d12aa4537bd3d7234,2018-04-19 19:34:08,2018-05-22 20:14:54,2,33.028310185185184,31 - 90 days
2f2f4b5a5700a5b108e6da7f0f5f5bb3,2018-04-27 12:59:22,2018-06-07 22:42:55,2,41.40524305555556,31 - 90 days
2f41863e0922b8d1fbb756691b5c315b,2017-04-06 20:24:10,2017-04-06 20:24:10,2,0.0,0 - 30 days
2f679a526d3b619beccc26a3d1435de4,2017-11-15 15:26:40,2017-12-03 00:00:10,2,17.356597222222224,0 - 30 days
2f7c8c8386941ce0ef458ca7ff304123,2017-07-13 12:17:56,2017-08-19 20:46:24,2,37.353101851851854,31 - 90 days
2f87ccd8d2d676d667a844ee5c6a17bd,2017-09-22 07:54:26,2018-01-17 15:54:43,2,117.3335300925926,91 - 180 days
2fa63db193ecb500d4058cae36026f8f,2018-04-15 11:15:37,2018-04-23 21:25:00,2,8.42318287037037,0 - 30 days
2fb6dae4fb3a2f917940978144362cd2,2017-10-03 17:10:52,2018-04-15 14:27:23,2,193.88646990740742,180+ days
2fc5e667ccf2a1c87a798be23f1c920a,2017-11-04 14:02:54,2017-11-04 14:02:54,2,0.0,0 - 30 days
2fd07dc5dbae616986e00fb72e7a779b,2018-04-26 20:11:31,2018-05-06 15:46:21,2,9.81585648148148,0 - 30 days
2fe074ea3cc24b8fd57d29effc995f8b,2017-04-15 14:40:01,2017-12-01 07:15:07,2,229.69104166666668,180+ days
2ff1b818fb048c44dc6629f013cceae6,2017-08-04 15:17:18,2017-08-04 15:17:18,2,0.0,0 - 30 days
301a6d74a3eb7cd8e3508a045b8fa2e1,2017-08-13 20:23:26,2017-08-23 16:22:05,2,9.832395833333333,0 - 30 days
30a81e307f19e822e7199139fe52b1b0,2017-10-23 11:49:48,2017-11-01 08:58:39,3,8.881145833333333,0 - 30 days
30b782a79466007756f170cb5bd6bbd8,2017-02-20 19:58:47,2018-07-14 23:50:02,3,509.16059027777777,180+ days
30d2d6693d77801c2bcdfafbba202462,2018-02-22 21:58:40,2018-03-12 19:24:17,2,17.892789351851853,0 - 30 days
310647380793836bfa5b7b6b3f518423,2017-04-18 09:46:40,2017-08-25 08:58:52,3,128.96680555555557,91 - 180 days
3110339155d740dc64b31e1666952100,2017-06-07 14:10:15,2017-06-07 14:10:15,2,0.0,0 - 30 days
313febe2adc914a7cb3f6e903f8e13cf,2017-05-17 16:08:55,2018-08-13 13:03:17,2,452.871087962963,180+ days
314259ece6a9207c6fc02d925fc996b9,2018-02-25 10:19:47,2018-03-20 09:24:44,2,22.961770833333333,0 - 30 days
3158fc4f60ca92412de397461b64cee3,2018-08-21 14:30:46,2018-08-30 10:14:00,2,8.821689814814814,0 - 30 days
3170ebd8b32a5e2102c9d75e0a7f6d74,2017-08-21 12:44:35,2017-08-25 11:16:05,2,3.9385416666666666,0 - 30 days
317f563ca3576550955f39a346b15be5,2018-01-23 23:24:25,2018-02-20 21:00:39,2,27.90016203703704,0 - 30 days
318b8659483e12e9cbe1e6550d97f9d9,2017-02-09 12:53:13,2017-03-01 12:54:25,2,20.000833333333333,0 - 30 days
319aed7fd576c317a96b55a991befb3e,2018-03-06 11:20:35,2018-03-24 09:43:16,2,17.932418981481483,0 - 30 days
31aa2034dc4b34b06487e22a53b4a07a,2017-09-14 00:40:08,2017-09-29 18:39:14,2,15.749375,0 - 30 days
31bfa97f1ea0663a50ebc5c811ebdf4d,2017-10-10 16:06:13,2017-11-02 19:29:31,2,23.141180555555554,0 - 30 days
31d332d20895c5c0baefe55207a0fead,2017-05-14 21:56:13,2018-04-19 01:09:37,3,339.13430555555556,180+ days
31d4b05ef830a7347b8f43640eb6511e,2017-02-22 21:56:02,2017-02-22 21:56:03,2,1.1574074074074073e-05,0 - 30 days
31d958dffbf0b744375b5ff0393e6fb3,2017-05-16 07:31:37,2017-09-20 06:27:32,2,126.95549768518518,91 - 180 days
31e0eb64c5eb715aab04433200ea4ed5,2017-09-11 01:41:38,2017-09-20 13:05:16,2,9.474745370370371,0 - 30 days
31e2e13cc64f2a3bd9dbde22bbad06b2,2018-01-23 18:48:49,2018-01-25 01:39:13,2,1.285,0 - 30 days
31f49e069c399db9c3a0bdf8653e4e8f,2017-09-08 16:38:15,2017-09-08 16:38:17,2,2.3148148148148147e-05,0 - 30 days
320e13a9e22b4e4cda8c17ed1c140ce0,2017-11-27 13:42:45,2017-11-28 13:09:13,3,0.976712962962963,0 - 30 days
322740034480eb5fe9d14398aee49d4b,2018-04-04 19:07:44,2018-04-04 19:07:44,2,0.0,0 - 30 days
323f8f14acb90e50f86f1885b6b53c6d,2017-01-30 14:19:22,2017-01-30 14:19:23,2,1.1574074074074073e-05,0 - 30 days
323ff9fd6b4a3edcdf3039e1fb213eb6,2017-11-23 13:48:47,2018-07-05 09:39:44,2,223.8270486111111,180+ days
32539c368b3b9fa70283a7bce0f23909,2018-02-21 18:14:58,2018-02-21 18:14:59,2,1.1574074074074073e-05,0 - 30 days
325e19085f3017b73be3d9fd98a93301,2017-01-19 17:17:28,2017-01-31 12:01:46,2,11.780763888888888,0 - 30 days
326489271c23dd3128b4480220e5232a,2018-04-24 22:12:17,2018-05-15 21:10:13,2,20.95689814814815,0 - 30 days
3279712e1ea8d52462488b4fb9dd7014,2018-05-09 12:45:54,2018-05-18 22:32:01,2,9.407025462962963,0 - 30 days
327a01a6885ecfda06a3d5c50fb515c3,2017-08-17 07:40:30,2018-05-03 14:00:59,2,259.264224537037,180+ days
32b3af6c5548b794f1924e7dc83f9e00,2018-07-19 23:11:08,2018-07-19 23:13:29,2,0.0016319444444444445,0 - 30 days
32c3312cd5a2dddfdcbd359694cd7ae8,2017-07-28 06:22:12,2017-12-23 22:16:16,2,148.66254629629628,91 - 180 days
32cbbf7b9770feb67a514300686f5485,2018-02-08 20:09:44,2018-02-08 20:09:44,2,0.0,0 - 30 days
32e93651fbc6d641cffdc40c50d982a3,2017-03-27 19:10:46,2017-03-27 19:10:47,2,1.1574074074074073e-05,0 - 30 days
32ea3bdedab835c3aa6cb68ce66565ef,2016-10-03 09:44:50,2017-09-27 08:20:09,3,358.94119212962966,180+ days
32fb60e2ce6a1f62eeccbc2d33046072,2018-07-21 04:52:51,2018-08-06 12:40:45,2,16.324930555555557,0 - 30 days
330fdaa06f93c0c6ffb4af7d79c1ef12,2017-08-28 20:15:12,2018-06-20 18:53:42,2,295.9434027777778,180+ days
33176de67c05eeed870fd49f234387a0,2018-02-22 09:03:57,2018-02-22 09:03:59,3,2.3148148148148147e-05,0 - 30 days
33416ee3d4fa56400ec814d7b24bde02,2018-01-23 11:21:49,2018-05-09 23:51:53,2,106.52087962962963,91 - 180 days
334293c291f43a6aa85020f8597a171f,2017-07-31 15:37:43,2017-10-06 08:55:04,2,66.72038194444444,31 - 90 days
334d0235ca6f2f09dd55804a26efe952,2018-04-11 14:15:32,2018-06-05 21:12:32,2,55.28958333333333,31 - 90 days
335be0ca4b7aa8578e364a76efd4da52,2017-06-19 21:27:05,2017-06-19 21:27:05,2,0.0,0 - 30 days
336421b86cc4259a58106da261e0e000,2017-03-02 15:22:55,2017-05-09 15:29:51,2,68.00481481481482,31 - 90 days
339c527109c4c03e8e09bd4b593dab5f,2017-03-27 08:24:53,2017-09-27 13:45:14,2,184.2224652777778,180+ days
33aa371b7512b6a9fede4f231e212226,2017-07-30 23:36:20,2017-09-16 23:26:17,2,47.99302083333333,31 - 90 days
33aca86429de0f71ff7118b93bb09712,2017-10-12 13:14:36,2017-12-11 23:21:10,2,60.42122685185185,31 - 90 days
33b141e373b4f251b033f9ed33d6974d,2017-10-11 17:31:49,2018-04-30 10:59:11,2,200.72733796296296,180+ days
33b239671c1c878914ed922a0dacd607,2017-06-06 18:20:09,2017-06-06 21:33:06,2,0.13399305555555555,0 - 30 days
340d924858c395848c127b3e772b6bfd,2017-06-29 22:25:28,2018-03-01 12:56:40,2,244.605,180+ days
3442a61b2d5bfd9d605d6943701ad650,2018-03-11 19:07:43,2018-03-26 07:03:11,2,14.496851851851853,0 - 30 days
3443f8095ad309eebbdc8caa8b2bf936,2017-06-08 19:50:58,2017-06-13 11:13:23,2,4.64056712962963,0 - 30 days
345759b8cb3d30586551de1ca6905df0,2017-07-20 14:56:52,2018-07-03 18:36:57,2,348.15283564814814,180+ days
345817899c325d8b41c9e88011a8ab43,2017-07-11 19:43:37,2018-03-14 21:15:35,2,246.06386574074074,180+ days
346534c8088852932d947f4b8fea3959,2017-06-07 11:47:43,2017-07-26 15:04:07,2,49.13638888888889,31 - 90 days
346fce1712054d4339be023a27c38f13,2018-02-26 15:59:27,2018-02-26 15:59:29,2,2.3148148148148147e-05,0 - 30 days
34b0cd95480e55c2a701293a2b9671b3,2018-04-25 07:26:29,2018-08-13 12:22:49,3,110.20578703703704,91 - 180 days
34fbeb535f3ba8b34bb0f919b0ad36bb,2018-02-18 09:36:01,2018-02-18 09:36:02,2,1.1574074074074073e-05,0 - 30 days
3504bea0c72ad9e945b63f889702d2d4,2017-05-30 11:57:07,2017-12-19 15:16:07,2,203.13819444444445,180+ days
3511aa3ff5fb9645041bf1875415142d,2018-07-02 16:53:10,2018-07-28 10:25:00,2,25.730439814814815,0 - 30 days
354004e1432bff6f9008ce0a5afd732a,2017-09-06 19:21:53,2017-09-10 17:39:52,2,3.9291550925925924,0 - 30 days
355ae139c8a163fb77c065a2d1403ed9,2017-04-13 15:22:33,2017-05-09 14:38:00,2,25.9690625,0 - 30 days
3578707d5fbfaaad05a3862a179bf76d,2018-01-29 10:14:09,2018-01-29 10:14:11,2,2.3148148148148147e-05,0 - 30 days
35825208c1a9b2d7cccd2eee08d8cbc6,2018-02-24 20:29:18,2018-02-24 20:29:18,2,0.0,0 - 30 days
359bacb2b5c52b4287667a7bc6c7bc63,2017-04-17 09:16:55,2017-05-15 17:13:19,2,28.330833333333334,0 - 30 days
35b45b906d1450b3540dc96692f58583,2017-06-10 18:08:15,2018-06-28 12:43:39,2,382.77458333333334,180+ days
35c62cb24d4c38a9d121fed1a43b2237,2018-07-30 16:45:12,2018-08-24 12:41:33,2,24.83079861111111,0 - 30 days
35de25c73544f00e8adde226a4d1bdcc,2017-05-21 12:02:55,2017-10-01 11:46:49,2,132.98881944444443,91 - 180 days
35e146c985a9cf989c91edb4c0c156fa,2017-01-15 17:58:42,2017-01-15 17:58:43,2,1.1574074074074073e-05,0 - 30 days
35e9d2caa31b87cc3d1ad10d72271140,2017-06-29 13:29:11,2017-07-11 07:53:49,2,11.767106481481482,0 - 30 days
35ecdf6858edc6427223b64804cf028e,2017-08-05 14:55:19,2017-08-05 14:55:19,5,0.0,0 - 30 days
362928c8cd61df2e6951751dffb4be85,2017-10-24 23:15:14,2017-10-24 23:15:14,2,0.0,0 - 30 days
3633902a0addd1ffc74cbc13d96da288,2018-06-19 08:56:08,2018-07-21 16:11:57,2,32.302650462962966,31 - 90 days
36445bb429c8bb13c3f8cd6794723647,2017-05-14 22:46:43,2017-05-16 17:33:46,2,1.782673611111111,0 - 30 days
3648f9e5f51f679ed24deff1f031a093,2017-11-11 19:20:10,2017-12-07 09:32:16,2,25.59173611111111,0 - 30 days
3660e33bc132658a08c234cc82e6d0cc,2018-01-09 09:51:35,2018-01-09 09:51:36,2,1.1574074074074073e-05,0 - 30 days
367f4686d7112d69feed92b02a1775ed,2017-05-19 18:13:52,2017-05-19 18:13:54,2,2.3148148148148147e-05,0 - 30 days
36be413fe0f4a74eee7b764e758730ed,2017-12-01 17:53:35,2017-12-01 17:53:36,2,1.1574074074074073e-05,0 - 30 days
36cfec707344b75d20e6c7ef583c3b8c,2017-11-26 21:12:01,2018-05-20 22:55:19,2,175.0717361111111,91 - 180 days
370cd3b09ea745fe047fd11db7430441,2017-11-27 22:36:13,2017-11-27 22:36:14,2,1.1574074074074073e-05,0 - 30 days
3724bfc68569cc4df876284536b8add9,2017-05-20 14:17:44,2017-08-28 17:01:46,2,100.11391203703704,91 - 180 days
3725c5b8c1cf5ee69158f66922a862c4,2018-02-25 14:01:00,2018-08-19 12:51:50,2,174.95196759259258,91 - 180 days
37266d5c6bf5cb0700372d16599a9b21,2017-10-08 21:38:21,2018-06-17 23:51:02,2,252.0921412037037,180+ days
372b41e8faa2819e0b6346b16cdf402b,2018-06-19 13:55:57,2018-07-25 15:19:48,2,36.05822916666666,31 - 90 days
374fcbbfcf189ae177b2f955f9e74b3d,2017-06-22 15:16:23,2018-05-22 20:25:50,2,334.21489583333334,180+ days
37545efd489b0b7c9aa20690f344271d,2017-09-18 00:28:51,2017-09-18 00:28:52,2,1.1574074074074073e-05,0 - 30 days
37669671d35808111ab0d229e546221f,2018-04-13 14:37:55,2018-04-27 14:27:13,2,13.992569444444445,0 - 30 days
377860a7242c2e503c926b76ab6e0a65,2017-05-24 17:19:22,2018-01-08 22:15:07,2,229.20538194444444,180+ days
378c06babf08c70f32e748ac24ea33e0,2018-01-16 00:16:06,2018-01-16 00:16:07,2,1.1574074074074073e-05,0 - 30 days
3797de5ad80619a55a3c0a8a034f5ae6,2018-01-05 18:37:18,2018-01-22 18:14:24,2,16.98409722222222,0 - 30 days
379a5698aeca26ff55abca9bc7fcaa4f,2017-11-24 22:10:32,2018-02-28 22:10:48,2,96.00018518518519,91 - 180 days
37cc3e75e39bb11d75a1982ac0d07c17,2017-02-03 23:26:40,2017-02-24 15:46:49,2,20.680659722222224,0 - 30 days
37d0b647301742b1b17d627e4c10aeae,2017-12-05 19:03:13,2017-12-05 19:03:15,2,2.3148148148148147e-05,0 - 30 days
37d2d1ac62901f9a36cff32ca86c9337,2017-11-26 12:50:56,2018-01-24 21:57:44,2,59.37972222222222,31 - 90 days
37f2527bb624e379f72a742154fdb762,2018-05-11 09:34:26,2018-05-28 15:37:54,2,17.252407407407407,0 - 30 days
37f8e7062a53c1a0fca4f59f4c6b1429,2017-03-30 11:59:33,2017-10-16 19:39:16,2,200.3192476851852,180+ days
382ad79426068e4ba6ed73491d4441cb,2017-06-04 12:09:58,2017-06-04 12:09:59,2,1.1574074074074073e-05,0 - 30 days
384d6654ad80e9f1426b7a4ef9e40997,2018-03-20 17:23:39,2018-03-20 17:23:39,2,0.0,0 - 30 days
3871b0ab0166a2f441fa762f5206cacc,2017-06-18 15:57:48,2017-09-10 22:33:41,2,84.27491898148148,31 - 90 days
387b38ebe598313ef56ef3df19b192af,2018-03-16 09:38:56,2018-07-24 09:01:09,2,129.97376157407408,91 - 180 days
388661387449408a9ab88ea55c9f1a0f,2017-08-02 13:06:10,2018-03-05 10:43:53,2,214.90119212962964,180+ days
38dd3f4e8a4cc5e32dd0a4426a1961fa,2017-08-30 18:05:02,2017-08-30 18:14:58,2,0.006898148148148148,0 - 30 days
38e74ef4e3bcf3019fd22b84649bf90d,2017-07-10 11:15:03,2017-07-10 11:15:04,2,1.1574074074074073e-05,0 - 30 days
39104edef5e46d7b8c61848cc95e6d97,2017-07-12 16:04:41,2017-09-28 10:32:57,3,77.76962962962963,31 - 90 days
391d6062da3dd65b4de4524f28c478de,2018-08-09 14:54:47,2018-08-27 19:54:54,2,18.20841435185185,0 - 30 days
394ac4de8f3acb14253c177f0e15bc58,2017-12-22 19:23:43,2018-03-05 19:53:08,5,73.02042824074074,31 - 90 days
39618678c9395910a7d675df2b0af941,2018-07-22 18:14:45,2018-07-22 18:14:46,2,1.1574074074074073e-05,0 - 30 days
397b44d5bb99eabf54ea9c2b41ebb905,2018-01-11 12:16:24,2018-02-06 18:21:30,4,26.253541666666667,0 - 30 days
3991c84b618da2e02b44ba48aba925d1,2018-02-14 13:47:36,2018-02-14 13:47:37,2,1.1574074074074073e-05,0 - 30 days
399a2a06a7ddefb3b09460ba6a1bcf12,2018-05-07 21:53:12,2018-05-07 22:14:31,2,0.01480324074074074,0 - 30 days
39ae2ab725be4a0db66896735a49dac7,2017-07-10 13:33:17,2017-07-10 13:33:18,2,1.1574074074074073e-05,0 - 30 days
39ce02a045b8e7b0329984df3109957b,2017-06-19 22:37:10,2017-09-27 20:46:43,2,99.92329861111111,91 - 180 days
39d28c99c5382bfc238c047203595443,2017-10-17 19:31:12,2017-11-20 19:57:03,2,34.01795138888889,31 - 90 days
39fff7cb5873a7116b02234bd1e6c6dc,2017-10-02 08:45:35,2018-05-03 18:54:48,2,213.42306712962963,180+ days
3a131e6c88849b1d0b28020c3809ea29,2017-11-05 22:41:44,2017-11-05 22:41:51,2,8.101851851851852e-05,0 - 30 days
3a2681b8e4c9f2171aaade5d578f2cb7,2018-05-13 11:30:52,2018-08-08 14:38:18,2,87.13016203703704,31 - 90 days
3a2d236fc85fdf338f179ca0cd725433,2017-06-02 21:18:38,2017-07-31 12:32:16,2,58.63446759259259,31 - 90 days
3a41ac64aa715256d81e129f02b451bf,2018-05-10 09:39:51,2018-07-13 10:56:30,2,64.05322916666667,31 - 90 days
3a43af6775cec872d9a3c80707eb3336,2018-02-01 22:12:14,2018-05-07 10:45:57,2,94.52341435185186,91 - 180 days
3a4acf4c4c97cc25075d29f8d29f405b,2018-05-09 09:35:01,2018-05-20 20:27:37,2,11.453194444444444,0 - 30 days
3a502a4d1e63887120fdc3b323224d70,2017-11-08 20:44:32,2017-11-08 20:44:33,2,1.1574074074074073e-05,0 - 30 days
3a5b0d10ee72cefb504df217532a4e6a,2018-02-27 15:21:59,2018-02-27 15:22:01,2,2.3148148148148147e-05,0 - 30 days
3a649b3c6b379a427fa6f4a5f646a43d,2017-08-11 16:25:03,2017-08-11 16:25:03,2,0.0,0 - 30 days
3a73ce6fc3b392e1ca609b5548418c36,2018-01-16 10:18:45,2018-01-23 14:50:49,2,7.188935185185185,0 - 30 days
3aa71d539bb760f054b280604391602a,2017-12-02 08:50:34,2017-12-02 08:50:35,2,1.1574074074074073e-05,0 - 30 days
3ae522de6b23a3699ef105d4c4b3b82d,2017-08-23 16:43:28,2017-10-03 20:39:34,2,41.16395833333333,31 - 90 days
3af90f255e824d1d53b3584a4e89ad58,2017-01-28 18:30:17,2018-05-10 15:49:11,2,466.888125,180+ days
3b6f5d22fb32e6ac2fbbb944b18cf1bb,2017-07-24 13:40:56,2017-07-24 13:40:58,2,2.3148148148148147e-05,0 - 30 days
3b80d2592c113d689c05232eb90db0ff,2017-06-14 19:49:48,2018-05-01 11:45:29,2,320.66366898148146,180+ days
3b92b8617254e581d164b5d213d437a2,2017-04-20 17:28:50,2018-01-08 12:54:10,2,262.80925925925925,180+ days
3b93b770a314d48d7f698a09cab03370,2018-06-26 03:59:21,2018-07-05 02:06:49,2,8.921851851851851,0 - 30 days
3b97119ab53db4ae0144dff13c2ee26b,2018-04-28 17:05:06,2018-06-06 08:06:18,2,38.62583333333333,31 - 90 days
3bab949ef05da8e9b3cfd541b6af0ffd,2017-04-30 14:37:45,2017-06-11 12:44:42,3,41.92149305555556,31 - 90 days
3bcd0ddf751cb9542efe9f6299fad626,2018-06-27 18:28:23,2018-07-06 17:13:33,2,8.948032407407407,0 - 30 days
3be412c1321c061d6f85c5e41530ce2d,2017-06-13 14:25:07,2018-03-22 14:41:50,2,282.0116087962963,180+ days
3bfda42ef722cb59c430e6be0b68628c,2017-07-05 23:46:38,2017-07-22 00:29:43,2,16.029918981481483,0 - 30 days
3c166bd80203dfb723ba32f64bedd87b,2018-04-18 20:43:22,2018-05-08 12:33:53,2,19.660081018518518,0 - 30 days
3c25f47ab68536a1d3d6b29b9c8b7e63,2017-09-20 11:53:31,2017-11-28 13:33:44,2,69.0695949074074,31 - 90 days
3c3dbbf3d36a7a4587efada79a3166cd,2018-02-28 11:02:25,2018-03-07 14:04:21,2,7.126342592592593,0 - 30 days
3c555d15cca5369965d1759ad9530a66,2018-04-23 10:29:54,2018-05-13 07:12:41,2,19.863043981481482,0 - 30 days
3c5e1130694632f44051b23fd86ad9e2,2017-04-27 13:48:41,2018-04-16 10:50:38,2,353.87635416666666,180+ days
3c884190b71bbb36aab161465ff1d2c7,2018-02-11 00:34:22,2018-02-17 01:20:12,2,6.031828703703703,0 - 30 days
3cd4207d6ce944798257ac5953640a40,2017-10-17 16:07:49,2018-03-26 12:26:23,2,159.84622685185184,91 - 180 days
3d4cd13fd525234c1c4a2304fbe769e0,2017-12-12 23:41:30,2017-12-12 23:41:30,2,0.0,0 - 30 days
3d4f12dece1264e5d6321f1b7f003336,2018-01-30 10:37:04,2018-08-24 17:59:20,2,206.30712962962963,180+ days
3d50a44231c2a153219cef76ee3e445d,2017-04-19 10:20:51,2018-02-22 09:54:40,2,308.98181712962963,180+ days
3d71bc3ae0c9f857ffe17636e0d59aab,2017-05-25 01:04:34,2017-06-09 10:05:46,2,15.375833333333333,0 - 30 days
3d740e7cbf7e5b18027f204bd01b0be4,2017-08-12 01:33:50,2017-08-12 01:33:51,2,1.1574074074074073e-05,0 - 30 days
3d75cbf8643a1c15723adb850fb5f928,2018-01-14 16:38:22,2018-03-03 23:35:15,2,48.28950231481482,31 - 90 days
3d93772915efa454a89bf52047b0b285,2018-01-09 13:21:39,2018-07-05 19:45:19,2,177.26643518518517,91 - 180 days
3daa1c97a3155484f70c88b19c90dfb5,2017-10-10 14:53:25,2018-07-18 19:54:15,2,281.208912037037,180+ days
3db6e5afa8e8178a29afc729855315e2,2017-06-08 14:12:02,2017-09-30 15:15:04,3,114.04377314814815,91 - 180 days
3de0c9303f39b7ccfe69ca11aee19cc6,2018-01-19 14:06:44,2018-03-02 12:08:34,3,41.917939814814815,31 - 90 days
3df4912077693dc7933267da9542825c,2017-07-01 22:03:10,2018-02-11 11:17:16,2,224.55145833333333,180+ days
3e3d56f9737c010ccb5b67c601a18b53,2018-07-22 15:09:37,2018-07-31 10:05:29,2,8.788796296296296,0 - 30 days
3e43e6105506432c953e165fb2acf44c,2017-09-18 18:53:15,2017-12-01 09:30:36,9,73.60927083333333,31 - 90 days
3e47025034c5a31cff56168ac0519f1f,2018-04-05 16:11:32,2018-04-18 16:51:33,2,13.027789351851851,0 - 30 days
3e5306add1209e5ba184092dd1587282,2017-01-15 10:14:31,2017-11-15 23:23:55,3,304.54819444444445,180+ days
3e5dd5efb71f831fffee3735c9e41e87,2018-02-13 10:20:54,2018-02-13 10:20:55,2,1.1574074074074073e-05,0 - 30 days
3e6658866cc636c1762c080ed56f44e6,2017-02-19 16:20:02,2018-03-19 20:06:48,2,393.15747685185187,180+ days
3e7bb77746c1489704b3e041860dfb6d,2018-05-07 11:00:51,2018-06-24 18:24:56,2,48.30839120370371,31 - 90 days
3ea4185126195c34ed9949d8e406d570,2017-07-02 19:39:13,2017-08-29 19:04:14,3,57.975706018518515,31 - 90 days
3eb7932f075743f0e50b0d9966707e6f,2017-10-10 12:09:59,2017-10-23 10:49:50,2,12.944340277777778,0 - 30 days
3ec83b54e0afb70def9480cd6b9097f7,2018-02-27 12:21:57,2018-02-27 12:23:58,2,0.001400462962962963,0 - 30 days
3edcab192482e9871c17b34cf98c3996,2018-07-09 18:46:28,2018-08-04 14:40:31,2,25.82920138888889,0 - 30 days
3f00548d480f59bdac5e1ad8a68dcfe1,2017-10-16 14:55:52,2018-01-15 16:14:03,2,91.05429398148148,91 - 180 days
3f1ae9854823f7c0a8027bd994b2ce64,2018-03-13 13:18:23,2018-04-03 17:00:04,2,21.15394675925926,0 - 30 days
3f36fa15a16c4850992aa0f33561906e,2017-02-06 14:54:29,2017-06-01 16:05:36,2,115.04938657407408,91 - 180 days
3f5534bf8c9378ee05b7dd684cb20e8a,2017-10-03 09:20:37,2017-11-07 10:46:50,2,35.059872685185184,31 - 90 days
3f6ac9a49767899814866524054ba779,2017-04-07 09:45:54,2017-04-07 09:45:56,2,2.3148148148148147e-05,0 - 30 days
3fc38da1985b9e820504f0ad51abc8d1,2017-08-06 11:48:27,2018-01-06 15:42:24,2,153.16246527777778,91 - 180 days
3fdc39171d444e1a1cd4da98ac2e4adb,2018-02-28 15:12:53,2018-04-11 21:37:23,2,42.26701388888889,31 - 90 days
3fe3e628c6c7a15ae96416826a4c5952,2017-07-24 19:24:34,2018-08-18 17:01:48,2,389.90085648148147,180+ days
3ff874206f1d7d1e3ffe12bc9c88c27c,2017-08-04 09:43:48,2018-07-31 14:36:47,2,361.20346064814817,180+ days
4011b7579e894fa929d2de97b4928f41,2018-03-06 00:58:52,2018-03-08 11:43:33,2,2.447696759259259,0 - 30 days
4041baa51d9eae8f5955ccd4f02bb044,2017-05-17 21:16:12,2018-07-22 21:51:37,2,431.0245949074074,180+ days
4046cc9e4828038b58ee191e1f713466,2018-04-11 21:14:26,2018-06-10 19:37:05,2,59.93239583333333,31 - 90 days
4067ba7df47a2bcb753ae5f7530fc7cc,2017-05-22 14:04:15,2017-05-30 11:43:19,2,7.90212962962963,0 - 30 days
40730ca1af9742bd0bdbcef270ff4c76,2017-07-04 15:46:13,2017-11-28 15:40:08,2,146.99577546296297,91 - 180 days
407a6773db6e845737d04a6e27e653b4,2017-09-13 07:59:23,2017-09-17 14:14:19,2,4.260370370370371,0 - 30 days
408aee96c75632a92e5079eee61da399,2017-01-31 14:38:27,2018-06-21 21:02:24,2,506.26663194444444,180+ days
408b1dc1bf28c3245e5eca9097e14b9f,2017-10-22 15:13:56,2018-02-21 22:53:15,2,122.3189699074074,91 - 180 days
4092bf290aa60e4f2d4a0dcc2f38c954,2017-03-27 14:59:54,2018-06-25 14:30:51,2,454.9798263888889,180+ days
409379e6e577c89589dade402e6c2522,2017-05-25 00:33:44,2018-03-01 21:22:45,2,280.86737268518516,180+ days
409fffcdaf4d0eb689458f1df6b2c240,2018-01-18 00:19:41,2018-01-18 00:19:42,2,1.1574074074074073e-05,0 - 30 days
40aa675201863fe2a78cc40c3ab74609,2017-08-17 13:20:41,2017-08-17 14:09:53,2,0.034166666666666665,0 - 30 days
40f4b191d404a10a6039af0b26dd62c7,2017-01-21 20:53:06,2017-01-21 20:53:19,2,0.00015046296296296297,0 - 30 days
410a0462acba9ae869f84450fae8a4ea,2018-05-09 22:32:05,2018-05-29 08:41:45,2,19.42337962962963,0 - 30 days
4127cb95c20254485869d698037a3dfd,2017-06-09 22:48:56,2017-06-09 22:48:58,2,2.3148148148148147e-05,0 - 30 days
41348c09a551501117e31f8a4149950c,2017-11-13 14:01:24,2017-12-12 22:51:55,2,29.36841435185185,0 - 30 days
413c048b3543f926f2e486c53de5123f,2018-02-11 13:44:58,2018-02-11 13:44:58,2,0.0,0 - 30 days
415b073d153528fa1ed35a42e39945da,2018-06-30 11:02:45,2018-06-30 11:02:45,2,0.0,0 - 30 days
417021b1b4553c55daa22f17dbf37cdc,2018-03-29 13:40:53,2018-03-31 11:15:27,2,1.8990046296296297,0 - 30 days
4186b96df8197e7b4982a751c1dde3b6,2018-07-01 12:19:55,2018-08-16 18:16:43,2,46.24777777777778,31 - 90 days
418ee6e3b8f19158d67d5039f19783b9,2017-05-15 22:01:21,2017-05-15 22:01:22,2,1.1574074074074073e-05,0 - 30 days
4191bcfd448dc07138d2951ea4d10008,2017-06-05 17:14:12,2017-11-06 19:23:13,2,154.08959490740742,91 - 180 days
41b3ab6b1f95cbd2afb361e852a56917,2017-09-06 09:58:22,2017-09-13 08:00:50,2,6.91837962962963,0 - 30 days
41b4af321ed477242aebe74652fd8219,2018-05-13 21:29:49,2018-06-11 21:01:18,2,28.980196759259258,0 - 30 days
41d57ab847e5ccbe403f46b07ee577d6,2018-03-05 21:42:32,2018-08-27 22:59:03,2,175.05313657407407,91 - 180 days
4220ae19dee604e8c1dddccd4e535502,2017-12-27 14:20:01,2018-05-11 20:22:23,2,135.2516435185185,91 - 180 days
42398dee8f2098eec5579129cc1a6f5e,2017-09-17 18:47:24,2017-11-28 22:18:10,2,72.14636574074073,31 - 90 days
423d40b193638955a782839886648464,2017-04-22 21:39:15,2018-08-07 23:19:34,2,472.0696643518518,180+ days
425634deb94b1080fc7d283f3a644941,2017-10-10 15:38:41,2017-10-13 10:21:42,2,2.779872685185185,0 - 30 days
426a9c4b189f4342ea12e7cc9d48a883,2018-04-04 21:44:26,2018-04-04 21:44:26,2,0.0,0 - 30 days
4291db0da71914754618cd789aebcd56,2018-05-21 13:59:17,2018-08-01 08:29:38,2,71.77107638888889,31 - 90 days
429de3d8004cbe46652a0e069fc545e3,2018-01-25 15:57:50,2018-01-25 16:24:07,2,0.018252314814814815,0 - 30 days
42befda568ea0df110b6cec63c233bea,2017-10-09 12:17:50,2018-03-23 13:44:28,3,165.06016203703703,91 - 180 days
4307ca57b237ef2790e2a99ebcf3c7db,2018-02-03 14:20:05,2018-02-05 18:03:36,2,2.155219907407407,0 - 30 days
43255e3df6cda368809baa2fc72872c8,2017-06-24 19:15:09,2018-02-10 09:25:05,2,230.59023148148148,180+ days
432aa6200ee9673be90863a912dc91dc,2017-09-29 11:07:53,2018-03-13 13:11:48,2,165.08605324074074,91 - 180 days
434825743a3426c100c479f571816a81,2017-07-18 08:52:42,2017-07-18 08:52:43,2,1.1574074074074073e-05,0 - 30 days
43714f2590bcb9f935ae68073d6c34f1,2018-01-22 13:11:52,2018-01-22 19:14:06,2,0.25155092592592593,0 - 30 days
4377c22228de511d013c6a7560d58a2d,2017-11-14 16:57:27,2017-12-02 11:31:32,2,17.77366898148148,0 - 30 days
439624e26bc73309799fd718773bdb8a,2017-08-03 20:07:27,2017-12-04 09:56:29,2,122.5757175925926,91 - 180 days
43c73f9043398f0dd2163fc5f825e61a,2017-10-24 16:34:54,2017-11-09 12:24:44,2,15.826273148148148,0 - 30 days
43dce1c46f91f3cd233905d0a8b19153,2017-05-02 15:04:19,2018-03-06 14:58:36,2,307.9960300925926,180+ days
43f9d5ace80c6d3c5c09544bc2fa8484,2017-11-25 10:02:21,2017-12-12 07:56:37,2,16.912685185185186,0 - 30 days
4440347c82849cd13be225a1cafba6ba,2018-03-09 10:24:31,2018-03-09 10:24:47,2,0.00018518518518518518,0 - 30 days
444afd392665f1cc1f3b65ec48063735,2018-02-21 07:41:25,2018-02-21 07:41:25,2,0.0,0 - 30 days
4473c7b8da89833fc08fcd3443faea81,2018-02-14 15:22:56,2018-02-14 15:22:57,2,1.1574074074074073e-05,0 - 30 days
44a22a3351d7f1bb3d337d1be11b41fb,2017-11-04 21:14:30,2017-12-17 10:49:02,2,42.56564814814815,31 - 90 days
44adda057b51a700d1e287783b02516e,2018-04-23 12:04:39,2018-05-13 23:54:31,2,20.492962962962963,0 - 30 days
44b49176f1aca9533b67f3eedab0b2de,2017-12-26 19:56:58,2018-06-26 11:20:44,2,181.64150462962962,180+ days
44b6bbfea26596437062a38c8e6bcec1,2017-05-17 10:19:05,2017-05-23 22:28:36,2,6.506608796296296,0 - 30 days
44bd7571a7dad968306f7776bd5a5745,2018-02-12 14:14:43,2018-02-19 21:22:19,2,7.296944444444445,0 - 30 days
44dbd08cc06662e0ca8ac504aac75f18,2018-04-22 20:19:12,2018-04-22 21:00:26,2,0.02863425925925926,0 - 30 days
44e64b7162915525578f601e73e72b16,2018-02-17 09:47:32,2018-04-23 17:41:34,2,65.32918981481481,31 - 90 days
44ed2c2de63bfe22f6596547584d7372,2017-08-27 19:30:49,2017-09-16 16:19:14,2,19.86695601851852,0 - 30 days
453c2895f29b6d9a47f8cb48e00b024b,2017-09-18 14:31:42,2018-04-19 18:41:17,2,213.17332175925927,180+ days
455b49402053f170c64a3ae7fced73d4,2017-09-07 17:09:13,2018-02-17 14:17:35,2,162.8808101851852,91 - 180 days
455c17b35969ca198c17f2fc9e8eba1b,2017-03-10 02:59:42,2017-09-14 11:16:49,3,188.3452199074074,180+ days
456f6d64ecda1b968375d3a68eabfb5c,2018-03-10 14:31:09,2018-07-10 14:37:30,2,122.00440972222222,91 - 180 days
4577881f7a6c10d8eb6bd7f7a82ffa86,2017-08-02 16:45:46,2018-07-19 17:22:40,2,351.025625,180+ days
459759c02362af7a218dd2fe035b3c07,2017-08-16 10:59:06,2017-08-16 10:59:07,2,1.1574074074074073e-05,0 - 30 days
45ca4053806ecd0f595c633184e0ff61,2017-06-26 17:43:29,2018-04-18 21:22:49,2,296.1523148148148,180+ days
45cfc55a4d5073c50be858369454fc0e,2017-06-28 16:18:53,2018-04-21 08:51:36,2,296.6893865740741,180+ days
45df9d71b80f651fcfd26763eebd027a,2017-12-01 12:18:05,2017-12-01 12:18:11,2,6.944444444444444e-05,0 - 30 days
46014217dceae9154e4f85ae292bc9d0,2018-07-19 11:22:55,2018-07-19 11:22:55,2,0.0,0 - 30 days
4644f1b187e390a08b4c66fb16c91364,2018-03-16 11:03:07,2018-03-16 11:19:46,2,0.0115625,0 - 30 days
46450c74a0d8c5ca9395da1daac6c120,2018-07-24 20:41:01,2018-08-07 16:33:59,3,13.828449074074074,0 - 30 days
4658b26bcea972ed0b86a5f8c61718be,2017-02-06 14:02:03,2018-06-10 10:05:52,2,488.8359837962963,180+ days
4666e7be827bb14bf746a56f740e62c5,2017-05-21 07:59:38,2017-05-21 07:59:40,2,2.3148148148148147e-05,0 - 30 days
4681829483318507ed55682649de6571,2017-11-23 12:35:59,2018-01-30 13:05:27,2,68.02046296296297,31 - 90 days
46958f708ade6b6a88b2e5aca1e66de5,2017-08-30 06:22:57,2017-08-30 06:22:58,3,1.1574074074074073e-05,0 - 30 days
46b061196b47dfe9318d38bab6a40ee7,2018-01-08 11:20:03,2018-01-13 00:03:20,2,4.530057870370371,0 - 30 days
46da36c3df7118852b770394d1ba2be5,2017-06-22 01:20:28,2018-08-04 05:55:28,2,408.19097222222223,180+ days
46ed126bcf1df6e195dbc63d7c320983,2017-05-21 08:04:02,2018-08-21 09:04:18,2,457.04185185185185,180+ days
4702945c3b363dd3a5d1cbe913cc95d2,2017-10-11 13:36:29,2017-10-11 13:36:30,2,1.1574074074074073e-05,0 - 30 days
4702ba5faa8283e0f6b6a545cdaf8a9f,2017-05-15 16:59:19,2018-08-07 17:11:14,2,449.00827546296296,180+ days
4711348768db55c57a67aba080ead566,2018-05-16 18:26:55,2018-06-07 20:45:20,2,22.096122685185186,0 - 30 days
473d9165586cfc6708841d07adf6c020,2018-02-25 15:39:46,2018-05-16 10:40:30,2,79.79217592592593,31 - 90 days
47544c4d42f988172faedb4b05231671,2018-05-03 16:02:17,2018-06-03 11:49:20,2,30.82434027777778,0 - 30 days
4754e3b66497719a91b36268ed9c5718,2017-12-08 09:42:43,2017-12-08 09:42:44,2,1.1574074074074073e-05,0 - 30 days
4755e6cf97a25760ab159e0457c84a29,2018-02-25 18:05:13,2018-06-21 09:17:40,2,115.63364583333333,91 - 180 days
4757b4d81eaab4d270e585126410dc5c,2017-04-07 23:34:24,2017-05-01 22:47:34,2,23.967476851851853,0 - 30 days
475cab480951109dec3ad6f770167fa5,2017-07-03 09:25:59,2017-07-31 10:39:11,2,28.050833333333333,0 - 30 days
475d4eb16efe698064c2966acd62584c,2018-03-19 10:40:54,2018-03-21 09:01:26,2,1.930925925925926,0 - 30 days
477f7f182e8da105ba6713c0d5a24f15,2017-02-22 15:32:48,2017-02-22 15:32:48,2,0.0,0 - 30 days
479085be6190cd4a8e610b4fcce5f29c,2017-07-21 11:05:42,2017-07-21 11:05:42,2,0.0,0 - 30 days
47a71b49f98984efd3c62cb213f977e8,2017-10-25 13:05:03,2017-11-05 10:38:50,2,10.898460648148149,0 - 30 days
47c1a3033b8b77b3ab6e109eb4d5fdf3,2017-08-07 14:14:22,2017-08-07 14:14:22,6,0.0,0 - 30 days
47c89a36acb8a73127ec91d0542289b5,2017-10-25 13:39:20,2018-05-05 14:20:42,2,192.02872685185184,180+ days
481060b29de0e9b3d7f4b2991cfb0767,2018-05-15 18:06:07,2018-05-18 23:28:12,2,3.2236689814814814,0 - 30 days
4820f42c8203dcad5d2c17cf363048b0,2017-08-18 11:33:11,2018-01-05 09:00:35,2,139.89402777777778,91 - 180 days
4827d6a02f010b9505e4af04c7fac522,2017-09-21 13:17:36,2018-06-23 13:25:09,2,275.0052430555556,180+ days
4837d18df7cb3d4baf1a3959d0244554,2018-08-08 13:40:41,2018-08-08 14:50:34,2,0.04853009259259259,0 - 30 days
483b26e1bf0f4797e5512d8849d90835,2017-04-08 08:46:10,2017-08-28 16:05:03,2,142.30478009259258,91 - 180 days
485b849ef839f0f401da8bfdc7ac2781,2017-06-29 12:59:45,2018-01-14 20:18:38,2,199.30478009259258,180+ days
48625b68a29dcfc3aba4b5147e0625aa,2017-09-25 07:47:12,2018-02-05 17:27:54,2,133.4032638888889,91 - 180 days
487b72af97cd4e1dcdfae25627f3ea8a,2017-11-23 23:28:31,2017-12-08 08:29:41,2,14.375810185185186,0 - 30 days
4897a3c64a635a703a71dd2d9189bffa,2017-04-14 13:36:31,2017-09-29 09:18:47,2,167.8210185185185,91 - 180 days
48fd7dec70f2b104a1d5e8c5c639102b,2017-04-30 23:09:35,2017-09-02 11:53:32,2,124.53052083333333,91 - 180 days
49257d143ec6384f53a6648062252966,2018-03-18 14:49:40,2018-03-18 14:49:40,2,0.0,0 - 30 days
494e887fef923d79982b3c0e1ab49cdd,2018-02-22 16:12:52,2018-07-29 00:43:55,2,156.35489583333333,91 - 180 days
495fe7ae31686381c8145b2936e761dc,2017-08-30 14:16:14,2018-08-05 18:25:52,2,340.1733564814815,180+ days
4962136f755981b83b03f476e66eea7d,2016-10-09 12:46:25,2017-11-11 16:13:40,2,398.1439236111111,180+ days
4985c6f86aaf1460d9b6fdc74465a5a5,2018-07-27 09:25:33,2018-08-02 12:06:56,2,6.112071759259259,0 - 30 days
49afeec74ee36fc6e5582ccd16111a14,2017-11-17 13:00:45,2017-11-17 13:16:48,2,0.011145833333333334,0 - 30 days
49bf911a5666e781425b4fe91495454d,2017-12-04 13:15:11,2017-12-04 13:15:11,2,0.0,0 - 30 days
49c6b1ee895e59043bcd5e2135f08355,2017-10-30 11:29:57,2018-05-25 10:55:11,2,206.9758564814815,180+ days
49cee01774f85ef576192e1038cf9cc6,2017-08-03 13:59:34,2017-09-05 13:52:21,2,32.994988425925925,31 - 90 days
49d1599dd80dedc213037342bbe43fd7,2017-06-02 19:56:30,2017-12-17 10:50:51,2,197.6210763888889,180+ days
49d602890c664bcee124fa70e94d9fb1,2017-09-16 20:30:50,2017-12-14 11:20:31,2,88.61783564814814,31 - 90 days
49e6749fd8bf4a9218457eb19a92e200,2017-04-16 22:45:14,2017-12-05 12:49:56,2,232.58659722222222,180+ days
49eb3e27a6fc361609658d710948cef7,2018-02-04 11:05:32,2018-05-12 13:59:27,2,97.12077546296297,91 - 180 days
4a2ef0b951aa7bdda04470d961d5e755,2017-10-08 18:59:57,2017-10-08 19:00:03,2,6.944444444444444e-05,0 - 30 days
4a433c62dfda8104d295307e855c82a7,2017-11-20 18:53:36,2018-03-15 15:21:30,2,114.85270833333334,91 - 180 days
4a6ccb379c9e5062ad3ce2324222fbf3,2018-01-25 14:59:08,2018-03-28 17:03:47,2,62.0865625,31 - 90 days
4a875173bfb6a79bc80ade998b70132e,2017-11-13 21:29:03,2018-02-05 22:13:02,2,84.03054398148149,31 - 90 days
4ad4d9be004941fb8e0ffd31ddbf1f3c,2018-07-02 20:39:32,2018-07-16 08:22:32,2,13.488194444444444,0 - 30 days
4b1141303289a23d05776bd25076c2fd,2017-11-26 13:36:00,2018-01-12 10:14:30,2,46.86006944444444,31 - 90 days
4b384b778ebc0449d0244902bfce7beb,2017-06-22 20:05:39,2017-11-19 14:34:44,2,149.77019675925925,91 - 180 days
4b8b7bf8d90bd492c7a61ec3ce264a0a,2018-03-18 15:50:21,2018-03-18 15:50:21,2,0.0,0 - 30 days
4b979b432abe14a88cd0cde893952677,2017-09-05 13:32:39,2017-10-04 18:12:57,2,29.194652777777776,0 - 30 days
4b9c1e46a59a75a9af94bc7e355b97a0,2017-10-17 11:54:07,2018-04-25 16:48:12,2,190.20422453703705,180+ days
4badd97df3e4ad6d64508b5c25d4dca9,2018-04-14 20:31:47,2018-04-14 20:31:48,2,1.1574074074074073e-05,0 - 30 days
4bbaf6f7a10a7e26a8777aa5cb6d5864,2017-02-05 18:47:44,2017-11-14 03:16:49,3,281.3535300925926,180+ days
4bbba2a307995c25e9d635cc1a9700d0,2017-11-26 18:33:35,2017-11-26 18:33:35,2,0.0,0 - 30 days
4be8154b42b4593fae17f1b2cb375615,2017-12-12 19:01:07,2018-01-30 22:23:38,2,49.14063657407407,31 - 90 days
4bf3d072dcf303280e82dc697b516c6f,2017-12-07 16:17:15,2017-12-14 16:02:42,2,6.989895833333334,0 - 30 days
4c0bac678bfb8ff0becd5b393b45a884,2018-01-05 14:56:40,2018-01-05 14:56:40,2,0.0,0 - 30 days
4c112bdeac93a04155c340b65b35c232,2017-05-29 15:51:23,2017-06-06 15:19:21,2,7.977754629629629,0 - 30 days
4c116f8ddec984371284ab7bc860001a,2017-06-28 17:19:52,2017-07-25 16:34:00,2,26.96814814814815,0 - 30 days
4c3d123168c78dcca6cde5a7274430a5,2017-05-14 12:30:01,2017-06-12 08:57:04,2,28.852118055555554,0 - 30 days
4c45ebf94ecf4107850d91bc326851c3,2017-09-04 23:02:26,2017-09-04 23:02:26,2,0.0,0 - 30 days
4c4b5dc90eb4e33188153ca3e7999f92,2018-04-06 16:47:38,2018-04-08 13:05:01,2,1.8454050925925927,0 - 30 days
4c5200f7d135c94fcd304cdd0af9837a,2018-04-22 13:59:28,2018-05-01 20:40:43,2,9.278645833333334,0 - 30 days
4c5ae17e8984ca0916543b159eac0f2c,2017-08-15 23:23:16,2017-08-20 19:20:05,2,4.831122685185186,0 - 30 days
4c93744516667ad3b8f1fb645a3116a4,2017-09-14 18:14:31,2017-10-15 12:44:13,2,30.770625,0 - 30 days
4cba4382020c8e217faee72173ecb0fc,2018-02-10 17:26:42,2018-02-10 17:26:43,2,1.1574074074074073e-05,0 - 30 days
4ce423721c74231c174d0bb22367645a,2018-03-20 09:40:46,2018-06-09 10:09:59,2,81.02028935185186,31 - 90 days
4ced1b9f8668a9792e5484da6d97b229,2017-10-17 23:32:50,2017-10-18 02:11:10,2,0.1099537037037037,0 - 30 days
4cfa5155cf7cff8eb15e0b12041d058e,2017-08-04 15:24:44,2018-08-04 14:49:43,2,364.97568287037035,180+ days
4d191bb8e1eea602e77b4ab62cf4daac,2018-03-20 16:35:13,2018-03-20 16:35:13,2,0.0,0 - 30 days
4d1fe8b6f5e9ee044a14467c8b2832b6,2018-02-07 13:14:42,2018-02-07 13:14:43,2,1.1574074074074073e-05,0 - 30 days
4d28234ccc945685ca892f6184032215,2018-04-27 07:12:53,2018-05-08 22:47:43,2,11.649189814814815,0 - 30 days
4d2a058cead19bc1e7b3580be5893b2b,2018-01-22 22:34:41,2018-01-22 22:42:18,2,0.0052893518518518515,0 - 30 days
4d5cbb095f36a674f6f4a852959ad11d,2017-11-22 13:53:31,2018-04-06 13:16:51,2,134.97453703703704,91 - 180 days
4d7b6c39aa3c7b53acb8058e4094a593,2018-02-20 09:50:20,2018-08-26 12:38:57,2,187.11709490740742,180+ days
4d98a16aebfef3772cc4d547bcae8761,2017-10-25 18:17:58,2017-11-17 21:48:41,2,23.14633101851852,0 - 30 days
4d9e104764077f7dfae917c7cc803212,2017-03-21 13:29:54,2018-07-23 20:53:38,2,489.3081481481481,180+ days
4dcabe94c61f202327839a734955b0cf,2018-03-05 22:57:31,2018-03-05 22:57:35,3,4.6296296296296294e-05,0 - 30 days
4df9aee56fa602c72756abb22ee60b17,2017-11-13 08:53:34,2017-12-11 10:06:05,2,28.050358796296297,0 - 30 days
4e1554d1a2dcb38dcf22770eb7390fe1,2018-07-30 16:36:03,2018-08-28 08:10:22,2,28.648831018518518,0 - 30 days
4e15fee963523774998876e3624952f4,2018-08-06 19:48:32,2018-08-18 10:00:59,2,11.591979166666667,0 - 30 days
4e1cce07cd5937c69dacac3c8b13d965,2017-11-25 15:48:03,2017-11-25 15:48:04,3,1.1574074074074073e-05,0 - 30 days
4e23e1826902ec9f208e8cc61329b494,2016-10-05 12:32:55,2018-03-13 22:28:21,2,524.4134953703704,180+ days
4e2d666f4bbc94a8ded712172a433d65,2018-02-25 09:57:15,2018-04-16 19:54:11,3,50.414537037037036,31 - 90 days
4e39429218dac10ad4e57dafee3d92d4,2017-06-04 17:24:58,2017-11-25 00:18:14,2,173.28699074074075,91 - 180 days
4e3b6c25502ef69e5c5e54616bf67ed7,2017-03-09 10:38:32,2017-03-09 10:38:32,2,0.0,0 - 30 days
4e4b787733d41ea0cb9b69a192bb285e,2017-11-26 10:39:33,2017-12-02 09:09:36,2,5.937534722222222,0 - 30 days
4e5aba2c9b150920c8c7b5b4ee0c197d,2018-07-25 18:50:42,2018-07-25 19:00:24,2,0.006736111111111111,0 - 30 days
4e65032f1f574189fb793bac5a867bbc,2017-03-26 18:39:34,2017-06-02 09:35:21,5,67.62207175925926,31 - 90 days
4e6588068c000d6f539cf24c66a96816,2018-02-19 09:23:33,2018-02-19 09:23:33,2,0.0,0 - 30 days
4e78d9253ba5cc1d990eb09ea45a3a2c,2017-03-23 15:51:15,2017-03-23 15:51:16,2,1.1574074074074073e-05,0 - 30 days
4eb6fcfd481ef3c2ab3afba135ef4bcc,2017-11-02 23:12:48,2017-11-08 22:57:01,2,5.989039351851852,0 - 30 days
4eda116add853323e439c104b7d0824c,2017-11-01 15:22:24,2017-11-23 19:28:37,2,22.170983796296298,0 - 30 days
4ef6c02126b21225e011b242f9f79c6f,2017-05-21 11:28:53,2017-12-13 12:37:46,2,206.04783564814815,180+ days
4f011f45db425dcd3be79d4c11e9ad05,2017-02-19 19:30:12,2017-06-11 22:05:06,2,112.10756944444445,91 - 180 days
4f0c8db463d2261888faa81900eb33c1,2018-03-21 23:38:26,2018-06-30 17:24:11,2,100.74010416666667,91 - 180 days
4f2029f4e7aea8455f5c1cb9de0b7ccd,2017-08-05 15:18:41,2017-09-21 19:55:51,2,47.19247685185185,31 - 90 days
4f223a62631b82cfb22241007bbd60dc,2018-01-30 16:26:24,2018-05-13 18:41:30,2,103.09381944444445,91 - 180 days
4f477c554c5bd165f95d62b409ac6425,2017-07-26 17:46:02,2018-06-09 16:38:17,2,317.9529513888889,180+ days
4f4943d1a8ac2c4a65d4fba25ee8c0bb,2018-05-20 22:04:41,2018-06-18 22:13:40,2,29.006238425925925,0 - 30 days
4f4a4c713a7892d9db23f694fc647d13,2018-01-31 10:15:48,2018-01-31 10:15:48,2,0.0,0 - 30 days
4f4d2fe2987efa0b9e4e61a466e8ed8b,2017-08-27 19:05:23,2017-12-04 11:30:23,3,98.68402777777777,91 - 180 days
4f6d635ff2fd4e30ff5369a7b943eb22,2018-02-14 10:26:21,2018-02-14 10:26:22,2,1.1574074074074073e-05,0 - 30 days
4f88e6285f805c9a823ba23291a65ca3,2017-11-13 17:05:52,2017-11-25 19:41:15,2,12.107905092592592,0 - 30 days
4f8e0cd35c770318d9e8874c2956345a,2018-03-06 11:53:40,2018-03-26 11:16:42,2,19.974328703703705,0 - 30 days
4f928a6270233d6c7c4e73919fa12295,2018-02-05 00:42:57,2018-02-05 01:06:09,2,0.01611111111111111,0 - 30 days
4facc2e6fbc2bffab2fea92d2b4aa7e4,2017-06-18 23:14:46,2018-07-20 10:12:21,4,396.4566550925926,180+ days
4fcf7b9d6a54ded837b9a0ff601bf7ef,2018-02-13 19:21:52,2018-02-16 12:21:45,2,2.708252314814815,0 - 30 days
4fe67915d44791a5deab2957c2641048,2017-03-04 09:55:07,2017-03-04 09:55:08,2,1.1574074074074073e-05,0 - 30 days
4ffd7cf05f22d7a320750a2f9e73f665,2017-09-07 20:19:52,2017-11-01 21:43:03,2,55.05776620370371,31 - 90 days
503279f30dccc77b5d832f20bd485393,2018-03-12 08:31:33,2018-03-12 08:31:35,2,2.3148148148148147e-05,0 - 30 days
5036f4227f2e546879f581d8fd3e6ec6,2017-07-29 15:38:47,2017-07-29 15:38:49,2,2.3148148148148147e-05,0 - 30 days
507dc9becd4fc65635d90682dfa9d3a3,2017-09-01 20:28:02,2017-11-24 13:30:59,2,83.71038194444445,31 - 90 days
508cae50c5c1e72079d266a513bca9ae,2018-01-08 20:56:09,2018-01-08 21:16:36,2,0.014201388888888888,0 - 30 days
508f416faa150cd3249d045d81c93399,2017-11-26 00:27:46,2018-01-08 20:18:13,2,43.826701388888885,31 - 90 days
50915df398391da01c01bd5cf272f61b,2018-04-27 14:06:22,2018-04-27 14:11:50,2,0.0037962962962962963,0 - 30 days
50a662e7d7e7e2a94112a4f15a37464e,2017-06-23 10:13:05,2017-06-27 11:18:05,2,4.045138888888889,0 - 30 days
50ad9fb3ba7f8cf336529fe94a182996,2017-05-06 17:35:28,2017-10-01 13:16:54,2,147.82043981481482,91 - 180 days
50c7adf7c25188cf27f66e1cfe278fad,2018-07-22 22:09:10,2018-08-09 09:50:42,2,17.487175925925925,0 - 30 days
50cd97d731f3f5e3f321673c2671a23d,2017-09-13 19:41:41,2017-12-19 18:12:02,3,96.93774305555556,91 - 180 days
50e1b12ee1e2eab6157d9c0b035136af,2018-02-07 10:03:37,2018-02-09 09:46:19,2,1.987986111111111,0 - 30 days
511152350c802fe363fd2417b1a09357,2018-01-23 13:39:44,2018-01-24 12:27:32,2,0.9498611111111112,0 - 30 days
5126071e8e67f61789f6ce9f3af56143,2017-12-20 17:27:10,2017-12-20 17:27:11,2,1.1574074074074073e-05,0 - 30 days
51378a8908cdc12c6545fdf842383c97,2017-03-05 12:34:06,2017-03-17 18:15:27,2,12.237048611111112,0 - 30 days
514f8ca0f04813ed414874f8f422e6c3,2017-08-25 20:14:51,2018-02-27 20:58:09,2,186.03006944444445,180+ days
518199e5f36305bffce18e38aa2642aa,2017-10-06 22:18:54,2017-10-06 22:30:26,2,0.00800925925925926,0 - 30 days
51838d41add414a0b1b989b7d251d9ee,2017-03-13 18:14:36,2017-03-13 18:14:37,3,1.1574074074074073e-05,0 - 30 days
5192c897072033288df55bd01b0e5737,2017-12-04 10:49:52,2018-07-22 13:18:56,2,230.1035185185185,180+ days
51c23d1b01aebce5a1e32e3d9b312aa3,2018-01-30 18:30:35,2018-02-06 19:06:17,2,7.024791666666666,0 - 30 days
51c2f039f08424330a6bbba4c9949d98,2017-06-25 16:16:00,2017-06-25 16:16:00,2,0.0,0 - 30 days
51d11e5abc725531b3a2fd56456885fa,2018-02-14 12:48:23,2018-02-14 12:48:24,2,1.1574074074074073e-05,0 - 30 days
51d121ddc025c1b70f8f62a1b727aecf,2017-06-06 11:28:05,2017-08-30 23:28:35,2,85.50034722222222,31 - 90 days
51d8d985d769925b981b4a34ddf6dfc6,2017-09-03 18:12:38,2018-05-03 13:28:29,2,241.80267361111112,180+ days
51d91326ffc0688da14a001de38c264b,2017-08-15 21:44:47,2017-08-15 21:44:47,3,0.0,0 - 30 days
51dc56123336c573f2977f5da81b17b9,2017-04-27 09:09:44,2017-09-28 09:03:53,2,153.9959375,91 - 180 days
523730e4b2ef7654c243699b81763112,2017-01-24 21:16:50,2017-05-07 20:22:16,2,102.96210648148148,91 - 180 days
523b7915f240831d06b34ab9b804a200,2017-08-25 14:52:04,2018-05-18 13:37:26,2,265.9481712962963,180+ days
525236008daa62b6022f35142ef864d3,2017-10-05 17:40:46,2018-02-03 09:27:17,2,120.65730324074075,91 - 180 days
52597838f6c178b19b961b068d048c71,2017-05-24 14:17:48,2017-08-30 14:57:25,2,98.02751157407407,91 - 180 days
525cda9909aa001ebed396f6e55eae01,2018-07-13 12:21:43,2018-08-07 21:57:02,2,25.399525462962963,0 - 30 days
525e9dbf2f675f893b9f695d5ecefb31,2017-09-13 12:18:36,2018-08-03 20:51:31,2,324.3561921296296,180+ days
526126c9f6a2a58d226b574d4d6c2278,2017-02-23 15:32:20,2017-02-23 15:32:21,2,1.1574074074074073e-05,0 - 30 days
5275b2f97b9c995d3d05a58610c0bb67,2017-11-26 23:20:43,2017-12-03 22:07:44,2,6.949317129629629,0 - 30 days
5277f2c18bae9ff7f93aa8118ace6e03,2017-11-23 22:14:47,2017-11-23 22:14:49,2,2.3148148148148147e-05,0 - 30 days
527c6fbbe85cdf78ff1645e0a71e266f,2018-01-04 12:02:33,2018-01-23 10:54:12,2,18.95253472222222,0 - 30 days
528553785a32652e5b1f5dc33899f754,2017-10-25 13:43:39,2017-12-11 17:38:39,2,47.16319444444444,31 - 90 days
52abba659c0a219f8de7076dc33e0e83,2017-10-09 23:05:41,2018-05-22 23:20:45,2,225.01046296296298,180+ days
52b8fc428690f8974a3d3ff3a162f7b7,2018-06-20 11:20:53,2018-08-26 13:23:23,2,67.08506944444444,31 - 90 days
52d40ed525892e7b31fc34aa750419c9,2018-06-06 15:31:19,2018-06-06 15:31:19,2,0.0,0 - 30 days
52e05f52b2ccd1945aafaae6ceff7ba1,2017-10-23 01:06:37,2017-11-24 11:42:09,2,32.44134259259259,31 - 90 days
53100f780630b0755dcdec40f673abfb,2017-05-15 12:51:44,2018-03-09 16:41:05,2,298.1592708333333,180+ days
53b30ca78efb2b7efcd3f9e461587eb2,2017-08-18 09:45:35,2017-09-08 23:39:19,2,21.57898148148148,0 - 30 days
53beace9d0aa08b64d759d5f5a66550c,2017-04-10 20:11:58,2017-12-05 10:30:20,2,238.59608796296297,180+ days
53c84ac43bbfafb7a6b5d9076ab423c7,2017-08-23 11:48:42,2017-08-23 11:48:44,2,2.3148148148148147e-05,0 - 30 days
53cc7338a7d5994fe8baa28a039d2343,2018-08-15 16:58:08,2018-08-16 13:47:57,2,0.8679282407407407,0 - 30 days
53e4d5ab8287848319f0220d47ee7ca0,2017-12-20 21:11:47,2018-06-05 22:05:33,2,167.03733796296297,91 - 180 days
53f34954c078f5034197993c0e109b95,2017-05-01 14:11:11,2017-05-01 14:11:12,2,1.1574074074074073e-05,0 - 30 days
5416f8ad5bc33953624084ebc8738307,2017-10-09 01:11:18,2017-11-24 20:30:47,2,46.80519675925926,31 - 90 days
544bd839b4e7f92a077c7bf2410f8b02,2017-04-26 02:02:47,2017-08-21 01:36:56,2,116.98204861111111,91 - 180 days
5457ae2c352c18e3bf5cba68301d96a8,2018-02-28 02:46:13,2018-07-26 16:11:51,2,148.5594675925926,91 - 180 days
5461338ea772177374bcf3f23665178f,2017-08-10 20:08:15,2017-10-23 19:51:15,2,73.98819444444445,31 - 90 days
54732c804725f94304b9f2d1107a3d6e,2017-08-10 22:52:11,2018-03-17 22:07:37,2,218.96905092592593,180+ days
547d0504ca415eb4864fa3030f73d3f3,2017-11-15 07:52:22,2018-01-21 16:32:51,2,67.36144675925927,31 - 90 days
54982b0c374191195d5f433c7cccae90,2018-07-18 16:51:01,2018-08-06 21:19:27,2,19.186412037037037,0 - 30 days
549a24530925587e2faddb35f667e458,2017-06-18 09:58:41,2018-06-23 19:11:29,3,370.38388888888886,180+ days
54a22a0d776f341e79356ad4a761aa81,2018-03-02 16:54:16,2018-03-02 16:54:18,2,2.3148148148148147e-05,0 - 30 days
54b716ecf36f372ca6a585a68025e8a1,2017-04-05 21:37:11,2017-04-05 21:37:12,2,1.1574074074074073e-05,0 - 30 days
54bf1780705493f3224d73bd48e53186,2017-04-23 17:25:09,2018-02-12 14:04:49,2,294.8608796296296,180+ days
54c7b4f48fb9e911bf328bf9884ca61d,2017-06-12 22:07:23,2017-08-01 22:25:27,2,50.01254629629629,31 - 90 days
54e0a7cc9c09c591bd186e4569c7bf30,2017-03-16 22:26:33,2018-05-11 03:40:43,2,420.2181712962963,180+ days
54eb010282ed1c4a38e101aa8b9aca37,2018-08-13 16:34:43,2018-08-23 15:35:52,2,9.959131944444444,0 - 30 days
54ed3f082c9e7725a0e26e9e682fc825,2017-11-29 15:48:38,2018-01-13 09:58:10,2,44.75662037037037,31 - 90 days
552fc05a13d28356a38e8b13f64cbe4f,2017-09-12 08:37:51,2017-10-30 11:25:08,2,48.11616898148148,31 - 90 days
5568fb2b583235812ed08eb9587d0465,2018-07-12 01:27:52,2018-08-08 11:27:26,2,27.41636574074074,0 - 30 days
556ffcdd6185be1c44ea83be3b1b5f86,2017-08-04 16:40:51,2018-06-20 22:11:30,2,320.22961805555553,180+ days
557b158701bedbb76b856eb5f3af51b1,2018-01-04 11:59:36,2018-04-11 10:46:53,2,96.94950231481481,91 - 180 days
55b488a273c6ec9ca293736e9a69d0b3,2018-07-29 20:40:06,2018-08-21 00:10:53,2,22.146377314814814,0 - 30 days
55efe0d41e47d41465ea4fb5f8badee0,2018-02-12 21:04:36,2018-04-28 13:22:03,2,74.67878472222222,31 - 90 days
55f21db4f9a353dcee5b774f750c65a1,2018-05-22 09:51:07,2018-06-03 12:40:45,2,12.117800925925925,0 - 30 days
55fbb64f60861980e74c4f136f304297,2018-04-27 21:16:06,2018-08-04 17:54:31,2,98.86001157407408,91 - 180 days
5616f75d22507069b5383854a1d8c414,2018-01-08 20:40:57,2018-02-26 20:19:48,2,48.9853125,31 - 90 days
56238e115fd05d88a5e9ae565b8c2dbb,2018-06-02 23:40:57,2018-06-22 23:18:46,2,19.98459490740741,0 - 30 days
562b3bca5a8903b7451462b6e7aa6082,2017-12-20 13:24:20,2018-08-12 16:08:03,2,235.11369212962964,180+ days
564df947eb9192d7e1613b1b957cb192,2018-07-16 18:10:36,2018-07-16 18:10:36,2,0.0,0 - 30 days
565448508b44312e8489ca1bc1f5d09e,2017-04-20 08:47:18,2017-04-20 09:04:14,3,0.01175925925925926,0 - 30 days
56b088f218c6c02cd6e86bb9814271cb,2017-08-30 10:56:21,2017-08-30 10:56:22,2,1.1574074074074073e-05,0 - 30 days
56c355e615aa216a8c404c4f3d22383c,2018-05-23 08:35:19,2018-06-15 15:44:21,2,23.297939814814814,0 - 30 days
56c8638e7c058b98aae6d74d2dd6ea23,2017-07-12 06:48:11,2018-03-22 10:14:00,5,253.14292824074073,180+ days
56d6d1ae03e95325991e4c77bf3cbe53,2018-05-01 21:03:25,2018-05-12 09:09:41,2,10.504351851851851,0 - 30 days
56e3a158ef88285f2c15a83db0b13d93,2017-12-01 10:30:46,2018-04-28 21:01:16,2,148.43784722222222,91 - 180 days
56e80e4b4a777631c5399e3fd0d6ee85,2018-03-28 12:34:09,2018-04-10 11:54:40,2,12.972581018518518,0 - 30 days
56f77ee91e06fb36402afa524deee676,2018-02-01 14:19:56,2018-02-01 14:21:40,2,0.0012037037037037038,0 - 30 days
57017bffe1b59c7da66267b6d3fcd44d,2017-04-10 16:52:46,2017-10-11 13:01:22,2,183.83930555555557,180+ days
5709900c6ded8af6dfb28b043943368d,2017-12-16 12:25:18,2018-05-10 08:43:56,2,144.84627314814816,91 - 180 days
570eb70ff97166b85ea96be3bfb65fef,2017-10-24 14:33:12,2017-11-09 14:07:54,2,15.982430555555556,0 - 30 days
572a2a7bca60d77e596287ea324a4680,2018-05-02 12:17:35,2018-05-03 12:27:37,2,1.0069675925925925,0 - 30 days
5735fac0e3e12fee0b0545828a977acd,2017-02-21 13:45:39,2017-06-30 14:56:23,2,129.04912037037036,91 - 180 days
574e36a816bf7a295404e686062fc0de,2017-06-06 17:00:18,2018-04-26 18:07:40,2,324.0467824074074,180+ days
575e8735ac3203bfb92c7d52919faf70,2017-11-26 14:31:13,2018-07-30 21:54:34,2,246.30788194444443,180+ days
578035514ad8238fa724f24b4aabc1df,2017-07-22 17:55:13,2017-07-22 17:55:15,2,2.3148148148148147e-05,0 - 30 days
57a00f215e83a19190f6a5dded389806,2017-02-01 23:33:26,2017-02-01 23:33:27,2,1.1574074074074073e-05,0 - 30 days
57b5d9f9fa4f1ff41befbfbf0fcbc3ca,2017-06-07 11:07:29,2017-10-27 11:33:04,2,142.0177662037037,91 - 180 days
57c6a5ac88fde55944675cc79c4d5db7,2017-05-06 10:17:24,2018-04-08 12:31:34,2,337.0931712962963,180+ days
580561d937f063a0c4ffe1e4832df2f5,2017-01-30 18:19:23,2018-01-02 13:45:02,2,336.8094791666667,180+ days
58075e17e770fc08571c3e0f452f6a11,2017-06-19 16:56:09,2017-07-05 19:56:05,2,16.124953703703703,0 - 30 days
580e86cc6d0c8eafede3d6f2fa4bf9ab,2017-07-14 19:16:37,2018-06-11 01:02:48,2,331.2404050925926,180+ days
582183483d33018384b309d31c45f353,2017-04-22 11:18:48,2017-04-23 09:15:49,2,0.9145949074074075,0 - 30 days
582413ee5c9cf48218666c6fd967a221,2017-12-11 12:48:03,2017-12-11 12:48:04,2,1.1574074074074073e-05,0 - 30 days
58498d9dec038f925f6406ebdfdc36bb,2017-05-09 23:16:25,2017-11-16 22:55:45,2,190.98564814814816,180+ days
585ba6a115792c0b0483d65e5ab1f4b6,2017-12-06 17:42:49,2017-12-08 20:15:27,2,2.1059953703703704,0 - 30 days
58812bfc80ed972fa2e7f3614c0cd22e,2017-06-19 08:18:34,2017-06-19 08:18:35,2,1.1574074074074073e-05,0 - 30 days
5882d9af214f8e2acb3e74b94a109c62,2017-11-23 22:44:09,2017-11-23 22:44:09,2,0.0,0 - 30 days
589211c7448e6c3b58b0ba98ce089ee7,2017-12-26 07:53:32,2017-12-28 23:14:50,2,2.6397916666666665,0 - 30 days
58aa424ba24df5dc745e1a3941abc5a3,2017-01-13 11:06:56,2017-01-13 11:06:56,2,0.0,0 - 30 days
58c1b085b54c03a1f1ab5f13d64c2b1c,2017-09-16 12:37:51,2017-09-17 08:33:40,2,0.8304282407407407,0 - 30 days
58e2253f083d42930c64ca32b510a512,2017-12-27 23:57:29,2018-08-04 06:20:10,2,219.26575231481482,180+ days
58f5a0b391493cf37a8c32956f14d6d1,2018-02-21 20:49:39,2018-02-21 20:49:41,2,2.3148148148148147e-05,0 - 30 days
5908f8630bbd5a8d5984b25f85588168,2017-06-18 23:41:52,2017-08-29 12:26:32,2,71.53101851851852,31 - 90 days
5925dfa8cd87ab4d852383f7039c8bc2,2017-09-10 11:22:48,2018-03-29 12:00:11,2,200.02596064814816,180+ days
59268ee5dc0cd98a36ea808010826cc8,2017-12-15 19:57:58,2017-12-19 18:48:27,2,3.951724537037037,0 - 30 days
5936fabf5dfeaa6c31d9f649b5794e2c,2018-04-06 02:13:33,2018-07-28 20:07:49,2,113.74601851851853,91 - 180 days
593cb774409e5239a1946d1c88e0813d,2017-05-06 15:43:19,2017-05-17 20:31:55,3,11.200416666666667,0 - 30 days
5941ba7f91b519d195e16e34fcf61bac,2017-10-29 09:27:41,2018-06-03 10:40:05,2,217.05027777777778,180+ days
595ee036d3a69e80934a9b3618834085,2018-02-15 17:53:58,2018-03-22 17:47:21,2,34.99540509259259,31 - 90 days
596f46e4d4b172098ad46d4d7880bcc2,2018-03-08 16:01:18,2018-03-30 13:44:59,2,21.90533564814815,0 - 30 days
597e54e653cbc1ce5df1e6d97bbc448c,2018-03-28 15:49:07,2018-05-15 10:45:09,2,47.788912037037036,31 - 90 days
598ef1f13aba15f2b88387184f6c25ec,2018-03-16 14:56:18,2018-03-24 15:44:59,2,8.03380787037037,0 - 30 days
59bba92de9b8f6be0808e4d9d64b4b43,2017-06-24 13:25:58,2017-06-24 13:43:54,2,0.012453703703703703,0 - 30 days
59d66d72939bc9497e19d89c61a96d5f,2017-03-02 12:13:18,2017-08-10 22:09:50,2,161.41425925925927,91 - 180 days
59d8d1ea35c02a6a070ee29944b0ea86,2018-03-13 19:10:37,2018-04-14 11:04:31,2,31.662430555555556,31 - 90 days
5a21363c92f912e70cb482c96bc03af3,2017-06-08 09:18:19,2017-06-11 13:21:04,2,3.168576388888889,0 - 30 days
5a2e847dd085d36e3ba8916b75e794ed,2017-05-07 18:36:07,2017-05-07 18:52:33,2,0.011412037037037037,0 - 30 days
5a30802342302d5bcef2bade8d40d847,2017-12-13 21:24:35,2017-12-13 21:24:35,2,0.0,0 - 30 days
5a494c648fde2d1ec4eb614274ea7159,2018-03-08 19:06:05,2018-03-08 19:06:08,2,3.472222222222222e-05,0 - 30 days
5a689ab0069d25bc6c2be47d4b3863d4,2018-07-04 22:45:03,2018-07-25 21:51:04,2,20.962511574074075,0 - 30 days
5a6b37816cefa8497b74b1ef78dbb202,2018-02-07 01:24:26,2018-02-07 01:24:27,2,1.1574074074074073e-05,0 - 30 days
5a819fa976c2a1e65fa35e5c890d4dcb,2018-05-04 15:42:16,2018-05-28 20:34:13,2,24.202743055555555,0 - 30 days
5a85f706b2059c3cd55287e105d8d5ea,2017-11-27 21:35:51,2017-11-27 21:35:51,2,0.0,0 - 30 days
5ace05247b6926d3e595ac4de6620b1d,2017-09-29 22:44:21,2017-09-29 22:44:22,2,1.1574074074074073e-05,0 - 30 days
5ad31e19d737a51f803e6986bbd119ff,2017-07-11 09:55:09,2017-07-11 11:47:04,2,0.0777199074074074,0 - 30 days
5ad84888519e10ff52d8af00641d41bc,2018-06-01 15:08:12,2018-08-03 13:42:20,2,62.94037037037037,31 - 90 days
5ad96d7a95788923e8ff455366a90015,2017-03-31 01:33:15,2017-06-17 21:09:49,2,78.81706018518518,31 - 90 days
5af103d3f12fd83434cb97578a1e8d49,2017-03-04 16:07:37,2017-03-04 16:07:38,2,1.1574074074074073e-05,0 - 30 days
5af895ee7ff98368a5bf6faeddd18cec,2018-02-28 14:08:26,2018-02-28 14:08:27,2,1.1574074074074073e-05,0 - 30 days
5b07d855f3356e33b1434dfb5a035cd7,2017-07-28 11:56:39,2017-08-27 19:48:58,2,30.327997685185185,0 - 30 days
5b09c620db60411b0be6f1817c6cbe71,2017-08-22 16:50:10,2017-08-22 16:50:11,3,1.1574074074074073e-05,0 - 30 days
5b1ae94194ff6e974356063557746e47,2017-04-18 21:13:54,2017-05-20 17:52:37,2,31.86021990740741,31 - 90 days
5b26618da34612cc4947bbf6ef4fb67c,2018-02-17 11:16:53,2018-02-17 11:16:54,2,1.1574074074074073e-05,0 - 30 days
5b2c2b2a8d9e890debe309928d321f20,2017-06-26 11:44:18,2017-06-26 11:44:22,2,4.6296296296296294e-05,0 - 30 days
5b3186d7cf904f2f9369aec26faba4d2,2017-09-20 17:12:10,2017-09-20 17:41:11,3,0.020150462962962964,0 - 30 days
5b3b19201bb81179198a9ce0d26ae56f,2018-04-19 16:33:33,2018-05-25 21:15:02,2,36.195474537037036,31 - 90 days
5b40b6d003822b8ff229a910784fe4e5,2018-03-05 20:13:00,2018-03-05 20:13:00,2,0.0,0 - 30 days
5b52858bcdab75cfc4593b13ea32db62,2017-07-21 00:45:06,2017-07-21 00:45:07,2,1.1574074074074073e-05,0 - 30 days
5b59166412dd5595f77a43b217c39132,2017-11-28 18:03:32,2018-05-09 17:04:10,2,161.95877314814814,91 - 180 days
5b65c2693d8103d23aa910cd33d68daa,2017-10-31 22:19:42,2017-10-31 22:19:42,2,0.0,0 - 30 days
5b71ca52f13f79c2be72b2aad8755c0a,2017-07-29 19:30:58,2017-08-04 19:12:56,2,5.987476851851852,0 - 30 days
5b881f1b0bea55f5933b61c9a99c9ecc,2018-02-14 18:04:44,2018-02-14 18:04:45,2,1.1574074074074073e-05,0 - 30 days
5b8a75e77489899ad9e6d57273aafd7f,2017-07-18 13:02:38,2017-07-18 13:02:39,2,1.1574074074074073e-05,0 - 30 days
5bad02ee81a2002eb3b5b84d32bfc15f,2018-02-20 23:02:50,2018-02-22 20:46:34,2,1.9053703703703704,0 - 30 days
5bc94b60050224af3dfdd2377c7e93e6,2017-01-31 13:41:55,2017-01-31 13:41:56,2,1.1574074074074073e-05,0 - 30 days
5bdb6f56a8fb4272b802f504bb6d1287,2018-02-06 12:16:50,2018-02-06 12:16:52,3,2.3148148148148147e-05,0 - 30 days
5c00e849b56a56ea31560d5d66f933e9,2018-07-04 09:53:34,2018-08-12 12:04:03,2,39.09061342592592,31 - 90 days
5c117c579cb98a9c6c50e1301a349f3a,2017-06-02 11:48:32,2017-06-02 21:52:23,2,0.41934027777777777,0 - 30 days
5c2b5c09534917d37857557d37ed9205,2018-02-11 12:49:34,2018-06-17 08:29:35,2,125.81945601851852,91 - 180 days
5c4b7aa014e584d78525c38717510f01,2017-05-10 19:40:39,2017-05-10 19:40:40,2,1.1574074074074073e-05,0 - 30 days
5c5a99e5ef172fbf5fc8a68e6bb2e0ab,2018-02-19 01:49:59,2018-02-19 01:49:59,2,0.0,0 - 30 days
5c65a2076c901f375b01aad3a60c7447,2018-02-19 21:58:59,2018-02-19 21:58:59,2,0.0,0 - 30 days
5c77da09750b42091c93c331d544ab53,2018-01-03 17:06:02,2018-07-21 07:47:04,2,198.6118287037037,180+ days
5c82413b70d65c90e4f9e465c303fc82,2017-01-31 17:57:18,2017-02-28 22:22:48,2,28.184375,0 - 30 days
5c8b41ba21631ca0432de4a10a56fcf1,2017-03-20 10:44:52,2017-04-10 11:02:37,2,21.012326388888887,0 - 30 days
5c96017028584678dd28c139566b87c0,2018-03-22 11:30:05,2018-04-14 08:22:43,2,22.86988425925926,0 - 30 days
5cb8c9998e51269d6c8c983def687414,2017-09-18 10:50:16,2017-12-20 16:32:00,2,93.23731481481481,91 - 180 days
5cbfdb85ec130898108b32c50d619c39,2018-01-24 17:53:44,2018-03-14 13:42:40,2,48.82564814814815,31 - 90 days
5cc1eb5a94ab59494d63f06a5c7eec15,2018-03-04 10:51:11,2018-03-04 10:51:13,2,2.3148148148148147e-05,0 - 30 days
5cfc9643603c095fd7ed86a50fa17887,2017-11-29 09:39:20,2017-11-29 09:39:20,2,0.0,0 - 30 days
5d2dfd15300a557c1ddfad56a8460226,2018-03-01 11:48:05,2018-03-16 15:48:47,2,15.167152777777778,0 - 30 days
5d323409404dee6bdb0f6cf9ef828dae,2017-04-25 21:25:09,2018-07-02 18:16:59,2,432.86932870370373,180+ days
5d63628c95182301765aa1482b0293aa,2017-11-16 23:39:03,2018-08-10 20:50:51,2,266.8831944444444,180+ days
5d77cf4bfc8132075fc589f355875baa,2018-02-03 18:21:54,2018-02-03 18:21:54,2,0.0,0 - 30 days
5d7ebc17bf6d80838b3b42da27e0a5f7,2017-12-18 18:34:30,2018-04-14 11:04:35,2,116.68755787037037,91 - 180 days
5d7ff357d021646cf8adf2601713f624,2018-03-07 13:58:35,2018-06-07 16:12:03,2,92.09268518518519,91 - 180 days
5d8f5f50fd2c7fbe8b335d945105a37f,2018-04-09 17:39:10,2018-04-09 20:34:20,2,0.12164351851851851,0 - 30 days
5d923ccb7548741c453df5a825da2515,2018-03-31 13:05:33,2018-04-12 15:21:23,2,12.094328703703704,0 - 30 days
5dbba6c01268a8ad43f79157bf4454a0,2017-11-18 00:58:41,2018-02-17 21:51:05,2,91.86972222222222,91 - 180 days
5dcc06236098340b984e6865ba850593,2017-03-28 17:24:45,2017-03-28 17:24:46,2,1.1574074074074073e-05,0 - 30 days
5dda09ed137461608be539348c1dac39,2018-02-10 15:13:12,2018-02-10 15:13:12,2,0.0,0 - 30 days
5e0aa142dc4760e62a74c1830cbf91b1,2017-01-20 00:25:39,2018-02-15 18:49:19,2,391.7664351851852,180+ days
5e24610c5a55f0b6ffdaf9e846d02362,2017-08-05 20:27:54,2017-08-16 18:06:38,2,10.901898148148149,0 - 30 days
5e3e9e897d07a80fc2af58088a84812a,2017-09-17 16:05:06,2017-11-03 21:21:10,2,47.21949074074074,31 - 90 days
5e492797fbeb54fb3e96629a55cdd480,2017-06-06 21:40:11,2017-06-06 21:40:12,2,1.1574074074074073e-05,0 - 30 days
5e85d75d3e3df197f08b89a2cbaad54b,2017-03-10 19:32:26,2017-03-10 19:32:27,2,1.1574074074074073e-05,0 - 30 days
5e8f38a9a1c023f3db718edcf926a2db,2017-08-21 10:20:23,2017-09-13 16:12:04,5,23.244224537037038,0 - 30 days
5ebd246be48ec18bf3859966284333f8,2018-02-02 18:19:18,2018-02-02 18:19:21,2,3.472222222222222e-05,0 - 30 days
5ec4c90f549177a8cbbbc7419353e66a,2017-03-18 01:58:41,2017-08-03 17:22:24,2,138.6414699074074,91 - 180 days
5ed4db82a99daa916b5a11e6c48df670,2017-03-15 16:38:56,2017-03-15 16:38:57,2,1.1574074074074073e-05,0 - 30 days
5edb5e94dde197f8fd914eec2975b891,2017-05-21 19:59:32,2017-05-24 20:08:23,2,3.0061458333333335,0 - 30 days
5ee1a7e84a17bcddc784977557a7a186,2017-10-04 08:17:30,2017-10-04 08:17:30,2,0.0,0 - 30 days
5eefb861d4921a3e628bbc65c50a480a,2017-03-05 21:47:58,2018-08-05 15:48:29,2,517.7503587962963,180+ days
5efcc46e1fee22373a28eb2b0f26a6fc,2017-05-16 12:28:32,2017-05-16 12:28:33,2,1.1574074074074073e-05,0 - 30 days
5f2a213343d506264f78cb82dd914434,2017-02-14 15:39:32,2017-06-08 11:30:04,2,113.82675925925926,91 - 180 days
5f435bbe57e905e19378fa56b60e9d16,2017-11-29 18:40:27,2018-01-04 14:16:56,2,35.817002314814815,31 - 90 days
5f45aa4ef9b8fb99b95d33a970bb64a7,2017-08-02 15:01:48,2017-09-18 01:02:59,3,46.417488425925924,31 - 90 days
5f66ee1b2e030748fdb83ab9b01a7064,2017-07-12 10:16:54,2017-09-20 07:54:43,2,69.90126157407407,31 - 90 days
5f7f2f316d856064acee6f1db7c9f63f,2017-08-27 14:15:47,2017-08-27 14:15:47,2,0.0,0 - 30 days
5f80e1b868be57e4d50ae6bbeae78d77,2017-09-26 13:02:17,2018-02-27 13:25:14,2,154.0159375,91 - 180 days
5f8ad624020f7db33a63d5a0e5d14348,2018-07-29 07:27:26,2018-08-01 03:10:03,2,2.821261574074074,0 - 30 days
5faabfe6772088c4d906b63fa81ac63d,2017-07-18 12:35:54,2018-07-13 18:38:56,2,360.25210648148146,180+ days
5fb5bf48cd408d971f873069e5178898,2017-05-06 20:28:24,2017-10-24 18:18:17,2,170.9096412037037,91 - 180 days
5fd82666f1e64606820d24e3fbb5d160,2017-11-10 14:15:44,2017-11-10 14:19:52,2,0.0028703703703703703,0 - 30 days
5fe117882be55ee9ad0d6c6c56d11019,2018-06-25 20:48:30,2018-08-12 19:14:56,2,47.93502314814815,31 - 90 days
5ff735d120cf4ec4adefd9766f703bf5,2018-02-16 10:35:05,2018-03-27 14:11:00,2,39.14994212962963,31 - 90 days
5ffbc70da7ad1808b6899421caa84fbe,2017-05-01 18:11:50,2017-05-01 18:11:52,2,2.3148148148148147e-05,0 - 30 days
601bf929b8d0a8feecab068a2110ae1f,2017-12-17 14:36:14,2017-12-17 15:34:23,2,0.04038194444444444,0 - 30 days
606441378b517f9eeb89f9154a1c4d4f,2017-06-10 21:50:43,2017-06-10 21:50:44,2,1.1574074074074073e-05,0 - 30 days
6084496782926c56bf04c556331bf884,2017-09-17 15:08:41,2018-07-11 00:47:20,2,296.40184027777775,180+ days
60863e9f13562f664b73e6f76ff85910,2018-05-20 18:58:04,2018-08-03 03:08:17,2,74.34042824074074,31 - 90 days
608646d3514cc48a27d666e313cfe0cc,2017-07-14 17:10:11,2017-07-14 17:10:12,2,1.1574074074074073e-05,0 - 30 days
609adc68db390a15fd21648c496f50b7,2017-03-12 14:02:57,2017-03-12 14:02:57,2,0.0,0 - 30 days
609b7feab0f0c9726929ec4891447b02,2017-07-18 19:08:27,2017-12-29 09:13:12,2,163.58663194444443,91 - 180 days
60a22f2188cd2b544c45f103d0e00539,2017-07-20 14:32:34,2017-09-14 20:27:07,2,56.24621527777778,31 - 90 days
60d2dc24e6a89bd218f646df03674e5b,2018-07-11 22:18:53,2018-07-13 13:42:14,2,1.6412152777777778,0 - 30 days
60e6fe581610db699ac03fec61f4d53f,2017-01-26 15:37:27,2018-02-06 16:59:28,2,376.0569560185185,180+ days
60f874c577dc096ecd52bd0bf6bd5942,2018-02-25 06:42:40,2018-04-17 09:48:44,2,51.12921296296296,31 - 90 days
61181b9bc9188678b5991d89064dd961,2017-02-24 23:39:21,2017-10-11 00:19:17,2,228.02773148148148,180+ days
615922c430abddd368735199c38e735d,2017-04-24 16:24:58,2017-10-08 22:59:49,3,167.27420138888888,91 - 180 days
6197167907273be5ee2c7ab59d4ec8e1,2018-01-27 18:47:46,2018-01-27 18:47:46,2,0.0,0 - 30 days
61b6a01709e3d754942803765b85eea6,2017-08-17 09:49:45,2017-08-17 09:49:45,2,0.0,0 - 30 days
61fe766e454d5e750b33250035b4311d,2018-05-18 23:47:11,2018-08-18 13:21:42,2,91.56563657407408,91 - 180 days
6204c4e582a95b6a350adf6988623bfb,2017-09-17 22:44:26,2017-10-18 12:14:29,3,30.56253472222222,0 - 30 days
6222ef69df52b4ed71be551725551cc0,2017-01-05 13:33:45,2017-01-05 13:37:27,3,0.0025694444444444445,0 - 30 days
6223bdc5aab952ee49dea3511f89e7ec,2017-11-21 10:28:26,2018-01-03 09:16:57,2,42.9503587962963,31 - 90 days
623674d39fd0350df92b1f91c469ba39,2018-02-08 18:36:24,2018-02-08 18:36:31,2,8.101851851851852e-05,0 - 30 days
6287d15cdf992224e7bb7010c69c4095,2018-02-08 04:56:27,2018-07-17 20:23:46,2,159.6439699074074,91 - 180 days
628bdd93abd27fbdd50f4e2e91ec64b3,2018-01-02 09:45:15,2018-06-14 20:09:31,2,163.43351851851853,91 - 180 days
6292600f71fe592f716a3e542f184d18,2017-08-10 18:04:32,2017-08-10 18:04:32,2,0.0,0 - 30 days
62a25a159f9fd2ab7c882d9407f49aa9,2017-08-29 14:39:21,2017-12-07 20:33:24,2,100.24586805555556,91 - 180 days
62b8761192c86f4ead06f4a433096a2b,2018-05-07 09:01:58,2018-07-04 12:04:21,2,58.12665509259259,31 - 90 days
630331e73a79ae9a2ba821bd326ea298,2017-07-05 07:54:13,2017-07-05 07:54:14,2,1.1574074074074073e-05,0 - 30 days
6316cfb9fc33f7962f7459a3bc144a89,2018-03-26 18:07:28,2018-04-01 20:26:00,2,6.096203703703703,0 - 30 days
6321cbc5ca73fae88f1acccaa086ecdf,2017-12-19 17:52:01,2018-03-06 21:36:20,2,77.15577546296296,31 - 90 days
63387fd3e05eab4e51cf704f233db5a2,2018-01-23 14:48:15,2018-01-23 14:48:16,2,1.1574074074074073e-05,0 - 30 days
633aa358e90a435dc47a30af5a0a832d,2018-04-08 09:17:01,2018-07-21 15:26:59,2,104.2569212962963,91 - 180 days
634420a0ea42302205032ed44ac7fccc,2018-08-16 13:09:43,2018-10-01 15:30:09,2,46.09752314814815,31 - 90 days
6345e3b3ba5ee47685e29ec5febc8155,2018-02-09 17:12:43,2018-04-21 21:06:08,2,71.16209490740741,31 - 90 days
6358b15ef7fa9b1210f1a5735cabd3d9,2018-03-02 14:16:42,2018-03-02 14:16:44,4,2.3148148148148147e-05,0 - 30 days
636443768344855307bfe5f2f2f6ba2e,2018-05-29 18:09:36,2018-07-18 20:32:33,2,50.099270833333335,31 - 90 days
63669b3731dcc014feec668c3d888aa0,2017-08-17 12:46:48,2018-02-18 19:20:46,2,185.27358796296295,180+ days
636f22218f8430a8463c5ddc5f68fc62,2017-05-30 17:36:49,2017-07-09 17:49:06,2,40.00853009259259,31 - 90 days
63adc4def3cd3c39bd83083d737d98b5,2018-06-20 17:38:09,2018-08-22 14:00:26,2,62.84880787037037,31 - 90 days
63b4253e688c57bdaa18741b3fea5a01,2018-03-11 18:52:10,2018-03-11 18:52:11,2,1.1574074074074073e-05,0 - 30 days
63cfc61cee11cbe306bff5857d00bfe4,2017-05-11 14:39:53,2017-05-21 16:19:58,6,10.069502314814814,0 - 30 days
63ded44f46d409896e3b7c47daa688ae,2018-01-08 11:30:09,2018-05-31 10:09:56,2,142.94429398148148,91 - 180 days
63df651d5e8adb6a0e4baeb66a0eea37,2017-09-01 10:33:16,2017-09-01 10:33:16,2,0.0,0 - 30 days
63dfbd8f45b63fcf5c5aa1f023209592,2018-07-24 09:46:25,2018-07-24 09:46:25,2,0.0,0 - 30 days
6409bccd4062c7105e9fd94c9a72082c,2017-07-07 09:14:09,2018-05-01 21:50:35,2,298.52530092592593,180+ days
640e0d867e85601bd8e64029df6034b5,2017-12-06 08:31:24,2017-12-06 08:31:25,2,1.1574074074074073e-05,0 - 30 days
641584b3ec3027aaf8fa9c088f1a1a00,2017-06-28 06:52:27,2017-11-05 09:53:54,2,130.12600694444444,91 - 180 days
6419a1be8feac26ec793667b71cbaeb4,2017-06-04 23:49:13,2017-07-30 21:18:52,3,55.89559027777778,31 - 90 days
6428403ac3b03984c38fd083fa1647b0,2017-05-16 09:12:37,2018-04-12 08:18:41,2,330.9625462962963,180+ days
6457b2cb5462c1217e8e6d36b0ff39d2,2017-11-18 14:33:01,2017-11-18 14:33:04,2,3.472222222222222e-05,0 - 30 days
64652d43a3e2bbf0ce0ac8675b21b0c8,2018-07-14 18:12:49,2018-07-14 18:12:49,2,0.0,0 - 30 days
6469f99c1f9dfae7733b25662e7f1782,2017-09-19 01:02:44,2017-10-05 13:16:25,7,16.509502314814814,0 - 30 days
64a5301ff6bdaf1baa00058672402d7a,2017-08-04 12:23:32,2017-08-04 12:23:32,2,0.0,0 - 30 days
64df076fb557552498049bb07ed1cd5f,2018-04-25 10:52:10,2018-04-25 10:52:10,3,0.0,0 - 30 days
64e037f54b4ff31461175bcc8bd210f4,2018-01-17 14:35:31,2018-01-17 14:35:32,2,1.1574074074074073e-05,0 - 30 days
64e9a736591627c469dae6f3d1592a61,2017-06-08 20:02:41,2017-06-08 20:02:42,2,1.1574074074074073e-05,0 - 30 days
64fbafb2935c7a2588d6a26a9d750487,2017-01-27 14:59:17,2017-01-27 14:59:18,2,1.1574074074074073e-05,0 - 30 days
65571628698194dbda526c22f5ed2317,2018-07-19 07:38:53,2018-07-19 07:38:53,2,0.0,0 - 30 days
65663adf8c7a498b79e57ff84ab2b654,2017-04-23 00:03:58,2017-11-24 22:14:50,2,215.92421296296297,180+ days
6576977872dd65f5b680e944afe3a724,2017-09-08 00:05:47,2017-09-08 00:05:48,2,1.1574074074074073e-05,0 - 30 days
657dec397f46d84dbe64df2b0389b3cc,2017-11-01 11:29:30,2017-12-20 15:47:46,2,49.179351851851855,31 - 90 days
65859c1624b7642ec285b4a71efd9506,2018-01-18 12:23:45,2018-05-01 12:22:52,2,102.99938657407408,91 - 180 days
6594a65023bcb47539aa91b0f8e98e00,2017-12-01 09:38:42,2018-03-08 19:22:48,2,97.405625,91 - 180 days
65a6ec5d6e6e86bc43a2cbf235be4675,2018-04-13 16:12:50,2018-04-29 08:32:16,2,15.680162037037038,0 - 30 days
65ab3020e6a929e4e9a4b61e643da832,2017-01-18 00:31:51,2017-07-16 18:53:48,2,179.76524305555554,91 - 180 days
65d6b6a1113bd6152e3307e99c5104c9,2018-02-27 13:23:37,2018-02-27 13:23:38,2,1.1574074074074073e-05,0 - 30 days
65d7c0904b51f5b432e71a14b25121dc,2017-11-08 15:52:48,2017-11-08 15:52:49,2,1.1574074074074073e-05,0 - 30 days
65e2735427dedd6a787e5b065b3cc41e,2017-09-28 07:17:11,2017-11-21 18:08:10,2,54.45207175925926,31 - 90 days
65ee274b862c5c053367be8a70dbc029,2018-04-25 10:49:37,2018-05-25 08:54:21,2,29.919953703703705,0 - 30 days
662d88cbd178177a50141111d3a6932c,2018-01-30 14:57:32,2018-01-30 14:57:33,2,1.1574074074074073e-05,0 - 30 days
664fe7916cb8709c6b848383c6361dcc,2017-03-16 20:04:07,2017-10-25 13:32:55,2,222.72833333333332,180+ days
665f8bbe2cf428657aeb0572c27fef58,2018-01-15 10:33:41,2018-01-15 10:33:44,2,3.472222222222222e-05,0 - 30 days
6668e1ae499e2e9be475b7f708580232,2017-05-21 20:26:51,2017-06-11 18:18:07,3,20.91060185185185,0 - 30 days
668ddbdd3ee99d4339eadfef21531d45,2017-07-29 01:28:34,2017-07-29 01:28:37,2,3.472222222222222e-05,0 - 30 days
66980c3775537536f77b434d74e520f5,2018-03-31 15:08:21,2018-03-31 15:08:21,3,0.0,0 - 30 days
66ae4493fc7c710a8db6d9620901f40d,2017-10-16 12:18:33,2018-06-28 16:47:58,2,255.1870949074074,180+ days
66e56177b9bf464a930e57edc3694403,2017-09-13 16:48:06,2018-04-06 09:53:08,3,204.7118287037037,180+ days
66f4eec9da64df09009a7f397c2a32b1,2018-01-24 12:33:57,2018-01-24 12:33:58,2,1.1574074074074073e-05,0 - 30 days
66ffab11964dda54f46a826323635120,2018-01-20 20:00:12,2018-01-20 20:00:12,2,0.0,0 - 30 days
672452f682b6cd65d8256f3e527bb93f,2017-08-15 11:34:24,2017-08-18 15:33:26,2,3.1659953703703705,0 - 30 days
67466b5877fad6f2279c1fb634c9aa5c,2017-06-18 21:32:41,2017-07-23 21:58:58,3,35.018252314814816,31 - 90 days
674e552503d21cd547fdd0de0bfb9be2,2018-04-05 19:10:26,2018-05-26 19:30:51,2,51.01417824074074,31 - 90 days
67626c49069bdf05ff127d59a6649948,2017-12-09 02:18:17,2017-12-09 02:25:26,2,0.004965277777777778,0 - 30 days
67806996190d3af60247f64e1d03877f,2018-07-29 12:29:19,2018-07-29 18:24:11,2,0.24643518518518517,0 - 30 days
67bddde1844b238fe25995cde1612b4e,2018-04-26 22:47:26,2018-06-27 13:53:32,2,61.62923611111111,31 - 90 days
67e747b902c2d5c2e5a266b00d965145,2018-03-12 17:42:34,2018-03-12 17:42:36,2,2.3148148148148147e-05,0 - 30 days
67fcfe4915b93624867d350b8191ff7b,2017-06-25 13:48:09,2017-06-25 13:48:10,2,1.1574074074074073e-05,0 - 30 days
681405a99faf3ac8afc2dc018a3f67bb,2018-03-01 18:03:33,2018-04-09 14:19:27,2,38.844375,31 - 90 days
6814507660c72078cbada9b3660683dd,2017-07-27 10:31:48,2017-07-27 10:31:49,2,1.1574074074074073e-05,0 - 30 days
6832ad9ac97f82c7c5d614fb8e632e7b,2017-08-28 11:34:42,2018-06-03 18:48:07,2,279.3009837962963,180+ days
6832bd3ca1bf89c9e60bf3c91d846ec9,2017-11-17 13:17:27,2018-01-23 17:23:54,2,67.17114583333333,31 - 90 days
683459cab0129375a071efb00da7c191,2018-08-17 11:12:26,2018-08-25 12:54:41,2,8.071006944444445,0 - 30 days
683cda1913456fb0cca302892b37a052,2017-12-19 20:36:22,2018-01-05 12:18:07,2,16.653993055555556,0 - 30 days
68497ce04e9b12cb402671a29acdf6a2,2017-11-25 20:12:05,2018-05-10 20:00:57,2,165.99226851851853,91 - 180 days
684fdd89d877968793cfb9c8f7ef7874,2018-01-23 18:20:29,2018-05-13 22:06:07,2,110.15668981481481,91 - 180 days
68519bc41532d0f1a6613d278f86a5bd,2017-09-10 19:09:22,2018-01-15 09:30:55,2,126.5982986111111,91 - 180 days
6856178ce177496369e3a83fd143e621,2017-04-03 23:05:43,2017-11-25 23:32:45,2,236.01877314814814,180+ days
686c46ddc0828bf3c0af072c44dd96b7,2018-03-27 19:07:08,2018-03-27 19:07:09,2,1.1574074074074073e-05,0 - 30 days
6871b052a835417d6d2e11153e0d3c2c,2017-05-10 21:11:07,2018-02-25 15:14:28,2,290.7523263888889,180+ days
688d5274462f91fa0332582b748ce41d,2017-03-13 20:27:59,2018-01-10 21:22:20,2,303.03774305555555,180+ days
6894b2a8a74e1c7fb9452d0cb861e634,2017-12-17 17:30:45,2017-12-17 17:30:46,2,1.1574074074074073e-05,0 - 30 days
6897ea9a949c1009af8cc38e691f260b,2018-08-01 15:46:59,2018-08-02 14:26:38,2,0.9442013888888889,0 - 30 days
68ab9bfe2388b0b36614c7000b8b1cf8,2017-11-23 18:41:44,2017-11-23 19:06:05,2,0.016909722222222222,0 - 30 days
68f412bbb674141ab49ef13b501baf45,2017-11-30 08:57:44,2018-07-17 20:10:33,2,229.46723379629628,180+ days
692074726678229d1fe1887a9f0abb14,2017-11-24 10:28:01,2017-11-24 10:28:02,2,1.1574074074074073e-05,0 - 30 days
693b3203dcd4cef5288c5fd8d53f0efe,2017-09-22 22:33:22,2017-09-22 22:39:25,2,0.004201388888888889,0 - 30 days
6940e424e41600ef36c79b6d8b4a2ecd,2017-08-14 12:10:22,2017-08-28 15:22:35,2,14.133483796296296,0 - 30 days
695dee4c200e4cabdfdb01287f5fd29d,2018-03-02 16:53:54,2018-03-02 16:53:56,2,2.3148148148148147e-05,0 - 30 days
696fca7af7f751e1749087433a92c790,2018-05-20 18:29:40,2018-07-22 22:00:38,2,63.14650462962963,31 - 90 days
697452ef6f8c549b18ffecd3e0197460,2018-03-02 12:59:08,2018-06-13 16:55:35,2,103.16420138888888,91 - 180 days
69768afd389429f6ec48199e5fb8e61a,2017-12-16 17:33:23,2018-04-07 17:52:04,2,112.01297453703704,91 - 180 days
698118425f0afbd4bee557e51b6bd49b,2017-12-31 14:52:35,2018-04-01 19:45:02,2,91.20309027777778,91 - 180 days
698a9cafcc15cac8cdbaee64adc6efbe,2018-01-29 13:09:31,2018-01-29 13:09:33,2,2.3148148148148147e-05,0 - 30 days
699003f10173022740145aa4aaeaccd5,2017-11-25 18:30:06,2017-11-25 18:30:07,2,1.1574074074074073e-05,0 - 30 days
69aab61687fa416ef601af332bd0ff0d,2017-01-20 19:44:07,2018-01-11 22:57:36,2,356.1343634259259,180+ days
69e333213f390c27d001d415de206697,2017-10-09 10:48:04,2017-10-09 10:48:10,2,6.944444444444444e-05,0 - 30 days
69e4074cb5368c1539397e4ea570757a,2017-01-31 17:31:36,2018-02-11 22:48:20,2,376.2199537037037,180+ days
69f2934ad8b50cc05587a94cc7d68fc9,2017-12-01 14:38:00,2017-12-01 14:38:00,3,0.0,0 - 30 days
69f7e342c28eb22ef6845facd926e810,2018-06-14 20:46:57,2018-06-24 23:35:31,2,10.117060185185185,0 - 30 days
6a0d68294a58730f94eab8de2abcf050,2018-07-12 10:24:33,2018-07-12 10:40:34,2,0.011122685185185185,0 - 30 days
6a2ae83cded378a462e86a2e4885e750,2018-03-05 20:21:02,2018-03-05 20:21:03,2,1.1574074074074073e-05,0 - 30 days
6a2c39f27e5c40a4d2a0cd94aeb8c925,2017-12-07 13:38:29,2018-01-26 10:52:37,2,49.88481481481482,31 - 90 days
6a3a03f3c7afeb25ce61700d914a841a,2018-02-15 22:43:41,2018-02-15 22:43:42,2,1.1574074074074073e-05,0 - 30 days
6a41171c962a6356e8ea95518821dd45,2018-02-16 15:41:37,2018-02-16 15:41:38,2,1.1574074074074073e-05,0 - 30 days
6a56e8e6c20175d122a962a5e5dfcf5e,2017-09-04 16:39:25,2017-09-04 16:39:26,2,1.1574074074074073e-05,0 - 30 days
6a583f4c6790a4c8330beb7612e17f42,2018-05-02 15:22:27,2018-05-07 15:47:59,2,5.017731481481482,0 - 30 days
6a5b2a807a2aca962c4badc649cb40b2,2017-02-07 15:46:53,2017-02-07 15:46:54,2,1.1574074074074073e-05,0 - 30 days
6a64e2cf94a5779760698c1e25a2852a,2017-09-26 12:48:14,2017-09-26 12:48:14,2,0.0,0 - 30 days
6a6a7141119ceaeca4dfbae7a580a515,2017-09-15 14:45:57,2018-05-14 12:37:33,3,240.91083333333333,180+ days
6a7e7be8e652da4e4777866459f9b007,2018-02-11 00:58:51,2018-02-11 00:58:52,2,1.1574074074074073e-05,0 - 30 days
6a80a86f478a93a5f4c7ba8db6441a6b,2017-07-26 17:22:33,2017-07-26 17:22:34,3,1.1574074074074073e-05,0 - 30 days
6a9e15d6fa8ce1cabf193c21aa577f64,2018-06-03 23:22:33,2018-06-18 09:30:44,3,14.422349537037038,0 - 30 days
6aa14366984bcc5f1ea760928283d451,2017-08-13 11:49:43,2018-01-29 10:43:48,2,168.95422453703705,91 - 180 days
6aa2294d9975e319365a586ba919de73,2017-12-10 12:04:08,2018-03-04 10:40:02,2,83.94159722222223,31 - 90 days
6abc999251612920bec93b3be616fa1d,2017-05-07 20:32:07,2017-06-12 20:31:06,2,35.99929398148148,31 - 90 days
6b1b676621a55a12546f8eeeaa12d4a7,2017-09-19 22:26:27,2017-11-03 12:49:17,2,44.599189814814814,31 - 90 days
6ba987d564bad1f9da8e14b9d3b71c8f,2018-08-15 12:24:08,2018-08-28 20:05:14,2,13.320208333333333,0 - 30 days
6bb0bebc0758e1a834cb5bf96b6d8feb,2017-06-29 13:06:33,2018-05-07 22:34:11,2,312.3941898148148,180+ days
6bb535b0906b43e0041916897667aeed,2017-06-08 22:46:23,2017-06-08 22:46:23,3,0.0,0 - 30 days
6bb7c9ac69dc13b436f413acec41a1b6,2018-07-19 16:22:41,2018-08-14 08:14:45,2,25.66115740740741,0 - 30 days
6bbed249de21777c6f7d5074e6c469e9,2017-12-20 12:36:01,2018-04-16 18:21:46,2,117.24010416666667,91 - 180 days
6bd33258105ef24dbf6d82bb7e3a06b2,2018-03-06 12:04:16,2018-03-06 12:04:18,2,2.3148148148148147e-05,0 - 30 days
6be28ae15cd1e7b3f3f36ac483512822,2017-11-24 00:08:10,2017-11-24 00:08:11,2,1.1574074074074073e-05,0 - 30 days
6bf558c1aae5004b6a410c3294c5e119,2018-06-30 14:37:39,2018-07-11 19:32:26,2,11.204710648148149,0 - 30 days
6c005d6d2d21634f3eabb0720c780d75,2018-03-30 15:19:20,2018-05-16 22:06:09,2,47.28251157407407,31 - 90 days
6c2f6983a60ac0dc8a9ee65579959538,2017-09-28 14:00:05,2017-10-17 12:39:00,2,18.94369212962963,0 - 30 days
6c45a9350eb05fba53a297c2491a32c5,2017-05-06 07:14:03,2017-05-06 07:18:28,2,0.0030671296296296297,0 - 30 days
6c5524784076044070d9fe6cf151912d,2018-01-07 20:40:40,2018-08-08 18:25:49,2,212.90635416666666,180+ days
6c70bee45f245a4ebeddb2ece21b567d,2017-05-03 21:31:55,2017-07-03 20:50:49,2,60.97145833333333,31 - 90 days
6c722fdc0ca8a586dcfa980f2f1278eb,2017-07-15 12:54:09,2017-09-01 11:58:14,2,47.96116898148148,31 - 90 days
6cad2595071b142d5f90563f43558cc9,2017-12-03 11:32:32,2017-12-03 11:32:32,2,0.0,0 - 30 days
6caedf47165dd303190404ba0d47e802,2018-02-06 08:31:14,2018-04-17 07:38:17,2,69.96322916666666,31 - 90 days
6cea4abf8f997010abe48d8b4ef9c5f2,2018-02-25 21:03:03,2018-07-18 15:22:25,2,142.76344907407406,91 - 180 days
6cf5a61d865d979d060812cdb48ce484,2017-09-17 20:40:42,2018-03-29 11:43:29,2,192.62693287037038,180+ days
6d3d5771a12f5e7d00729f940bb28fd2,2017-06-23 10:38:23,2017-07-26 11:46:34,2,33.047349537037036,31 - 90 days
6d443b75cff956bb73dce7385033e266,2017-08-31 23:55:57,2017-09-05 09:29:17,2,4.398148148148148,0 - 30 days
6d74740d498504341df1e7f104daebf0,2017-07-11 17:30:25,2018-01-15 21:59:26,2,188.18681712962962,180+ days
6d97028799b1d0a91160e11d45cfeb7b,2017-04-15 18:35:59,2017-05-28 16:31:17,2,42.913402777777776,31 - 90 days
6d983c87bdeb0ca15734c8bdaa79a2ea,2017-11-17 19:41:48,2017-11-17 19:41:49,2,1.1574074074074073e-05,0 - 30 days
6dcf48fcc0c4d96dd7af8a0897ae9de8,2018-04-11 02:48:15,2018-07-17 14:25:51,2,97.48444444444445,91 - 180 days
6ddbc64bd04d40f7768ff088d94cbeb8,2018-04-09 22:58:05,2018-04-09 22:58:05,2,0.0,0 - 30 days
6e08abf5cfb67eeea9e48463da288788,2018-04-21 09:00:35,2018-05-26 12:46:18,2,35.15674768518519,31 - 90 days
6e0d94e83bae00a64c12c9497158ee1c,2017-08-04 10:08:25,2017-09-24 14:47:42,2,51.19394675925926,31 - 90 days
6e10d6571ddd6b7b58d61e4d5e7dde95,2018-07-30 18:34:13,2018-08-20 16:36:33,2,20.918287037037036,0 - 30 days
6e14116d3471123fcf057c203fd7e801,2018-01-04 15:29:14,2018-03-03 09:32:36,2,57.75233796296296,31 - 90 days
6e1512c1c3221bd24fa4848202727ab3,2017-06-27 11:17:51,2017-12-10 20:58:31,2,166.40324074074073,91 - 180 days
6e1550b8966f327f29bc06b18972dbec,2017-05-20 00:04:17,2017-05-30 20:09:15,2,10.836782407407407,0 - 30 days
6e26bbeaa107ec34112c64e1ee31c0f5,2017-07-04 21:57:51,2018-01-02 19:00:43,2,181.87699074074075,180+ days
6e2f539e9e0e323859a81079581db712,2017-09-19 09:24:34,2018-04-03 15:26:14,2,196.25115740740742,180+ days
6e620488162fe1129d32f26b751d770a,2017-09-28 21:07:47,2018-02-22 19:18:21,2,146.92400462962962,91 - 180 days
6e64dc929d62442c813375d68c4e0c2e,2018-02-25 20:10:26,2018-02-25 20:10:26,2,0.0,0 - 30 days
6e6fdec52c6dbf58721bf7a4eaf5b679,2017-10-21 15:54:50,2017-10-21 15:54:51,2,1.1574074074074073e-05,0 - 30 days
6e968652933d10e7a77047574d87e54a,2017-06-11 16:26:59,2017-06-11 16:37:43,2,0.007453703703703704,0 - 30 days
6eb453dca2505def092eb261e3a3d8d0,2017-06-23 13:00:47,2018-03-29 18:23:50,2,279.2243402777778,180+ days
6ecae395621d20aca9711709fedacade,2018-02-26 08:38:32,2018-02-26 08:38:33,2,1.1574074074074073e-05,0 - 30 days
6edeeed37ddd3dee7559f358b023ef9b,2018-05-11 15:35:55,2018-06-27 09:18:25,2,46.73784722222222,31 - 90 days
6ee2f345f4f2fbd1cafb6447a6b37642,2017-06-01 22:44:23,2017-06-08 23:28:16,2,7.030474537037037,0 - 30 days
6eefa309faab7725bf4b9dce147e4ae6,2017-08-01 19:11:08,2017-12-17 15:38:02,3,137.85201388888888,91 - 180 days
6ef4101366e4340921398ba91fff1426,2018-02-26 20:31:52,2018-02-26 20:43:12,2,0.00787037037037037,0 - 30 days
6f1b9f60ea8ee748140353648c2d8d8f,2017-04-05 17:54:31,2018-06-21 17:20:29,2,441.97636574074073,180+ days
6f22857001b77949eb8110295fced3ff,2017-10-16 18:08:18,2017-11-20 12:47:46,2,34.77740740740741,31 - 90 days
6f302f15a62c56b3100b67a81bfef328,2017-07-18 10:49:39,2017-12-18 21:47:55,2,153.45712962962963,91 - 180 days
6f36e0165218ac7ae521d8e44739e703,2018-01-02 14:44:14,2018-01-26 17:20:43,2,24.108668981481483,0 - 30 days
6f59eba24fd00a27069b57c896d8899a,2017-11-11 16:32:40,2018-07-29 19:58:34,2,260.1429861111111,180+ days
6f5c52ea47e32b73958b0ac0f3c34e88,2018-05-18 06:47:11,2018-05-27 12:20:21,2,9.23136574074074,0 - 30 days
6f64406ed5cfa4a2d9bd35e91bfd6587,2017-12-11 09:46:54,2017-12-11 09:46:54,3,0.0,0 - 30 days
6f65f19c2dcfcab8b76b2fafb5b840e1,2017-02-06 22:54:50,2018-03-22 23:59:55,2,409.0451967592593,180+ days
6f8e7d40046694539c87b98cb5096a28,2018-05-17 08:35:37,2018-05-24 14:20:48,2,7.239710648148148,0 - 30 days
6faa792efdf7c9c6eb7cfdf68aa5e581,2017-03-14 20:26:14,2017-10-09 19:27:57,2,208.95952546296297,180+ days
6fc92189a4d83f8f8eb046b050ce8687,2017-07-08 14:55:52,2017-07-08 14:55:53,2,1.1574074074074073e-05,0 - 30 days
6fe09f77ec8e29ed4e619c6841f6479b,2017-11-17 22:06:54,2018-06-06 13:17:17,2,200.63221064814815,180+ days
6ff62b85b8dd35a3402d54618bdafec6,2018-02-02 17:30:03,2018-02-05 16:12:45,2,2.9463194444444443,0 - 30 days
7018a5e068b8fd0912fed2d02952df23,2018-02-28 23:48:09,2018-04-15 13:12:40,2,45.55869212962963,31 - 90 days
704d4446bffad3f1d6b73a58426af36a,2017-09-01 15:50:27,2018-04-16 08:16:46,2,226.68494212962963,180+ days
70601471b692cc0879300373118041ff,2018-06-20 09:09:04,2018-06-22 13:11:10,2,2.168125,0 - 30 days
7063b55fee699193fd5e44253a7e4a98,2017-05-19 16:02:38,2017-05-19 16:02:39,2,1.1574074074074073e-05,0 - 30 days
706cdc310c7f626d1d2bc95c396202e5,2017-09-12 19:43:19,2017-09-12 19:43:20,2,1.1574074074074073e-05,0 - 30 days
70755e5b9df5988f592f3dec6279f1be,2017-09-22 10:06:28,2017-09-22 10:06:29,2,1.1574074074074073e-05,0 - 30 days
70aa9ef908248a2ec9e03b77ce1ff357,2018-05-01 12:48:33,2018-05-21 15:22:00,2,20.1065625,0 - 30 days
70ad91901ad4330af432978ff134fc6f,2018-03-12 16:53:08,2018-03-19 16:39:27,2,6.990497685185185,0 - 30 days
70c976663a07ebfd35d81c6179258391,2018-02-21 15:24:48,2018-02-21 15:24:49,2,1.1574074074074073e-05,0 - 30 days
70f0fca2435f0fa72fe85699630791fc,2017-02-09 11:01:14,2017-02-09 11:01:15,2,1.1574074074074073e-05,0 - 30 days
70ffda7e4167ce87ac620ab2c572ac4f,2017-09-22 13:40:26,2017-09-22 13:41:06,2,0.000462962962962963,0 - 30 days
71048f40f553973d48d6fe35d01a3afb,2017-12-05 13:56:28,2018-04-05 07:53:47,2,120.74813657407407,91 - 180 days
711066a7bba9951b1da0ce0f4302af23,2017-12-14 22:10:49,2018-02-07 09:58:30,2,54.49144675925926,31 - 90 days
712c4abfd9b054e7872aad2021a4aee3,2017-11-06 10:42:55,2017-11-17 19:55:32,2,11.383761574074073,0 - 30 days
718d5855edf637b8e2f213db87dab93d,2017-05-24 23:38:49,2017-10-16 15:08:15,2,144.6454398148148,91 - 180 days
719b416ebeb9f51638f343c4cc19f742,2017-10-27 17:33:33,2018-08-06 21:13:55,2,283.1530324074074,180+ days
719b758d12e3c1f243c66bf47b488be1,2018-01-13 10:56:36,2018-01-13 10:56:37,2,1.1574074074074073e-05,0 - 30 days
719f18245d86356b20dbfc6ebff6498d,2017-07-11 12:10:10,2018-06-18 16:49:24,2,342.193912037037,180+ days
71a26c172a544ccc789674f1fab9d951,2018-04-12 14:54:07,2018-04-13 13:45:45,2,0.9525231481481482,0 - 30 days
71a92fd3087501bcfba6e6e1ef7e8fd7,2017-05-10 13:17:10,2018-08-10 13:37:19,2,457.01399305555555,180+ days
71b14aca95bfbedbc5746d2c0a92d8e2,2017-11-20 12:53:36,2017-11-22 20:48:57,2,2.3301041666666666,0 - 30 days
71b8dc9ce21a7ca5344bde166e117c9f,2017-07-19 18:45:11,2018-03-07 20:21:18,2,231.0667476851852,180+ days
71bd6ff3f70090f785e26643f22c6484,2017-05-29 18:08:51,2018-04-27 12:54:04,2,332.78140046296295,180+ days
71d2dbb6d2f52d568ca9d69c815a4331,2017-03-29 02:00:08,2017-06-17 09:36:39,2,80.31702546296296,31 - 90 days
71d790b151c0349e5f5b2fbb4fbe1321,2017-12-13 15:36:27,2018-04-28 11:48:26,2,135.8416550925926,91 - 180 days
71df425cb9aec3337bc969df451d663a,2017-09-21 21:32:08,2017-09-29 16:22:26,2,7.7849305555555555,0 - 30 days
71e1f051740a6d2fcdc204e989035526,2017-05-22 14:21:42,2018-01-19 14:58:55,2,242.02584490740742,180+ days
71f5d6c0cf885d0b2b52836a4c469bc3,2017-03-23 16:34:16,2017-04-11 08:26:45,2,18.66144675925926,0 - 30 days
71f88e06eb78302859a034cd7d1877a1,2018-04-20 19:57:54,2018-05-14 12:34:50,2,23.692314814814814,0 - 30 days
72061fff095d8325b311ea24e2f4a2b5,2017-12-05 14:06:45,2017-12-12 22:27:23,2,7.347662037037037,0 - 30 days
723bb8aa118da56cd7644aa593d197f9,2018-02-19 12:39:37,2018-06-22 15:06:34,2,123.10204861111112,91 - 180 days
72421b30e46c895e99e8560a48a33fb6,2017-07-30 18:41:54,2018-08-13 23:58:38,2,379.2199537037037,180+ days
7263bdaf8bd8ca9e023f521f8ae50970,2017-03-13 08:43:09,2017-03-13 08:43:10,2,1.1574074074074073e-05,0 - 30 days
728a151b4593fb7ae0787158df28752a,2018-04-30 16:27:53,2018-06-06 11:44:08,2,36.802951388888886,31 - 90 days
728e4a7d0db4845270091ded0923c71f,2017-01-05 12:06:36,2017-01-05 12:09:08,3,0.0017592592592592592,0 - 30 days
729089b44985b34915decf7117d8fc2c,2017-11-23 09:27:47,2017-11-29 08:11:48,2,5.947233796296296,0 - 30 days
72e05cde2a8e5d8f08ca3ef3bcfadc63,2018-08-17 16:53:17,2018-08-17 16:53:17,2,0.0,0 - 30 days
72e79d08a90aa4e10f7e5aa76e65b258,2017-11-05 15:57:06,2017-11-05 15:57:07,2,1.1574074074074073e-05,0 - 30 days
72eb961337993c4c089cb9135b86de90,2018-01-24 13:52:59,2018-05-24 15:47:39,2,120.07962962962964,91 - 180 days
7305430719d715992b00be82af4a6aa8,2017-07-12 10:50:31,2017-11-23 15:05:54,4,134.17734953703703,91 - 180 days
730e4b7ede33b484516435d39ab4dc49,2017-02-14 10:44:33,2017-06-07 00:19:14,2,112.56575231481482,91 - 180 days
7311b47a208b4f5af09ccc62fafea9e2,2017-09-22 11:41:58,2017-12-01 11:09:24,2,69.97738425925925,31 - 90 days
7314e2017ab1883d59ccbc7318c4b3fc,2018-02-21 14:02:24,2018-02-21 14:02:31,2,8.101851851851852e-05,0 - 30 days
731a127666e5bc79810ebdc48eeff385,2018-02-13 22:54:16,2018-02-13 22:54:17,2,1.1574074074074073e-05,0 - 30 days
731ea3afd190908a9cbed04f42aa51e2,2017-11-27 18:39:50,2017-11-27 18:39:50,2,0.0,0 - 30 days
732d307839b02bc2d3a4c26b515ea2b9,2017-12-12 21:09:11,2018-03-03 21:49:27,3,81.02796296296296,31 - 90 days
7330a3475a2c65878c2c9b95266bef04,2018-03-03 10:01:19,2018-03-06 17:21:09,2,3.305439814814815,0 - 30 days
73601b1eec55943e90ce8d61253d5c09,2017-09-26 17:29:19,2017-11-01 13:39:49,2,35.840625,31 - 90 days
7370a0c1920f4a92e1f09463099e9b42,2018-02-06 09:34:21,2018-02-06 09:34:23,2,2.3148148148148147e-05,0 - 30 days
73768eba15a0744371ca5521eb2e51f5,2018-01-03 22:09:24,2018-01-03 22:26:49,2,0.012094907407407407,0 - 30 days
7379b57a7a2b9aa2741a1c564138b99a,2017-09-20 07:44:21,2017-12-06 22:55:35,2,77.63280092592592,31 - 90 days
738ffcf1017b584e9d2684b36e07469c,2017-10-13 12:24:20,2017-11-01 01:52:21,4,18.561122685185186,0 - 30 days
7395a64f37a30f9827ca4d8292b484e8,2017-06-20 14:01:10,2017-09-05 09:03:33,2,76.79332175925926,31 - 90 days
73a218a376e1c8e6a31799484fe514b8,2018-04-01 20:47:22,2018-04-19 10:03:08,2,17.55261574074074,0 - 30 days
73daba56d88fe2ed55fd098a179646d0,2017-11-25 14:04:10,2017-11-25 14:04:11,2,1.1574074074074073e-05,0 - 30 days
73de7b7b976fc6b75283b05f67fd6b5b,2017-11-14 20:08:13,2017-11-14 20:08:14,2,1.1574074074074073e-05,0 - 30 days
73f97c6a5af65a71194cc2265ae82501,2018-02-07 03:14:50,2018-05-28 23:06:44,2,110.82770833333333,91 - 180 days
73fa628b0fc190639f48da2667eb1381,2017-06-30 14:03:15,2017-10-24 10:10:35,2,115.83842592592593,91 - 180 days
740b9a28b39035534bf3425b19016263,2017-11-19 09:42:52,2017-11-19 14:03:22,2,0.18090277777777777,0 - 30 days
743b6b21edcc4f0a9be82e591187e0a8,2017-11-03 15:16:50,2017-11-03 20:23:47,2,0.2131597222222222,0 - 30 days
7441ce776af8da3b9df3d3f3c1e13ab1,2017-07-03 01:12:53,2017-07-15 00:52:32,2,11.985868055555555,0 - 30 days
744fb2d41ededa16d3f703b7065b234c,2018-02-04 22:04:37,2018-02-04 22:04:37,2,0.0,0 - 30 days
7462a753a77ed093330660f7003064c7,2018-08-11 21:20:06,2018-08-13 00:00:57,2,1.111701388888889,0 - 30 days
74b8021516f25eb91f5b4e704a2cd671,2018-07-10 13:48:30,2018-08-14 19:46:25,2,35.24855324074074,31 - 90 days
74cb1ad7e6d5674325c1f99b5ea30d82,2017-08-28 20:24:52,2017-08-28 20:24:53,5,1.1574074074074073e-05,0 - 30 days
74fe4e106702770ef728399ce5da503a,2018-02-12 16:32:46,2018-06-02 11:51:00,2,109.8043287037037,91 - 180 days
752041fd42cbe3a4f4dea0d68a0a6edd,2017-02-15 21:50:37,2017-03-28 22:02:18,2,41.00811342592593,31 - 90 days
754f0aa37a9a58685e42e70973bc511c,2017-08-15 17:08:00,2017-08-15 17:08:00,2,0.0,0 - 30 days
7580e539c3d74ce5ff3946877db01dd2,2018-08-14 20:38:23,2018-08-14 20:38:23,2,0.0,0 - 30 days
7588c20c457369de8caad958afc1cc06,2017-01-27 09:33:01,2017-09-17 22:57:10,3,233.5584375,180+ days
7589544c08cc5de364cad85ee73f4b63,2017-11-19 21:38:26,2018-03-18 18:55:40,3,118.8869675925926,91 - 180 days
7599dea7f7520c8c37351721ad6870de,2017-06-19 20:20:49,2018-06-01 22:49:13,2,347.10305555555556,180+ days
75a2adfe9f86d401f24b5fe2eb9a582c,2018-01-04 17:50:02,2018-01-04 17:50:02,2,0.0,0 - 30 days
75a398e43d9757a4f7d6f622aeb22c47,2017-09-08 10:57:15,2017-09-18 12:24:10,2,10.060358796296295,0 - 30 days
75b45ab225bf88fdd7f432507030a4b8,2017-03-16 14:43:07,2017-09-13 18:34:22,2,181.16059027777777,180+ days
75bbb6b481a1df1689bb769e63ec3acb,2018-02-05 19:25:42,2018-02-05 19:25:43,2,1.1574074074074073e-05,0 - 30 days
75c7cb4037146f5c8e95ade4214396c5,2017-09-19 05:51:12,2018-01-12 09:40:31,2,115.15924768518518,91 - 180 days
75e750a6279d55f7137bb9e9bb8662cf,2017-09-25 15:09:03,2017-11-30 17:11:56,2,66.08533564814815,31 - 90 days
75eacb17f5ef482c37c7b7903f014ece,2018-05-19 21:04:30,2018-08-04 16:38:41,2,76.8154050925926,31 - 90 days
75fe145e64986de933b893642277d8a9,2017-03-12 16:26:20,2017-03-12 16:26:20,2,0.0,0 - 30 days
75ff587e87e047a7e00f75bbcab17c00,2017-02-04 07:58:07,2017-11-01 21:41:42,2,270.57193287037035,180+ days
76a0491dd70c125840fa259f00dfc351,2018-01-14 14:19:02,2018-01-20 18:21:50,3,6.168611111111111,0 - 30 days
76c97e01b5a2a58b8456c4db49bd988b,2018-02-22 16:06:11,2018-02-22 16:06:15,2,4.6296296296296294e-05,0 - 30 days
76c9a12722537319e44c31e70b7815c3,2017-08-15 22:42:16,2018-06-03 18:24:33,2,291.8210300925926,180+ days
76d1df67cfa34a2c4606537d54aea0f8,2017-10-28 16:20:16,2017-10-28 16:20:18,2,2.3148148148148147e-05,0 - 30 days
76e5f3bca2b1f5c510c41563c2ea31a4,2018-08-18 15:26:01,2018-09-10 17:51:25,2,23.10097222222222,0 - 30 days
76f7d40948174f5cde0fcf8e6147b59d,2017-12-30 00:06:41,2018-04-29 22:59:41,2,120.95347222222222,91 - 180 days
76ffb5b3f1186c6c8022f6047ae9ead5,2018-01-14 22:48:28,2018-01-14 22:48:28,2,0.0,0 - 30 days
77001b080dd723bc9a22e538e5e06e41,2018-02-13 15:19:02,2018-04-09 15:22:31,2,55.00241898148148,31 - 90 days
770c6c524fc389b4cab878d19703745d,2017-08-10 10:14:38,2017-08-10 10:14:39,2,1.1574074074074073e-05,0 - 30 days
771f344c1ac13d8ccdf2d14c48e2c6c3,2017-02-03 00:55:38,2017-07-19 20:35:27,2,166.81931712962964,91 - 180 days
77479db0fa60ddc453f3743abc02be23,2017-02-05 11:05:44,2017-05-30 18:18:36,2,114.30060185185185,91 - 180 days
77784ec016bfbcc51d2394d1632f0d3d,2017-08-18 05:17:47,2018-07-25 13:43:33,2,341.35122685185183,180+ days
7779fdf670bfe673e064b9aa5447674e,2017-05-24 13:17:55,2017-05-24 13:17:55,3,0.0,0 - 30 days
7784447c90f683e4775f7c1f02c04fbf,2017-07-24 17:31:02,2017-07-24 17:31:04,2,2.3148148148148147e-05,0 - 30 days
779f7ec7155dfd74a8425e40c4d34497,2018-05-14 10:01:53,2018-06-19 14:10:30,2,36.17265046296296,31 - 90 days
77c213e10acbd145d50fcb035d0e86d9,2018-03-27 09:08:33,2018-04-10 08:42:53,2,13.982175925925926,0 - 30 days
77e223f4a031fdeb1650e797bf4c692a,2017-05-15 19:27:13,2018-05-08 13:53:51,2,357.7684953703704,180+ days
7823a8988612aff9a03896c51e2c5f7b,2018-01-14 16:17:04,2018-05-02 20:56:24,2,108.19398148148149,91 - 180 days
7828a4a1ee004bbe6665cbffbc4bf2d9,2017-04-19 23:55:11,2018-02-12 11:08:58,2,298.4679050925926,180+ days
7849336c1b7785f258ffef06aedbd216,2017-09-20 18:26:13,2018-03-05 21:52:15,3,166.1430787037037,91 - 180 days
786165c8823a3fd635edab35df391d27,2018-02-14 12:35:02,2018-02-26 20:21:07,2,12.32366898148148,0 - 30 days
788313d21c3507fe890921f6e17aa679,2018-03-07 16:02:00,2018-08-02 15:23:07,2,147.9729976851852,91 - 180 days
788a2f679187362222b67dfe89da6c1a,2017-11-24 23:37:20,2017-11-24 23:37:52,2,0.00037037037037037035,0 - 30 days
78a038d19f31c40c5dd68c112ca00ad1,2018-06-11 13:57:23,2018-06-13 16:18:34,2,2.0980439814814815,0 - 30 days
78b5cbc4b9ad61445b6609593addca37,2017-08-18 12:01:05,2018-01-04 17:16:49,3,139.21925925925925,91 - 180 days
78c5bae602d6d120f6f4ed4acbd46284,2018-01-07 21:07:17,2018-03-20 20:12:16,2,71.96179398148148,31 - 90 days
78c5f76b60a3a2588635aadc70e34df7,2017-10-11 21:55:04,2017-10-11 21:55:04,2,0.0,0 - 30 days
78d665ab97fb0bfd754a20a48476c4e7,2017-07-06 09:03:55,2017-07-06 09:03:56,2,1.1574074074074073e-05,0 - 30 days
78d79858662c99b94b69547d9f80e061,2018-01-29 14:51:56,2018-08-18 15:18:55,2,201.01873842592593,180+ days
78dc91ac9a6fece2e327f74e96cac0b0,2018-06-26 19:44:42,2018-07-01 10:39:54,2,4.621666666666667,0 - 30 days
78e63ed7c16b6a93bfdcef66ad250a00,2017-06-20 21:56:51,2018-03-21 10:25:50,2,273.52012731481483,180+ days
78fb70b5aa609b4b55c6ef3d0cb51faf,2017-07-26 09:09:01,2017-11-28 12:46:41,2,125.15115740740741,91 - 180 days
78fcceb499ec9008fcecbaad21efefc6,2017-08-29 23:59:19,2017-09-16 15:02:11,2,17.62699074074074,0 - 30 days
790ac688b0fcc22b2a0dacf0202b2ce4,2018-01-25 18:19:10,2018-01-25 19:36:42,2,0.053842592592592595,0 - 30 days
793c14202ef7966472e9246fd83b0ae8,2017-10-01 21:06:02,2017-10-01 21:06:02,2,0.0,0 - 30 days
794307f7c4fd6c8325655fb3f7b89895,2017-10-21 14:31:35,2017-10-21 14:31:35,2,0.0,0 - 30 days
79444cb5bb16964eea4c5abb2d3aa023,2018-02-13 21:06:34,2018-03-23 20:43:35,2,37.984039351851855,31 - 90 days
795c1622cf7a53d63d324e862349d01c,2018-01-15 23:15:26,2018-01-15 23:15:27,4,1.1574074074074073e-05,0 - 30 days
796214f3f3b496b3b116986185984393,2017-06-10 00:06:36,2018-08-18 15:49:58,2,434.65511574074077,180+ days
7973a6ba9c81ecaeb3d628c33c7c7c48,2017-09-19 22:17:14,2017-09-19 22:17:15,2,1.1574074074074073e-05,0 - 30 days
798c34ffa9047399853eab8ca7c0b9a0,2017-12-04 22:02:12,2017-12-04 22:28:27,2,0.018229166666666668,0 - 30 days
7993617f039446d209d529ac9cc03f1c,2017-09-01 06:49:42,2018-07-13 21:05:56,2,315.5946064814815,180+ days
79abd55efd139ad036a57558aea211e4,2017-09-20 23:28:43,2018-01-03 23:47:03,2,105.01273148148148,91 - 180 days
79b9e9b310f3094c2cad708eb17508c2,2017-02-27 15:16:24,2017-09-01 10:20:53,2,185.7947800925926,180+ days
79c389f4fcc007dfbd1f317f29e85030,2018-01-17 14:28:37,2018-05-03 10:12:15,2,105.82196759259259,91 - 180 days
79c3ef46b89f10777f5604a5e1ee22b5,2017-08-16 16:24:16,2017-08-16 16:24:17,2,1.1574074074074073e-05,0 - 30 days
79f227df52caf2b68d36e990ff3fc652,2018-03-07 22:11:46,2018-03-07 22:11:47,2,1.1574074074074073e-05,0 - 30 days
79fa3eb416c3933311c949121225649f,2017-11-21 12:55:39,2017-12-06 10:09:03,2,14.884305555555555,0 - 30 days
79ff5d9ba6dc750760a809b0a84d3397,2018-03-12 10:32:11,2018-07-05 10:22:32,2,114.99329861111111,91 - 180 days
7a114c4d600e1eb56f331eba875d38a6,2018-01-23 11:29:39,2018-03-28 15:12:22,2,64.15466435185185,31 - 90 days
7a1751f98e25f665fc0130c7b001e18f,2017-07-19 14:34:02,2017-07-19 14:34:02,2,0.0,0 - 30 days
7a176e5d88c7acb6000a055e008c055d,2016-10-08 17:43:25,2016-10-08 17:43:26,2,1.1574074074074073e-05,0 - 30 days
7a1de9bde89aedca8c5fbad489c5571c,2017-08-24 11:31:28,2017-12-02 15:16:36,2,100.1563425925926,91 - 180 days
7a311d62282fa63be12b02aef2fd21d1,2017-05-21 08:00:14,2017-12-15 11:06:15,3,208.12917824074074,180+ days
7a350426024a624cef97f797c408db97,2018-01-11 14:56:58,2018-05-03 16:46:51,2,112.07630787037037,91 - 180 days
7a380cb5434e6b6b5b37d45bb99dbe8a,2018-05-16 23:45:47,2018-06-11 16:49:47,2,25.711111111111112,0 - 30 days
7a40da3af7a607c7275b9b8f71d730c7,2017-11-18 08:05:09,2018-04-27 20:34:17,2,160.5202314814815,91 - 180 days
7a443ff6dbc48349835cb18a9355ea1b,2017-07-25 13:52:07,2017-07-25 13:52:07,2,0.0,0 - 30 days
7a6b4947e01039432cac229435d058ee,2017-09-17 21:39:44,2017-09-17 22:36:58,2,0.03974537037037037,0 - 30 days
7a774055fedca2666e77244c5e50368f,2018-06-29 09:09:19,2018-08-09 19:29:02,2,41.4303587962963,31 - 90 days
7ab8841bae70453e6b6fd543de86b90e,2018-01-08 22:25:26,2018-05-03 17:26:34,2,114.7924537037037,91 - 180 days
7ac70e85ee5c115fca1147ee0f59616e,2018-07-04 18:50:37,2018-07-20 13:30:37,2,15.777777777777779,0 - 30 days
7acf19ddc75a0935581845e1c89edb3c,2017-05-22 23:09:06,2017-05-22 23:09:07,2,1.1574074074074073e-05,0 - 30 days
7ad04c71bfca958e6f2ec44bce34e2da,2018-08-06 23:48:28,2018-08-20 16:38:45,2,13.701585648148148,0 - 30 days
7afc250f9d980ea3ee0ce3b0245f1b04,2017-06-03 17:59:48,2017-11-25 15:38:11,2,174.9016550925926,91 - 180 days
7b05e0471103ce0ef346e87c357273fe,2018-01-09 22:50:43,2018-07-27 13:46:03,2,198.62175925925925,180+ days
7b08fc11e1aacd85ef2845c12a9ddb81,2018-02-27 21:30:27,2018-02-27 21:30:28,2,1.1574074074074073e-05,0 - 30 days
7b0eaf68a16e4808e5388c67345033c9,2018-05-19 11:16:55,2018-05-19 11:30:35,2,0.00949074074074074,0 - 30 days
7b32049d8495d56c8b27eae575921a60,2017-09-09 03:24:18,2017-09-09 03:24:19,2,1.1574074074074073e-05,0 - 30 days
7b51437497e9c9b82a08ddb62dfb7b88,2018-05-18 22:03:10,2018-06-04 20:26:21,2,16.932766203703704,0 - 30 days
7b53ce3d0ba1f84b0ebcef52fffb110d,2017-10-23 18:05:55,2017-12-11 09:45:32,2,48.652511574074076,31 - 90 days
7b662d846265cb0ed144db95fe0c74dc,2017-04-26 12:18:53,2018-01-29 17:54:40,2,278.23318287037034,180+ days
7b6d07dac0a2c373d749142e920ae356,2017-11-28 15:12:55,2018-04-09 12:36:56,2,131.89167824074073,91 - 180 days
7bada66424f46ce9a766b94974849e09,2017-10-09 15:35:13,2017-10-30 16:23:24,2,21.033460648148147,0 - 30 days
7bf1c59401206e31a78523077f3a1144,2017-08-03 15:41:08,2017-10-19 15:13:31,2,76.98082175925926,31 - 90 days
7bf5c9596fc39d41078cb46a86b23831,2017-12-06 11:12:32,2018-01-03 11:50:51,2,28.026608796296298,0 - 30 days
7bff4fff725edd40fde6f0ac1eb0e2dc,2017-11-24 10:38:00,2017-11-24 10:40:01,2,0.001400462962962963,0 - 30 days
7c1cfb3c097e0f1caa90bb17675a63e5,2017-10-28 19:51:27,2017-10-28 19:51:27,2,0.0,0 - 30 days
7c353714ed8789f928faaa4191e85197,2018-03-04 22:47:43,2018-03-04 22:47:43,2,0.0,0 - 30 days
7c396fd4830fd04220f754e42b4e5bff,2017-09-04 11:26:38,2017-10-02 10:56:33,2,27.979108796296295,0 - 30 days
7c438259d88d8eefb977be5432d761c1,2017-11-05 11:26:25,2018-06-30 19:02:31,2,237.3167361111111,180+ days
7c4b40bb2b820e20b226a5a615e357aa,2017-10-26 10:38:04,2017-11-29 21:45:44,2,34.46365740740741,31 - 90 days
7c5198d8a67f7da5930f067766cb468f,2018-01-19 23:45:41,2018-08-13 19:34:23,2,205.8254861111111,180+ days
7c588c097689b0b77fd73d171332b0ba,2018-07-20 10:07:02,2018-08-21 10:57:46,2,32.03523148148148,31 - 90 days
7c5cd64106c9160122fd28b026cec28b,2017-11-04 14:31:26,2018-08-15 15:12:00,2,284.0281712962963,180+ days
7c67f115342d01560cd438fad6346a3c,2017-04-04 09:19:31,2017-05-29 09:39:57,2,55.01418981481481,31 - 90 days
7c763d069eb3926fc65593030d5c99a3,2017-07-30 21:21:29,2017-11-10 12:37:39,2,102.63622685185184,91 - 180 days
7c8f8d3ff715607148146c64ecb64b11,2017-03-09 10:24:00,2017-03-09 10:24:00,2,0.0,0 - 30 days
7c927c2454a57a0e02fcaceb99750523,2017-04-01 15:42:51,2017-04-01 15:42:51,2,0.0,0 - 30 days
7cb20dd79b4b5bfda52b712000a30de5,2017-12-01 16:34:59,2017-12-01 16:35:00,2,1.1574074074074073e-05,0 - 30 days
7cb9a6b438fe0a5f228bfd32ff9e1a11,2018-01-17 21:30:01,2018-03-11 19:24:31,2,52.912847222222226,31 - 90 days
7cbf84875196ee1d04dc880ebbfaa7ef,2017-06-14 18:14:55,2018-05-09 09:51:16,2,328.65024305555556,180+ days
7cc23ec3506e4e1e67d0702da04a734c,2017-03-27 16:19:45,2017-07-05 17:47:33,2,100.06097222222222,91 - 180 days
7ce7c20ac269f4642f1c7058ab375102,2018-04-15 11:34:35,2018-04-15 11:42:21,2,0.005393518518518519,0 - 30 days
7cf08f01ab6a6a1365e1613989a65158,2017-02-09 23:40:48,2018-05-08 23:46:50,2,453.0041898148148,180+ days
7d08a8005756c215935d45bcc0e9a760,2017-01-08 19:27:22,2017-01-08 19:27:22,2,0.0,0 - 30 days
7d0983269f825d3112e5a64364b1258a,2018-06-05 18:54:48,2018-07-16 09:08:18,2,40.592708333333334,31 - 90 days
7d0b1773dc928e29e86a230ca9557d08,2017-11-29 17:03:06,2018-04-23 15:57:52,2,144.95469907407409,91 - 180 days
7d19f93ed7e2ea8211975b68525b0598,2017-11-26 01:02:57,2017-11-26 01:02:57,2,0.0,0 - 30 days
7d23ca9b9d5f41298ec3ccbb2ff637d8,2018-02-09 21:41:44,2018-02-09 21:41:44,2,0.0,0 - 30 days
7d2e246c38946e89eda0c9c1288fc0e3,2017-11-26 19:45:05,2017-11-26 19:47:54,2,0.0019560185185185184,0 - 30 days
7d35f5764e668c9deade51c2fd31758a,2018-02-05 14:38:57,2018-02-05 14:39:00,2,3.472222222222222e-05,0 - 30 days
7d3d94b4740895a17760e976797f9f0e,2017-05-14 23:34:24,2017-08-23 20:38:35,3,100.8779050925926,91 - 180 days
7d87ba0bd6466390cf5d4c9735236086,2018-05-25 21:05:03,2018-08-10 21:15:10,2,77.00702546296296,31 - 90 days
7d904a4755e206a3e308a1f03d4a3a7c,2018-02-12 19:22:50,2018-02-12 19:22:50,2,0.0,0 - 30 days
7da3054afe371affc14d26cc2cc04358,2017-12-04 01:04:24,2018-04-28 14:32:54,2,145.56145833333332,91 - 180 days
7db92cbb797de39eebe3bc986be820f8,2018-05-04 17:50:19,2018-05-08 14:55:15,2,3.8784259259259257,0 - 30 days
7e050832e2248c400621f6b22315d4bb,2017-12-10 17:42:33,2017-12-10 17:51:35,2,0.006273148148148148,0 - 30 days
7e094f060802ff5e25bef767446968d3,2018-04-23 00:26:17,2018-06-03 17:41:43,2,41.71905092592593,31 - 90 days
7e1681f9bb31800364869a2cdbe289db,2017-11-21 21:31:08,2017-11-21 21:31:09,3,1.1574074074074073e-05,0 - 30 days
7e222c2054b16d50c5c2e746d14dc313,2018-08-01 21:00:28,2018-08-15 11:05:44,2,13.58699074074074,0 - 30 days
7e30d2336a1f1182766cf6fb863d5554,2018-05-15 15:33:29,2018-05-15 18:25:54,2,0.1197337962962963,0 - 30 days
7e43696e1ae594af82dd11f481dc232e,2018-03-08 22:38:53,2018-03-08 22:38:54,2,1.1574074074074073e-05,0 - 30 days
7e4bebe20140a71b34263a659ba1ce11,2017-11-22 23:45:36,2018-07-10 12:46:06,2,229.5420138888889,180+ days
7e7301841ddb4064c2f3a31e4c154932,2017-02-15 12:56:00,2018-07-14 19:38:26,2,514.2794675925926,180+ days
7e75aeef30d7e9d4ac860fcc8eaa8812,2017-07-30 23:17:05,2017-08-01 22:58:08,2,1.9868402777777778,0 - 30 days
7e82fd8a6c26147a8797d761fa68c497,2017-11-24 17:11:43,2017-11-24 17:11:43,2,0.0,0 - 30 days
7e91ec540af718ab375b1d13271e9543,2017-05-12 08:59:52,2017-05-12 08:59:53,2,1.1574074074074073e-05,0 - 30 days
7ea3dc64a652d699ace3048e904c561b,2017-12-06 12:33:21,2017-12-06 12:33:21,2,0.0,0 - 30 days
7ebb3bb52aff91c642c9e4d81d4cbc95,2018-02-21 07:37:56,2018-05-12 08:50:43,2,80.05054398148148,31 - 90 days
7ec0077665fe9020e7dfdb05b2be0162,2017-10-28 10:58:32,2017-11-11 10:40:02,2,13.987152777777778,0 - 30 days
7ed57df0e6ae22a4f9e0250d52608ad5,2017-07-20 18:43:51,2017-08-09 12:10:38,2,19.72693287037037,0 - 30 days
7ee9e6c80bf1b7ec4a52639eab6c128c,2017-02-26 19:51:31,2017-04-29 21:56:10,2,62.0865625,31 - 90 days
7eeb6421712844795dd8ff9ec6a58b18,2018-06-15 12:52:05,2018-06-15 12:52:05,2,0.0,0 - 30 days
7f3e8656011a9b8d6c12df5991ca69ff,2018-07-03 17:28:51,2018-07-26 01:28:39,2,22.333194444444445,0 - 30 days
7f4adf7903f4d02c527585c4d0f65c2e,2018-03-18 08:54:38,2018-03-18 08:54:39,2,1.1574074074074073e-05,0 - 30 days
7f50c43baa66aae590aa1a067427cce5,2017-09-01 11:19:18,2017-10-19 11:42:22,3,48.01601851851852,31 - 90 days
7f5dcde4d292354dd5e6968a27971126,2017-04-08 19:52:40,2018-08-14 19:30:13,2,492.9844097222222,180+ days
7f78ef49a3ec6ff5ca63eb05bf82fefc,2018-07-23 09:31:16,2018-08-18 09:27:28,2,25.99736111111111,0 - 30 days
7fb211f99a01b4971fd1e07e3a256458,2017-10-30 16:10:26,2018-07-24 08:10:01,2,266.66637731481484,180+ days
8004f80e361a5ee23aadb7418a685fc2,2017-12-10 18:07:24,2017-12-10 18:07:24,2,0.0,0 - 30 days
801512ead4c9cbc98ecd208f45c975ec,2018-02-03 00:55:53,2018-08-15 18:56:54,2,193.7507060185185,180+ days
801b53359d2880a9bff63574103fb74c,2018-04-26 14:55:21,2018-05-07 18:58:49,2,11.169074074074073,0 - 30 days
80282a1a77281692a0339c2a08d0e6af,2018-01-21 17:32:02,2018-07-26 08:51:12,2,185.6383101851852,180+ days
803b4fc75d3fe8c5dbed83f50b3fbd8c,2017-10-09 14:50:46,2018-08-17 18:47:21,2,312.1642939814815,180+ days
803c530613f5c4ee03502be0d6894de0,2017-12-18 10:39:37,2018-03-20 16:13:06,3,92.23158564814815,91 - 180 days
805e5a317f4b3e1afccb9dfd71287a36,2017-12-11 23:18:55,2018-06-08 14:50:54,2,178.64721064814816,91 - 180 days
805f4b6e9ce80113e9e5cfbefa9577e3,2018-03-30 14:37:11,2018-05-05 21:09:40,2,36.27255787037037,31 - 90 days
80636347f037db2d8e3cbe3b7a34c120,2018-06-26 16:16:53,2018-07-17 13:19:56,2,20.877118055555556,0 - 30 days
809ea1c56f165109936fe5c51003fbfb,2017-09-24 14:59:52,2017-09-24 14:59:52,2,0.0,0 - 30 days
80e00a7b9ead7590bf05116f0237c896,2017-08-14 18:56:03,2018-02-02 22:07:28,2,172.13292824074074,91 - 180 days
81098a634d4eab46ab9fbd0df37e52bd,2018-01-21 21:53:07,2018-08-18 15:11:40,2,208.7212152777778,180+ days
8149101234b839e311a6f8c525206632,2018-03-11 19:26:45,2018-06-12 22:14:49,2,93.11671296296296,91 - 180 days
815a99cb9852a1011da9bb7f2070b93e,2018-02-11 14:17:23,2018-05-25 19:17:51,2,103.2086574074074,91 - 180 days
816092f5825c3e2cdfdd4af546d4d04c,2017-08-21 00:02:33,2018-06-27 15:45:49,2,310.6550462962963,180+ days
8170c6e6d010d22195bcd959f5de1ea5,2018-04-04 18:28:11,2018-04-09 10:18:39,2,4.660046296296296,0 - 30 days
81865792a5df52436b4e759b4ba21412,2017-07-18 10:39:16,2017-07-18 11:11:07,2,0.022118055555555554,0 - 30 days
818a54422350b38d3fb1cb3a1553889f,2017-06-15 00:36:09,2017-06-15 01:15:36,2,0.027395833333333335,0 - 30 days
8194a6cea93c5c653e7956f0b962b5f7,2018-01-22 16:19:09,2018-02-24 18:22:14,2,33.08547453703704,31 - 90 days
819c65629034acc8a0e1c096c2c6715d,2018-06-02 12:54:29,2018-07-31 00:23:09,2,58.47824074074074,31 - 90 days
81b133c3f4e30a14a6585a2f20ff150f,2017-06-23 08:45:21,2017-06-23 08:45:22,2,1.1574074074074073e-05,0 - 30 days
81db097ffce4bd958cfffeca7c41e301,2018-01-26 10:59:37,2018-01-26 10:59:39,2,2.3148148148148147e-05,0 - 30 days
81ede855f58f99b76014d66d161e7a23,2017-12-18 23:34:07,2017-12-22 15:26:51,2,3.6616203703703705,0 - 30 days
820e78bf5449cb1bafbc56095ceb77a7,2017-08-15 09:13:13,2018-07-19 10:26:52,2,338.05114583333335,180+ days
821e4e781313d2eb18711efe7a50d66a,2017-09-11 14:20:12,2017-09-27 16:56:27,2,16.108506944444443,0 - 30 days
821e75291b1ad362e614c0ea79fc95a6,2018-04-24 00:20:19,2018-06-14 15:11:41,3,51.61900462962963,31 - 90 days
822d25972056ef51050804f1e0446f40,2017-05-13 22:22:03,2017-05-13 22:22:03,2,0.0,0 - 30 days
8241424764e0bfa6bfcb3c6cda391ac8,2017-05-22 22:21:31,2017-05-22 22:21:32,2,1.1574074074074073e-05,0 - 30 days
82532fe90a30190fdc4622143d41dc15,2017-07-23 15:18:30,2018-06-17 12:31:55,2,328.8843171296296,180+ days
827b19392982299876c0aca1f92208c2,2018-01-04 23:18:09,2018-01-24 12:34:44,2,19.55318287037037,0 - 30 days
827f51bdaa8e37bf31ff413e0a7699a4,2017-03-04 15:23:15,2017-03-04 15:23:16,2,1.1574074074074073e-05,0 - 30 days
82809cee3c35eb89b4dd4d2d1a22eedf,2017-02-07 12:47:52,2018-01-20 22:09:34,2,347.39006944444446,180+ days
82c173abf4679049bd8628bfe89a9f2c,2017-08-11 10:15:46,2017-09-05 14:55:34,2,25.194305555555555,0 - 30 days
82cb8c783b1700af07ae77355cc81c70,2017-06-09 22:59:40,2017-06-25 17:54:26,2,15.788032407407407,0 - 30 days
82fb46292a999e7db9e2391c407f76e4,2017-05-11 13:14:01,2017-06-02 00:10:20,2,21.45577546296296,0 - 30 days
8322ac348d132588470c5e8cc56b2bb8,2018-02-25 15:27:02,2018-03-21 21:05:39,2,24.235150462962963,0 - 30 days
8329519e31cb1b89bd44c3c6ae417ad6,2016-10-09 22:36:44,2017-04-10 21:29:16,2,182.95314814814816,180+ days
83424549593093baf504ac260d4615e7,2017-05-13 11:19:20,2017-05-19 18:36:42,2,6.303726851851851,0 - 30 days
83476105a4e9a12fcddd09081dc6cefe,2018-06-28 09:35:48,2018-07-12 10:38:07,2,14.043275462962963,0 - 30 days
83915016a26b0ca42e3caf1070664d1f,2018-05-02 14:43:04,2018-08-09 00:07:36,2,98.39203703703704,91 - 180 days
83935d750c83951d7d0211a3c60e78fd,2017-06-05 22:26:58,2017-07-15 23:48:02,2,40.056296296296296,31 - 90 days
839a04051a2c347397fd425d01fc3eb2,2018-08-06 09:09:46,2018-08-09 10:24:12,2,3.051689814814815,0 - 30 days
83e7958a94bd7f74a9414d8782f87628,2017-01-05 12:01:20,2017-01-05 13:36:07,4,0.06582175925925926,0 - 30 days
84514f009b40220330a5e42b102437bd,2017-07-12 00:59:02,2017-10-16 22:24:02,2,96.89236111111111,91 - 180 days
846e4612bebdefeb3a65aa63fee59e3a,2017-08-03 13:19:56,2017-08-03 13:19:58,2,2.3148148148148147e-05,0 - 30 days
84720447172b234e7504da52ee639435,2017-05-08 13:05:01,2018-01-17 21:27:34,2,254.34899305555555,180+ days
8492c2c6148ac3449374058371dc78c6,2018-04-14 09:41:39,2018-05-29 14:25:23,2,45.197037037037035,31 - 90 days
84ad62f33ddb6b13553a850fd3dc2b08,2017-11-18 21:28:56,2017-11-18 21:28:57,2,1.1574074074074073e-05,0 - 30 days
84af029e54a6f659f7ace6f7cf0daa68,2017-07-25 09:07:16,2017-07-25 09:07:16,2,0.0,0 - 30 days
84f30d2fd3937449dc7e0c835c281961,2018-07-18 17:13:02,2018-07-18 17:13:02,2,0.0,0 - 30 days
84fa4ef93ec67a77a0329933dbf190cf,2018-04-09 15:00:57,2018-05-22 20:08:06,2,43.213298611111114,31 - 90 days
8505734f21396405b5477c75a45734fe,2017-11-05 23:00:43,2017-12-07 17:49:20,2,31.783761574074074,31 - 90 days
850a172dd946b18ddca4a71627fe32e1,2017-07-11 09:23:29,2017-10-19 19:38:53,2,100.42736111111111,91 - 180 days
85189d642c11e7090cb2f72fed68ea42,2018-02-22 15:33:48,2018-02-28 12:41:29,2,5.880335648148148,0 - 30 days
851eefea71a07755f017e75fae31f2fd,2017-08-21 13:56:53,2017-11-07 14:39:42,2,78.0297337962963,31 - 90 days
853254c35b5ee150b4da2b3698d73f9e,2018-08-07 12:16:16,2018-08-23 10:47:14,2,15.938171296296296,0 - 30 days
8555a17ba20435f173a230c3ced133fd,2017-12-01 11:52:34,2017-12-01 11:52:34,2,0.0,0 - 30 days
857104e1bfb81cb14e88ff07d1b22c70,2017-03-15 13:31:01,2017-12-02 10:36:19,2,261.87868055555555,180+ days
85730e226e2f3a1608433546133793e1,2017-11-05 22:52:55,2017-11-05 22:52:56,2,1.1574074074074073e-05,0 - 30 days
8597b390850fe72e108d53f42ca64846,2017-05-21 08:01:31,2017-06-22 22:41:57,2,32.611412037037034,31 - 90 days
85b33fdcff5e20584ac9ec8e3c559ea3,2017-07-09 10:26:29,2017-09-10 18:30:54,2,63.33640046296296,31 - 90 days
85d5b68b9a95c88eec23d3a96287d9c8,2018-01-19 18:52:29,2018-01-19 18:52:30,2,1.1574074074074073e-05,0 - 30 days
85ed7212fe192ab02ab44c95ba87868e,2017-09-16 23:44:56,2017-11-30 23:14:31,2,74.97887731481481,31 - 90 days
85f1c5f9eee209d9dfb0a3e155209511,2018-02-28 13:40:34,2018-02-28 13:40:35,2,1.1574074074074073e-05,0 - 30 days
860f75391be5698f015d3b234e7576d6,2018-03-22 18:07:42,2018-06-19 09:54:54,2,88.65777777777778,31 - 90 days
8614ac51282d77ed22393201f26ca405,2018-02-01 17:20:27,2018-07-30 16:31:56,2,178.96630787037037,91 - 180 days
861e2a5848de1a3e8fa544236a8369f9,2017-08-19 18:42:16,2017-12-15 17:17:22,2,117.94104166666666,91 - 180 days
862b2c6ccf4352c087cd60cdac498b48,2018-01-10 11:54:00,2018-08-01 20:30:58,2,203.35900462962962,180+ days
862bcdd9344546914b93a16397a78791,2017-07-28 19:53:33,2017-12-12 11:58:48,2,136.6703125,91 - 180 days
8689b3e15d4b16cfd05ecf597a523453,2017-03-30 13:21:20,2017-11-30 22:44:11,3,245.39086805555556,180+ days
869be6f00b4c49e72f9a1e2033baa9f0,2017-03-20 13:32:15,2017-05-24 11:02:36,2,64.89607638888889,31 - 90 days
86a78c9e5114f4ed30887d4fd8153d9e,2017-05-24 00:13:29,2017-05-24 00:13:29,2,0.0,0 - 30 days
86b0aa3acd7e8f7427c8915780f5cd27,2018-02-05 10:10:23,2018-02-05 10:36:40,2,0.018252314814814815,0 - 30 days
86b3fe2ecd895fa35d303e2a49b3130b,2018-04-14 15:09:57,2018-06-09 15:36:32,2,56.01846064814815,31 - 90 days
86b59358310b208f822e416e59c96672,2017-08-09 18:53:13,2017-12-12 09:53:59,2,124.6255324074074,91 - 180 days
86bfc49565a9ca52fcbf861fcc1e67a4,2018-01-05 19:15:37,2018-06-12 20:46:51,2,158.0633564814815,91 - 180 days
86df00dc5fd68f4dd5d5945ca19f3ed6,2017-06-08 10:49:42,2017-08-23 14:34:52,3,76.15636574074074,31 - 90 days
87315ceb47e77d03a1c90474e228db6c,2017-04-23 00:32:23,2017-04-23 00:32:25,2,2.3148148148148147e-05,0 - 30 days
873e4275daabf5ab6eff5331277244a4,2018-03-06 19:21:47,2018-03-06 19:21:52,2,5.787037037037037e-05,0 - 30 days
8746f1ba2e19bcf8bc03a946a0923d78,2017-10-20 23:02:08,2017-12-02 20:35:13,2,42.89797453703704,31 - 90 days
874fc5237d72429de2ac99ce7d897a07,2018-07-18 19:52:04,2018-07-18 19:52:04,2,0.0,0 - 30 days
87603dde65ee7120467ddda1a883bb24,2017-09-17 18:13:41,2017-09-24 04:07:16,2,6.4122106481481485,0 - 30 days
876a8881e182fb3a64af97b737cfe889,2017-04-20 02:43:36,2017-04-20 02:48:08,2,0.003148148148148148,0 - 30 days
876c5f7ffcad19a82c0da218ecf56ba3,2018-02-19 12:08:24,2018-05-18 16:35:54,2,88.18576388888889,31 - 90 days
878d1683076172a5b7ffc7126ba99acd,2017-07-06 21:50:02,2018-06-05 16:51:38,2,333.79277777777776,180+ days
87914dda99d76004bfd05778028fa7e8,2017-12-02 15:25:55,2018-01-16 15:34:00,2,45.00561342592592,31 - 90 days
879ee1f90476a2fad74aec4f9c9961b3,2018-03-05 13:51:35,2018-03-12 15:37:02,2,7.073229166666667,0 - 30 days
87a7c3090f96d9da963125a0d7f8193a,2017-02-09 14:00:53,2017-06-12 16:40:45,2,123.11101851851852,91 - 180 days
87ae4c644c15d9c6b6f826dfec33b340,2017-08-15 02:45:18,2017-11-14 00:52:49,2,90.92188657407408,91 - 180 days
87b3f231705783eb2217e25851c0a45d,2016-10-08 18:45:34,2018-05-04 11:14:37,2,572.6868402777778,180+ days
87c907fa30dd1bd3709c84b912b50c7f,2018-01-05 11:18:10,2018-01-21 17:53:41,2,16.27466435185185,0 - 30 days
87c9e7ba960e4c2e6bd786b162adc639,2018-05-10 11:26:25,2018-05-13 16:41:07,2,3.218541666666667,0 - 30 days
87cbc22f48d2542614a44cd025238a35,2017-11-19 11:35:49,2017-11-19 11:35:49,2,0.0,0 - 30 days
88055311adcee315a7c05930e3849363,2017-09-04 12:15:28,2018-05-17 16:37:19,2,255.18184027777778,180+ days
8816ea7c1592bcab312eae9352996067,2017-05-26 14:23:57,2017-05-26 14:26:53,2,0.002037037037037037,0 - 30 days
88388502f20df20b31ccd1a4aca9e898,2017-11-21 14:26:37,2017-11-30 13:33:17,2,8.962962962962964,0 - 30 days
8897ea56bce6fe37a39cb2ec40898102,2018-04-19 06:47:26,2018-07-26 21:53:12,2,98.62900462962963,91 - 180 days
88a8f123107a063acbdd1c90f3d8adea,2017-07-13 13:17:17,2017-11-22 17:19:47,2,132.16840277777777,91 - 180 days
88c11a241bcbd239da19623bb23891a9,2018-03-13 14:07:07,2018-07-24 17:06:47,2,133.12476851851852,91 - 180 days
88ecb91d6d5e47ebdc2129cd046b0935,2017-05-19 15:41:12,2017-05-19 15:41:14,2,2.3148148148148147e-05,0 - 30 days
88f21f18f1c3152b023a22a0f42bdab3,2017-12-31 11:38:28,2018-02-13 18:18:09,2,44.27755787037037,31 - 90 days
88fcb680dc8cd2e540010c0750b78242,2017-04-24 10:53:12,2018-01-19 08:02:06,2,269.88118055555555,180+ days
8901b2526349d372dd0bdf8d77af656d,2018-01-04 22:57:13,2018-01-04 22:57:14,2,1.1574074074074073e-05,0 - 30 days
894382535eef1ce243ec19088626be0e,2017-09-20 15:08:28,2017-10-26 15:03:54,3,35.996828703703706,31 - 90 days
8959d4251989df68934d67c1d32c5718,2018-05-18 11:40:09,2018-05-28 09:26:31,2,9.907199074074073,0 - 30 days
8961b4ca2c5aceb7a78ea72c6e0c840a,2017-11-27 22:10:49,2018-01-16 21:22:59,3,49.96678240740741,31 - 90 days
89672d977dd21afa429505c66a1abc17,2017-07-07 12:48:06,2017-07-25 15:38:32,2,18.11835648148148,0 - 30 days
897ecc46977d723a6e514f3ebe92c844,2018-06-21 13:37:25,2018-06-21 13:37:25,2,0.0,0 - 30 days
89be58cbdd6ef318e3ed93fdb22be178,2018-01-28 23:36:01,2018-03-26 03:50:48,2,56.17693287037037,31 - 90 days
89e3027de49c3012858cfeb7f5a34f59,2018-04-18 10:46:28,2018-04-25 09:00:27,2,6.926377314814815,0 - 30 days
8a02975938d279e8478b5f793b0290b7,2018-03-16 15:45:55,2018-03-16 15:45:56,2,1.1574074074074073e-05,0 - 30 days
8a1e8b556fd5feb59a63729b5341e71a,2018-07-21 04:59:38,2018-07-23 19:36:17,2,2.608784722222222,0 - 30 days
8a3bb3e78e9a0ffbf3e47f8fb749b4cb,2018-07-13 20:00:52,2018-08-09 08:09:33,2,26.506030092592592,0 - 30 days
8a3e2983c35b5d2fb78686794986f7da,2017-09-18 02:23:36,2017-09-18 11:27:23,2,0.3776273148148148,0 - 30 days
8ac0c45f8e89a3d25738b3700ee9e132,2017-06-11 19:34:11,2017-07-25 19:42:51,2,44.006018518518516,31 - 90 days
8ae601304ff0d1de9280c32bd2e26e3b,2017-11-24 20:33:01,2017-11-24 20:33:02,2,1.1574074074074073e-05,0 - 30 days
8b160faff469868625c7c82cbd310636,2017-07-13 00:19:43,2017-07-13 00:19:44,2,1.1574074074074073e-05,0 - 30 days
8b1aed2dad15fcad8eb2a5c555e2d26e,2017-03-23 22:59:51,2017-03-23 23:44:58,2,0.03133101851851852,0 - 30 days
8b433c0e7b7d2a1f1148b4277cc673f8,2018-04-14 13:09:25,2018-04-14 13:14:33,2,0.003564814814814815,0 - 30 days
8b4447c69feb2b408e29edc0fe9d0253,2017-11-27 08:23:51,2018-02-15 11:26:40,2,80.12695601851851,31 - 90 days
8b4bb71a7d37d4c2560e0f0409a58905,2017-04-24 23:09:44,2018-06-03 13:58:14,2,404.6170138888889,180+ days
8b4dbc06f4caccae42ee7da8edd22f77,2018-02-08 20:53:54,2018-02-08 20:53:55,2,1.1574074074074073e-05,0 - 30 days
8b51f29aa215ec74a25baf5bd24ed90c,2018-05-18 08:04:22,2018-06-08 05:46:58,2,20.904583333333335,0 - 30 days
8b648bdd88380c34e18d3ca8ba9055a2,2018-03-03 21:03:17,2018-03-03 21:03:18,2,1.1574074074074073e-05,0 - 30 days
8ba03ea7a871bdaebd65e7a4ced27c2d,2017-10-04 10:31:14,2017-10-08 11:06:54,2,4.024768518518519,0 - 30 days
8bab3162259edfaadd1ea2e1fe7f58dc,2017-10-29 11:59:50,2017-10-29 11:59:52,2,2.3148148148148147e-05,0 - 30 days
8bb910cd8c3b29e4acf2e94e3aaffbbf,2017-11-30 20:04:59,2017-12-08 16:55:10,2,7.8681828703703705,0 - 30 days
8bc3068714502a076cdc66f2a207bb20,2017-07-26 21:58:26,2018-01-03 11:34:22,2,160.56662037037037,91 - 180 days
8bc85b1061383d0dcd4e995a726da763,2017-06-13 17:10:36,2017-11-19 21:16:12,2,159.17055555555555,91 - 180 days
8c21dd8c37144807c601f99f2a209dfb,2017-05-10 09:00:07,2017-05-10 09:00:07,3,0.0,0 - 30 days
8c532c86e424b28e85997dd891e26d5d,2017-05-24 17:49:08,2017-11-03 18:43:16,2,163.0375925925926,91 - 180 days
8c8bc67c372d5c409fbf1a340205ddca,2017-06-27 10:43:17,2018-01-13 13:21:14,2,200.1096875,180+ days
8ca8b8dc60280d1f97c1c6817655ab63,2017-12-06 09:50:08,2017-12-06 09:50:09,2,1.1574074074074073e-05,0 - 30 days
8cb0a62e8c536632e7c0a985166a089b,2018-03-30 14:16:58,2018-08-09 11:36:01,2,131.88822916666666,91 - 180 days
8ccb4bbbcf37ed4f584d184a7ceab65d,2017-11-13 16:27:09,2017-11-13 16:27:21,2,0.0001388888888888889,0 - 30 days
8cd6f80d3c3994e2060d46ec07ff0b0a,2018-01-13 14:28:16,2018-07-01 21:12:33,3,169.2807523148148,91 - 180 days
8cda74bcb48b709a90e5441e19b1d759,2017-10-20 07:33:10,2017-10-20 07:33:11,2,1.1574074074074073e-05,0 - 30 days
8cfc5350efe3bce6a0d6f96fbaf2c3b4,2017-05-14 21:16:54,2018-08-05 12:39:54,2,447.6409722222222,180+ days
8d187f36fa18c60c2ac49e7a966d8ff7,2018-08-04 21:57:34,2018-08-17 16:11:01,2,12.759340277777778,0 - 30 days
8d26c82c2086dcacc175e2ffe6ee2f28,2017-12-16 19:52:09,2018-05-22 10:26:33,2,156.60722222222222,91 - 180 days
8d50f5eadf50201ccdcedfb9e2ac8455,2017-05-15 23:30:03,2017-06-18 22:56:48,17,33.976909722222224,31 - 90 days
8d6512fa0e1c5cdbd789b956de79fe2f,2017-04-09 19:12:02,2017-06-02 15:37:31,2,53.851030092592595,31 - 90 days
8da4f8884cb807a1a95dce688436b0ba,2018-04-04 16:20:32,2018-04-24 21:07:06,2,20.19900462962963,0 - 30 days
8dafb82f687e3b0dc9e97b4198b92128,2017-07-30 17:48:59,2018-03-02 15:27:34,3,214.9017939814815,180+ days
8dbbf39064a6aa2a21f97ff0422e5acd,2018-04-09 22:11:01,2018-04-22 16:02:31,2,12.744097222222223,0 - 30 days
8dc4412f2ddf5ffee6cf50e6278b37fd,2017-10-24 16:58:19,2018-02-02 06:58:41,2,100.58358796296297,91 - 180 days
8dcf2096a68ce8212a3f534ab31ee23e,2017-04-18 03:01:38,2017-12-21 07:51:04,2,247.20099537037038,180+ days
8dfbc9064378d19ac99a21ac353072d7,2017-09-06 19:27:08,2017-10-20 16:32:59,2,43.8790625,31 - 90 days
8e0275b5c7fb6f05e312a1079a674410,2017-06-20 14:40:03,2017-12-07 16:02:23,2,170.05717592592592,91 - 180 days
8e2055281d566229b5926cb77be54f81,2017-05-19 18:58:48,2017-07-10 19:58:16,2,52.041296296296295,31 - 90 days
8e2c92b2442298bd653b0e9aadf4c313,2017-09-10 19:50:02,2017-09-13 00:57:15,2,2.213344907407407,0 - 30 days
8e31f8c64b847de447636be1ced917f2,2018-02-20 01:18:53,2018-08-08 01:57:45,2,169.02699074074073,91 - 180 days
8e49d21f0335c3013583f2b3f99f8e25,2018-06-23 18:17:16,2018-07-02 15:54:12,2,8.900648148148148,0 - 30 days
8e714421b31bf0865e55be929d99384c,2018-01-31 16:03:47,2018-07-04 09:54:58,2,153.74387731481482,91 - 180 days
8e78f2e8305481c8b0f285670de4829b,2017-10-31 14:40:16,2017-11-24 23:18:14,2,24.359699074074076,0 - 30 days
8e84222ad36cb6ab528b745ae6e18d11,2017-11-24 15:10:38,2017-11-24 16:26:15,2,0.05251157407407407,0 - 30 days
8ea95e0fc3da49749b66835754e2062e,2017-10-17 23:18:53,2018-01-27 21:20:17,2,101.91763888888889,91 - 180 days
8ec31beb5c890497f1872b5986d3cc26,2018-05-04 16:32:18,2018-05-26 07:48:45,2,21.636423611111113,0 - 30 days
8ec9e01dc8cbd31897a2f2116c5fbae4,2018-02-03 16:05:43,2018-02-27 21:54:24,2,24.242141203703703,0 - 30 days
8ef9add628931053f28350c0ad4bc7f7,2017-08-30 11:41:00,2017-08-30 11:41:01,2,1.1574074074074073e-05,0 - 30 days
8efdcd51f527f5aec0875573fd2210b3,2018-01-09 19:54:10,2018-01-31 16:08:33,2,21.843321759259258,0 - 30 days
8f1794300ad248a55eae07168219ca15,2017-05-18 15:10:11,2018-01-09 19:33:25,2,236.18280092592593,180+ days
8f24365a46f82ddd0cef7893319a40d5,2017-10-03 08:30:39,2017-10-03 08:34:54,2,0.002951388888888889,0 - 30 days
8f2fa110f45a5b5592f1593842b7e87d,2017-07-02 13:09:40,2018-04-15 17:58:53,3,287.20084490740743,180+ days
8f3dca4306d5a89e4ae2c65c110603a2,2017-03-03 14:21:58,2017-11-28 10:18:46,2,269.8311111111111,180+ days
8f42e9cb526d4a8ea42877dac8c86453,2017-10-13 07:03:19,2017-11-17 19:44:32,2,35.528622685185184,31 - 90 days
8f4968221af78d6f248322ad465279fc,2017-05-08 13:29:57,2018-04-04 14:21:03,2,331.0354861111111,180+ days
8f567321ba12101dedc07c70b7021069,2017-07-14 18:29:40,2018-08-21 18:19:10,2,402.9927083333333,180+ days
8f6ce2295bdbec03cd50e34b4bd7ba0a,2017-02-09 12:48:59,2018-01-22 10:18:40,3,346.89561342592594,180+ days
8f710f0d7e8dab5c8c1135e63b44de7a,2017-03-30 19:59:25,2017-10-09 21:04:25,2,193.04513888888889,180+ days
8f891a5f40cb72bf5fabda4997b4a625,2017-08-18 13:12:10,2017-09-30 18:07:09,2,43.204849537037035,31 - 90 days
8f9c0dc510c12654a35d2add7a6c5d34,2017-05-31 00:51:26,2017-11-09 21:46:25,2,162.8715162037037,91 - 180 days
8f9f1a0464f6ab0e25650be9849b086d,2017-02-20 21:57:03,2017-06-27 15:12:12,2,126.71885416666667,91 - 180 days
8fac120637b2d22be0d6b83111d7c352,2017-05-30 20:29:07,2017-05-30 20:29:08,2,1.1574074074074073e-05,0 - 30 days
8fdb30046559b506b2ea1588cdfded0d,2017-06-25 23:10:29,2018-07-25 11:21:39,2,394.50775462962963,180+ days
8fe4f9a0d6a47babbd498127a9109bd1,2017-12-12 17:56:17,2018-02-07 10:06:39,2,56.67386574074074,31 - 90 days
8fe6fc853d687dac18df5b163f84d438,2018-06-29 11:43:13,2018-08-17 14:17:56,2,49.10744212962963,31 - 90 days
8ffa5e9fcc3da23113128e94d1c75706,2018-03-01 22:40:50,2018-03-01 22:40:51,3,1.1574074074074073e-05,0 - 30 days
9066d003674f53303ec2ac527e940a5d,2017-02-08 14:41:53,2017-07-04 15:54:10,2,146.05019675925925,91 - 180 days
906a8a4ec9f3d4c3e64fa6d1c4fe6009,2018-07-05 00:58:05,2018-07-20 04:05:49,2,15.13037037037037,0 - 30 days
9077449283dc1319d5e51fb3159b28e2,2017-05-27 19:20:24,2017-07-25 19:16:47,3,58.99748842592592,31 - 90 days
9099c659f8cd764e87a1482d258fcec9,2018-02-27 18:16:24,2018-02-27 18:16:26,2,2.3148148148148147e-05,0 - 30 days
90c205b0bed658a20ba141d2960d6811,2017-04-24 10:36:24,2017-10-23 22:15:15,2,182.4853125,180+ days
90e1f0d98aa33c74e43fb62004a829dd,2018-04-05 22:08:31,2018-04-05 22:08:31,2,0.0,0 - 30 days
90e28a883386c71de943515d91f72a39,2017-11-06 23:33:48,2017-11-24 22:49:37,2,17.96931712962963,0 - 30 days
90f323e9f0948ddd96c6f6a8ecc75830,2017-03-15 22:59:23,2017-06-05 00:11:23,3,81.05,31 - 90 days
910240400459e4edf250cddd2588bfd2,2018-01-12 12:10:54,2018-05-07 14:06:43,2,115.08042824074074,91 - 180 days
910ef561b28c67973b74ce21e0d252ea,2017-08-06 18:21:31,2018-01-15 05:46:01,2,161.4753472222222,91 - 180 days
911be3f21248d465d1e6d9993bca60a8,2017-09-18 23:42:04,2017-10-23 22:52:53,2,34.96584490740741,31 - 90 days
91352e06066eef42b60b24049ccde4fd,2018-03-09 09:56:28,2018-08-23 08:18:00,2,166.93162037037038,91 - 180 days
913e4a0664572d0652473b98b808e7b5,2017-11-10 17:59:35,2018-02-08 15:39:25,2,89.90266203703703,31 - 90 days
9146de9c43fa373c4ce8af26c8db8336,2017-08-23 10:59:44,2017-08-23 10:59:45,2,1.1574074074074073e-05,0 - 30 days
91544d22848a922381b73b5e21ad58ff,2018-08-06 19:25:14,2018-08-30 10:24:34,2,23.624537037037037,0 - 30 days
91687e2315fd578c976f37533a7d597a,2017-02-16 20:55:53,2017-11-25 19:58:38,2,281.96024305555557,180+ days
9177736727dc747f69fceccc193c125a,2017-10-29 07:43:05,2018-05-30 18:12:51,2,213.43733796296297,180+ days
917de9fb824d070a7f1f4db097cbea8d,2017-05-18 19:43:07,2017-05-19 23:44:08,2,1.167372685185185,0 - 30 days
9194f9aedc33b4f984bcdcc7da7461f4,2017-06-06 19:44:14,2018-05-18 22:38:05,2,346.12072916666665,180+ days
919bf2617845a0f73acc0361cba58267,2017-09-16 21:10:54,2018-01-25 08:26:22,2,130.4690740740741,91 - 180 days
91b4cc37bd28118ddabe8e7692c78f2e,2017-03-03 08:32:31,2017-03-03 08:32:31,2,0.0,0 - 30 days
91c0ed5fde94a56b99e4ce6d43d0d6be,2018-02-21 20:02:16,2018-02-27 14:26:04,2,5.766527777777778,0 - 30 days
91d0504cf52d3f76b154c42d78979f39,2017-07-14 21:31:30,2018-06-03 13:59:24,3,323.68604166666665,180+ days
91def939002d33dcbf6a038b5c879f7b,2017-06-09 08:09:53,2017-12-06 14:20:01,2,180.25703703703704,180+ days
91e59b92e87f627abdab279ea3ab0c87,2018-03-30 20:45:18,2018-03-31 13:07:07,2,0.6818171296296296,0 - 30 days
91fb82fe3e8b269f82616f53f2a4a690,2018-08-10 12:09:09,2018-08-18 10:03:37,2,7.9128240740740745,0 - 30 days
91ffaf5eb7f4bd6a48b07f3546fb7a99,2017-09-04 15:17:11,2017-09-04 15:17:12,2,1.1574074074074073e-05,0 - 30 days
9202421110f6a19ddcf0b9b93602a0a1,2017-05-09 04:33:51,2018-05-31 17:47:23,2,387.5510648148148,180+ days
92046e40af14f7f88398c748bb559cfe,2018-02-16 09:33:23,2018-05-06 21:45:16,2,79.50825231481481,31 - 90 days
925751a747a151a7fa97f2f686d028c3,2018-01-30 15:07:08,2018-03-31 06:58:27,2,59.660636574074076,31 - 90 days
9263a6fc47a37b8b71cecfeb1defda4a,2018-07-21 13:16:37,2018-07-21 13:16:37,2,0.0,0 - 30 days
927c1b4bd2d326409fd16eeedaa9ea30,2017-09-20 22:51:48,2018-04-04 18:08:41,2,195.8033912037037,180+ days
927f5d7e01917bb3b8aeb3260ca42663,2018-06-01 21:24:10,2018-07-18 22:24:06,2,47.04162037037037,31 - 90 days
928616c185852cc998407c716a6f69bc,2017-04-11 13:00:12,2017-09-14 12:18:38,2,155.97113425925926,91 - 180 days
929b8bad532f969fc414b7831ff3360d,2017-06-04 15:07:18,2017-08-05 14:35:35,2,61.977974537037035,31 - 90 days
929f67fce8f269879084f50385a16354,2017-09-05 13:24:48,2018-07-26 15:26:12,2,324.08430555555555,180+ days
92b0705c6923fe44dd71b2b737687a7c,2017-01-31 16:13:48,2017-01-31 16:13:48,2,0.0,0 - 30 days
92fc4892f11581ee802e8e2fa4296433,2017-06-16 21:47:18,2017-06-16 21:49:19,2,0.001400462962962963,0 - 30 days
930ff10207a0155e4d569dc1b66714c2,2018-06-03 17:32:15,2018-08-05 22:27:23,2,63.2049537037037,31 - 90 days
931a4a1a3e2cf8b4b4d33922f1469dbe,2018-08-17 23:14:16,2018-08-17 23:21:15,2,0.004849537037037037,0 - 30 days
93360190b9375a40b65720ee99387a4a,2017-05-21 14:42:36,2017-09-24 19:21:57,3,126.19399305555555,91 - 180 days
93427465b223bc8292b51bb86077b695,2017-12-13 10:21:14,2018-02-08 13:20:46,2,57.12467592592593,31 - 90 days
934e91b0e98dbbeb3649cb1091cca051,2017-03-04 20:05:28,2017-11-22 12:17:55,2,262.6753125,180+ days
93541741ba99116c5cf5773312eff953,2018-04-18 19:04:52,2018-05-14 16:37:43,2,25.8978125,0 - 30 days
935b9c5a3162185f88dac06d8d08d623,2018-03-28 16:09:21,2018-04-05 09:44:30,3,7.732743055555556,0 - 30 days
935e66642fcb2baa8c1782a29570d905,2018-03-28 22:20:31,2018-05-06 00:15:18,2,38.07971064814815,31 - 90 days
93603747aa73507db172820142fb3b81,2017-12-05 11:27:44,2018-03-09 11:32:48,2,94.00351851851852,91 - 180 days
93805ba8be262fe253c4284751762866,2018-05-17 16:42:45,2018-05-17 16:46:58,2,0.002928240740740741,0 - 30 days
93dabd0fb48bfbc6e14aca0432ed0717,2017-07-16 18:27:27,2017-07-28 00:39:07,2,11.258101851851851,0 - 30 days
93eac6e21b2113a6da9ab2aaec1eefba,2018-03-19 19:10:23,2018-03-19 19:10:23,2,0.0,0 - 30 days
93eeb8745a219d35b7e32d796528b681,2018-04-18 16:07:34,2018-07-09 16:06:42,2,81.99939814814815,31 - 90 days
9403bc2d1bc24edda854c1c389c14da1,2017-11-25 01:49:52,2017-11-25 01:49:52,2,0.0,0 - 30 days
941254873ba3ece63e297277436e4c36,2017-11-23 10:22:04,2017-12-04 13:39:45,2,11.137280092592592,0 - 30 days
941590fb8aef66b3a8352fe7c691879e,2018-01-08 18:43:10,2018-06-11 15:32:06,2,153.86731481481482,91 - 180 days
941c336ba35bc4cbd3c5bda62cfaa767,2018-02-06 13:25:41,2018-02-27 09:06:14,2,20.819826388888888,0 - 30 days
94374f520fa9fe75d477ecf113cae041,2017-05-31 17:23:00,2018-04-03 14:13:38,2,306.8684953703704,180+ days
944779ed5e0464b49fbb2108382b0ddf,2018-05-03 17:36:45,2018-08-03 21:38:15,2,92.16770833333334,91 - 180 days
9448bf54ca4a047cb99b0dee1a9bfa25,2018-01-23 10:59:07,2018-02-04 17:38:12,2,12.277141203703703,0 - 30 days
94522b20d09262256d0ef263adf3ff78,2017-11-24 08:54:06,2017-12-05 07:13:54,2,10.930416666666666,0 - 30 days
9475b70c3d9add279a65672fca348944,2017-10-05 11:59:00,2017-11-16 12:18:37,2,42.01362268518518,31 - 90 days
947c249c7f31f3eae2bd05454e1b2040,2017-05-11 10:19:00,2017-05-12 12:50:18,2,1.1050694444444444,0 - 30 days
947e93a9bb28256adebe49f78cff07ad,2017-03-09 18:30:20,2017-05-31 17:06:39,2,82.94188657407408,31 - 90 days
9496fe4967f2117feed223238c7bcc39,2018-02-22 10:06:12,2018-07-13 19:45:38,2,141.40238425925926,91 - 180 days
94a19681bf6faa3c6ce3e2df1c2d97cb,2017-07-09 20:01:59,2017-07-11 18:17:11,3,1.9272222222222222,0 - 30 days
94ab38525c16d9d5ce977b3fe3405ab8,2018-01-23 01:12:12,2018-01-23 01:12:12,2,0.0,0 - 30 days
94aea9aae532453c72b6afbfe0eaec10,2018-01-18 00:00:32,2018-01-18 00:00:33,2,1.1574074074074073e-05,0 - 30 days
94b27f5cb0276a9d149375e24de840d2,2017-08-25 12:23:08,2017-08-25 12:23:08,2,0.0,0 - 30 days
94cac7a901fa7a145722dfd0a147b050,2018-07-24 15:29:32,2018-08-15 21:39:41,2,22.25704861111111,0 - 30 days
94e5ea5a8c1bf546db2739673060c43f,2016-10-05 21:10:56,2018-05-09 13:49:19,2,580.6933217592592,180+ days
951008c1c9df3fe4fead603a9afdcb3b,2017-11-30 19:12:21,2018-02-09 18:22:59,2,70.9657175925926,31 - 90 days
95160caf14611a705759de6bf13555b6,2017-05-28 18:04:09,2017-07-16 22:46:54,2,49.196354166666666,31 - 90 days
952bdd2866ddfc528203799b6b7a24e1,2017-06-11 05:05:03,2018-04-19 05:08:09,2,312.0021527777778,180+ days
954456f376f79dfa36460750500f7dc6,2017-05-01 15:00:55,2018-04-20 11:04:07,2,353.8355555555556,180+ days
9565b6eb599caea334238cf517c2408b,2017-07-14 17:02:17,2018-07-29 00:48:48,2,379.3239699074074,180+ days
956eadf2280a25c360ccfc7b42b21313,2018-05-02 15:56:29,2018-05-02 20:35:55,2,0.19405092592592593,0 - 30 days
95828271d6bee6d5eedcd00e639d67a6,2018-01-16 23:04:15,2018-08-15 14:01:47,2,210.62328703703704,180+ days
95a3ac562ffc17755618fb67ce57ef9a,2017-05-29 19:02:27,2017-05-29 19:02:29,2,2.3148148148148147e-05,0 - 30 days
95c673245afd9e175e46590ea80fd159,2017-10-21 21:53:48,2018-05-05 18:28:19,2,195.85730324074075,180+ days
95cfb39a7e263160308a934e42cfc4e0,2017-09-14 16:32:45,2017-11-19 16:12:34,2,65.9859837962963,31 - 90 days
95d47153b9bc4d0fe3b9c714c4b19c3b,2017-08-04 09:48:08,2017-08-04 10:32:57,2,0.031122685185185184,0 - 30 days
95ec7fc6a1605502060075958c3f9852,2017-05-11 16:36:32,2017-09-12 14:20:41,2,123.90565972222223,91 - 180 days
95fc0e6f6939f521e44a588ff18eacb9,2017-08-18 06:47:24,2018-01-24 08:06:36,2,159.055,91 - 180 days
960118b2d734220509690e16787f955e,2017-04-01 17:24:25,2017-04-01 17:24:26,2,1.1574074074074073e-05,0 - 30 days
9620e26af0dfec5a16a52cd2afa81717,2017-03-20 22:34:04,2017-08-07 20:07:03,2,139.8979050925926,91 - 180 days
9627e55290c60f562fa06f399ec6b82f,2018-01-25 17:47:37,2018-03-15 12:40:16,2,48.7865625,31 - 90 days
962c6b5225cdd53c41509bc38d3a8217,2018-01-13 12:53:33,2018-02-13 16:10:17,2,31.13662037037037,31 - 90 days
96701d73665eab8fc6fecb9863266efe,2017-05-19 19:04:14,2018-05-20 22:50:53,2,366.15739583333334,180+ days
967eb85deeab5124df2165cdada917f3,2017-06-28 18:21:32,2017-12-06 09:39:37,2,160.63755787037036,91 - 180 days
967ee07cb69460a7e1d42c7747142572,2017-01-18 23:15:29,2017-11-26 17:11:53,2,311.7475,180+ days
9689908caf4de73724feed92175d867a,2018-02-22 09:19:16,2018-07-31 07:58:01,3,158.94357638888889,91 - 180 days
968fe295f3c0ecbab2f617917cc4c46f,2018-03-03 10:03:41,2018-03-03 10:03:42,2,1.1574074074074073e-05,0 - 30 days
969e62a47aec03c735127e6f11ad6564,2017-05-08 10:55:54,2017-07-03 09:14:20,2,55.929467592592594,31 - 90 days
96d3a3257161c32fe93aea0e38b16515,2018-01-25 14:04:44,2018-01-25 14:04:45,2,1.1574074074074073e-05,0 - 30 days
96f9204de777192f8feb7776d3cd09b4,2018-05-15 13:17:14,2018-06-11 18:39:48,3,27.22400462962963,0 - 30 days
970e5961383615662043afa2d9c68802,2017-06-18 10:24:32,2017-06-18 10:26:33,2,0.001400462962962963,0 - 30 days
971e2252d557c5f6b2de810f6fcd52eb,2017-07-10 16:22:12,2017-07-11 16:16:11,2,0.9958217592592593,0 - 30 days
97258e1c1f77f32358eccd1c9ee5954d,2017-03-24 20:59:38,2018-08-11 12:41:01,2,504.65373842592595,180+ days
9735b1a02ad4d2b3747e9a74cad789a1,2017-12-22 17:37:58,2018-02-03 14:33:03,2,42.87158564814815,31 - 90 days
973f2fba63a7eb540f8860b0c75b63cb,2017-11-18 11:47:13,2018-06-28 22:30:08,2,222.44646990740742,180+ days
974148f722b785f187ae13ec0040abcf,2017-03-31 14:40:26,2017-07-17 03:37:39,2,107.53973379629629,91 - 180 days
976a39626eb2337ee3258d4ad73f1543,2017-01-28 19:50:15,2018-01-06 19:46:05,2,342.99710648148147,180+ days
9775c540f0a4db487f546de3cdc5eccd,2018-01-14 20:01:54,2018-01-14 20:01:54,2,0.0,0 - 30 days
97981245c3257ea9b14befffd560177b,2017-08-12 19:07:37,2017-09-14 07:49:05,2,32.5287962962963,31 - 90 days
97bc08e526795b17e1d4f642f77ae304,2017-08-01 07:48:50,2017-08-03 09:25:14,3,2.0669444444444443,0 - 30 days
97c0d90b4d37062c75b5f836ce3ab957,2017-09-07 21:32:35,2017-09-07 21:32:35,2,0.0,0 - 30 days
97e5501feb2532ef0e124d2dc4e86537,2018-02-20 17:17:39,2018-06-08 09:43:52,2,107.68487268518518,91 - 180 days
97f0fce3f9d7aad1b12499a4e4b10d07,2017-03-16 21:16:46,2017-07-10 16:47:10,2,115.81277777777778,91 - 180 days
982f532d3e8e8177c57361a39d1b1492,2018-03-16 21:13:22,2018-04-12 14:05:08,2,26.70261574074074,0 - 30 days
9832ae2f7d3e5fa4c7a1a06e9551bc61,2017-07-14 00:08:37,2017-07-21 10:49:31,3,7.445069444444444,0 - 30 days
98341ec53bd2130c32390570d0929da9,2018-02-13 18:08:29,2018-06-20 17:02:01,2,126.9538425925926,91 - 180 days
983994b46a18dce5db8648ebf95754af,2018-02-20 17:45:38,2018-08-06 21:31:52,2,167.1571064814815,91 - 180 days
984503860d8d8dea530666eec07de95c,2017-10-11 08:32:20,2017-11-13 21:19:37,2,33.53283564814815,31 - 90 days
9846c216ee14a40400f4aae954eaeb59,2017-11-18 13:14:16,2017-11-18 13:14:17,2,1.1574074074074073e-05,0 - 30 days
98758d88bf4b8eef1372ddee45d63178,2017-04-06 22:16:10,2017-09-17 06:44:58,2,163.35333333333332,91 - 180 days
987fadd385777d8f27edac709bc9fb61,2017-10-04 16:29:27,2017-11-23 14:49:21,2,49.93048611111111,31 - 90 days
98883b9e1d9d9c46c298c69146db811a,2018-01-26 18:43:05,2018-02-11 17:21:50,2,15.94357638888889,0 - 30 days
9895459a777c96d1f180c344fc5fdefe,2017-03-03 18:40:14,2017-03-03 18:40:16,2,2.3148148148148147e-05,0 - 30 days
989aabc133cd6097fb2fc9c4a919af4b,2017-07-18 10:14:08,2018-06-20 10:14:28,2,337.0002314814815,180+ days
989ff17eed965d5e5949b4d9a6f6af67,2017-12-23 11:00:33,2017-12-23 11:00:34,2,1.1574074074074073e-05,0 - 30 days
98a8081d6f922b47f0b48d0b10665047,2018-01-13 19:32:45,2018-08-09 09:11:44,2,207.56873842592591,180+ days
98b69c34f0422d2e025280b55531166e,2017-08-20 20:11:55,2017-08-20 20:11:55,2,0.0,0 - 30 days
98cf2f6f61000afafb2c1a276f5c21ba,2018-07-22 23:12:02,2018-07-22 23:12:02,2,0.0,0 - 30 days
98d2fc070f4afbd02c5788eacc6949c5,2017-04-26 17:54:37,2017-05-03 10:49:36,2,6.704849537037037,0 - 30 days
98d9a0f7e940e0750fbf72f9aaab1210,2017-05-07 18:44:18,2018-04-14 09:33:38,2,341.6175925925926,180+ days
98e3117841a2431959d17808f04bf23c,2017-08-29 15:50:51,2017-12-29 11:36:45,3,121.82354166666667,91 - 180 days
9910e92c18776a14048773cef6592b91,2017-05-19 00:02:29,2017-07-26 09:47:24,2,68.40619212962963,31 - 90 days
9935b7e2683de890a208026f020e54d3,2017-03-30 13:28:48,2018-01-07 22:52:49,2,283.39167824074076,180+ days
9947c0ed8bf41cd508a78da36abc1d41,2017-08-17 03:26:16,2017-10-03 02:09:52,3,46.94694444444445,31 - 90 days
995facb032e4446a511762f5f842eb11,2017-10-05 06:36:34,2018-03-05 21:45:05,2,151.63091435185186,91 - 180 days
995fe9426f030109b1614044edaf46d9,2017-10-04 10:17:39,2018-03-29 14:29:44,2,176.17505787037038,91 - 180 days
996fdddf8cd5bbb99b221fcaf5ba1359,2017-05-24 11:48:57,2017-07-20 07:30:51,2,56.82076388888889,31 - 90 days
999bf1d2709dc80fcf55a92805ecc34f,2017-05-03 13:31:27,2017-05-25 14:33:46,2,22.043275462962963,0 - 30 days
99b026061fefe9ff09cdd0e745a9233e,2017-06-06 17:45:39,2017-09-25 18:41:45,2,111.03895833333333,91 - 180 days
99b8ee09d642ffedf091951a7235faa0,2017-06-19 16:11:57,2018-02-14 21:08:07,2,240.2056712962963,180+ days
99bf2e03eb1ef8f29fd57ad10fd75e48,2018-03-30 19:54:23,2018-05-01 22:42:56,2,32.11704861111111,31 - 90 days
99d1962d736052c7b8793ba94126c377,2017-11-24 18:41:11,2017-11-24 18:41:11,2,0.0,0 - 30 days
99d697dd68fad729283560abe0adae43,2017-04-19 14:52:12,2018-01-10 09:04:09,2,265.7582986111111,180+ days
99da196553d9b67b1c762a712a8caaf6,2017-11-19 20:35:05,2017-11-24 01:39:47,2,4.211597222222222,0 - 30 days
99e2f46c9fe0bba48bd131ddac456549,2018-07-17 21:31:20,2018-07-17 22:10:03,2,0.026886574074074073,0 - 30 days
9a2344afe2d1a43559906bd456567a9b,2018-01-22 20:54:06,2018-01-22 20:54:07,2,1.1574074074074073e-05,0 - 30 days
9a30b2294f18ddcee9918dd3f3554407,2018-04-12 17:14:02,2018-07-06 13:46:23,2,84.85579861111111,31 - 90 days
9a57feadf40027e677c373d70108d57f,2017-05-22 10:33:21,2017-08-25 16:17:02,2,95.23866898148148,91 - 180 days
9a6a921e2fdd2e6ba9c4fbdf24381248,2018-01-05 10:01:43,2018-02-06 14:42:05,2,32.19469907407407,31 - 90 days
9a736b248f67d166d2fbb006bcb877c3,2017-07-27 12:50:46,2017-08-08 20:26:31,2,12.316493055555556,0 - 30 days
9aaa6812e0daefa1f7edd5f772297d2e,2018-05-01 18:10:20,2018-07-08 11:51:23,2,67.73684027777777,31 - 90 days
9aae8213ff9bc04cc3ce48b85f43a173,2018-05-27 18:14:56,2018-05-27 18:21:21,3,0.004456018518518519,0 - 30 days
9ab7e264a4fe8551657555d5bbdc6258,2018-07-05 23:46:37,2018-07-05 23:46:37,2,0.0,0 - 30 days
9ab9e6724cc65e59593099f18081fd35,2017-10-22 12:19:55,2017-10-22 12:19:55,2,0.0,0 - 30 days
9abba9caa203cd4344b8c918d6ade26e,2018-02-21 21:33:45,2018-02-21 21:33:47,2,2.3148148148148147e-05,0 - 30 days
9ae2dda41ec3dae4c5c780e251223272,2018-03-11 14:17:20,2018-03-14 15:47:48,2,3.062824074074074,0 - 30 days
9af2c271654a36a48beefe342ba6208a,2017-09-25 14:36:45,2017-12-21 22:44:44,2,87.33887731481481,31 - 90 days
9afb61455d41afffa3ea550d1cfd832c,2017-05-11 13:43:44,2017-05-11 13:52:30,2,0.0060879629629629626,0 - 30 days
9b22d6fe1f74d6e1aefec789415ec847,2017-07-24 02:41:57,2018-03-18 11:20:16,2,237.35994212962962,180+ days
9b352d0736779ff0e21fcbd59a7141b3,2018-07-16 12:59:02,2018-08-07 19:13:52,2,22.260300925925925,0 - 30 days
9b475216704f39cb18ce448648b995e1,2018-08-10 12:48:27,2018-08-10 12:48:28,2,1.1574074074074073e-05,0 - 30 days
9b76c588a7a8d495bce4f71d2559d3ee,2017-04-13 08:45:32,2017-04-13 08:45:33,2,1.1574074074074073e-05,0 - 30 days
9b7fcde05dd369caf4dea1f04ed39fcc,2017-09-15 09:21:45,2018-08-05 10:50:43,2,324.0617824074074,180+ days
9b7fcfa05fb6f8b88fea3d74a6ba77d6,2017-05-21 08:01:40,2018-07-08 08:30:55,2,413.0203125,180+ days
9b8180cd4fe75a8acd576d0408ff8bf4,2018-04-11 20:31:59,2018-04-24 15:51:09,2,12.804976851851851,0 - 30 days
9bb5ee90bbf9e5dec4a866a9d1117328,2017-03-11 11:41:42,2018-01-15 18:33:21,2,310.28586805555557,180+ days
9bc158770d28e135f48b0c3fb2c21d27,2017-08-23 16:17:38,2017-09-14 18:50:07,2,22.105891203703703,0 - 30 days
9bff551dd73fdb455a7c2ceb6bed2d39,2017-02-08 15:53:07,2017-08-18 12:08:35,2,190.8440740740741,180+ days
9bff67cbd491a775eb1e262b778da4e6,2017-12-28 11:27:49,2018-01-16 12:06:29,2,19.026851851851852,0 - 30 days
9bff77a776574edf41418ddd01bcbb4e,2018-02-05 18:11:49,2018-04-15 19:39:10,2,69.06065972222223,31 - 90 days
9c08d6f85c7fcec4b08ead25590c0af7,2018-05-14 00:11:23,2018-05-24 01:14:59,3,10.044166666666667,0 - 30 days
9c18cd0ba86443dce5c2e5157cbd2eff,2017-10-04 18:18:28,2018-05-29 02:29:23,2,236.34091435185186,180+ days
9c2014c8ebe041a98e9603375cd7bb6b,2017-10-29 06:36:45,2018-06-17 07:56:36,2,231.05545138888888,180+ days
9c3a23565ded3e71fc8979579e8f091c,2018-01-04 02:42:26,2018-01-10 02:41:38,2,5.999444444444444,0 - 30 days
9c3af16efacb7aa06aa3bc674556c5d6,2018-08-02 12:06:07,2018-09-25 11:59:18,2,53.99526620370371,31 - 90 days
9c4220872289f4e0239410f49e02e189,2018-02-06 16:26:21,2018-05-27 03:04:57,2,109.44347222222223,91 - 180 days
9c540c186d344c460d85726b531b287b,2017-05-13 01:07:34,2018-05-21 14:39:32,2,373.56386574074077,180+ days
9c760a39c48113c1450dd5b65958d7fa,2017-06-10 17:19:22,2017-09-04 15:31:36,2,85.92516203703704,31 - 90 days
9c9372efb0eaba42664210e312fe38c4,2017-11-11 23:11:23,2017-11-11 23:20:20,2,0.006215277777777778,0 - 30 days
9ca25c67e315e2a59b00eca2d4797734,2018-01-14 10:42:30,2018-07-21 13:24:30,2,188.1125,180+ days
9cc5a07f169a1606fd347a56683e6ea6,2017-12-13 21:34:30,2017-12-13 21:34:31,4,1.1574074074074073e-05,0 - 30 days
9cc73b2f1f13d58e4e11389fde3e2402,2018-07-17 08:39:37,2018-08-09 14:36:13,2,23.24763888888889,0 - 30 days
9ccfff93c79f3dd996cce15f26480c5b,2018-01-16 11:04:42,2018-02-01 19:34:28,2,16.354004629629628,0 - 30 days
9d1773d6d4fb3faaf3173924d181952a,2018-01-19 00:32:29,2018-03-21 14:22:36,2,61.57646990740741,31 - 90 days
9d2b062dc07734a1d7053478a7e83280,2017-11-15 16:35:52,2017-11-22 15:36:42,2,6.958912037037037,0 - 30 days
9d31457a03125fc870787a251760315a,2017-01-28 15:55:11,2017-05-19 15:09:17,3,110.968125,91 - 180 days
9d42d5ee226121b6dc867197ce0529cc,2018-05-01 20:30:54,2018-06-23 07:41:49,2,52.46591435185185,31 - 90 days
9d4dad0a5382a8d234d0ad979dc594f2,2017-03-29 23:16:59,2017-03-29 23:17:00,2,1.1574074074074073e-05,0 - 30 days
9d62781deeb1060adc0f47a86d4a2ef3,2017-05-05 23:41:13,2017-05-05 23:41:13,2,0.0,0 - 30 days
9d8130e675ce6c1f24cd519444f7642b,2017-04-26 19:25:47,2017-07-12 00:49:22,2,76.22471064814815,31 - 90 days
9dc44558922ff57d14d99f20d37f440f,2017-06-18 22:01:51,2017-06-18 22:03:52,2,0.001400462962962963,0 - 30 days
9e174aadbc877e3c42ca03babfd157f8,2017-07-31 10:00:00,2017-07-31 10:00:03,2,3.472222222222222e-05,0 - 30 days
9e4accf95024aa6565ca1efcadb96752,2017-09-03 20:15:02,2018-05-12 13:42:24,2,250.72733796296296,180+ days
9e527c9bc89a4228e5d8e136712ec63e,2017-08-15 17:05:06,2017-10-09 17:40:38,2,55.024675925925926,31 - 90 days
9eaed62db4e25ad2ac2fcdec58a8e6cc,2018-03-27 06:26:35,2018-03-29 16:11:04,2,2.4058912037037037,0 - 30 days
9eaee1fe94e2155bde44087d299c0b9d,2018-02-28 18:33:55,2018-05-08 16:48:02,2,68.92646990740741,31 - 90 days
9eb77967122094a4eea4084933b47a1e,2018-03-19 10:05:40,2018-03-19 10:05:40,2,0.0,0 - 30 days
9eb7d30b5661dd9e5e2333954d84e02a,2017-07-07 21:17:36,2017-07-07 21:17:36,2,0.0,0 - 30 days
9f10a450cddebea0e7cd86f67c894d1c,2018-01-06 14:43:51,2018-05-07 10:00:08,2,120.80297453703703,91 - 180 days
9f3495fec7de50e7f0e31d3f1ed3c526,2018-03-29 12:41:26,2018-07-06 15:33:58,2,99.11981481481482,91 - 180 days
9f37b1215df84eae065524290b66cba6,2018-01-31 02:13:53,2018-02-09 00:22:10,2,8.922418981481481,0 - 30 days
9f5e91d56f3c3c192a0ee7fa88de7113,2017-09-13 23:41:20,2017-12-07 13:12:40,2,84.56342592592593,31 - 90 days
9f67aa18a87ea9a76854deeb9385c011,2018-06-06 16:30:22,2018-08-03 10:41:12,2,57.757523148148145,31 - 90 days
9f6a13c93d886acbefe16ad39bbfb85c,2017-07-18 11:17:24,2018-01-17 08:21:49,2,182.87806712962964,180+ days
9fa0a504d42412f2bc9878d90541121d,2017-07-28 12:54:08,2018-03-15 10:52:58,2,229.91585648148148,180+ days
9fbc6085aef8a6c39c5c177e7634c4e4,2018-07-18 21:21:02,2018-07-18 21:21:02,2,0.0,0 - 30 days
9fdf694ddd72ea586dc72ceb7a0d2d91,2018-02-05 22:54:03,2018-02-05 22:54:03,2,0.0,0 - 30 days
9fe8cb705d35cf54025160f9f01b7cc4,2017-06-23 20:47:50,2017-12-12 22:13:30,2,172.05949074074073,91 - 180 days
9ff6787921b9aecefdb9c8212ebd8679,2017-10-17 19:05:00,2017-10-17 19:05:01,2,1.1574074074074073e-05,0 - 30 days
a00a13ac36037d575bb016caf8f50d53,2017-03-28 16:31:00,2017-04-07 10:12:48,2,9.737361111111111,0 - 30 days
a017de101a9c4fab4995c1bc81e737ea,2018-05-19 10:51:33,2018-05-19 10:58:30,2,0.004826388888888889,0 - 30 days
a029899dd8534557a81c369475ff80c8,2018-04-13 13:19:27,2018-04-27 13:36:40,3,14.011956018518518,0 - 30 days
a06f383add4d40457f1909b67ce6b7fb,2017-03-20 11:01:17,2017-03-20 11:01:19,2,2.3148148148148147e-05,0 - 30 days
a0abd26659c9914690cbd3320d39fd96,2017-05-27 14:03:20,2018-02-07 21:33:54,4,256.31289351851854,180+ days
a0b4713c96aeb3aff3b23412e63d5f75,2017-12-07 16:22:40,2017-12-07 16:48:12,2,0.01773148148148148,0 - 30 days
a0d44d593fe455c0ec7ed8f4715190cb,2018-04-02 17:34:41,2018-04-03 14:42:26,2,0.8803819444444444,0 - 30 days
a0d58c3abf0bc947e39f72976db72428,2018-07-18 00:08:33,2018-07-18 00:08:34,2,1.1574074074074073e-05,0 - 30 days
a0e0770d529c5da6dd71d5be8620aa3b,2017-05-15 20:26:01,2017-06-07 20:28:13,2,23.001527777777778,0 - 30 days
a0ef77ac3d3662b055dc12b045da37ed,2017-07-26 15:38:35,2017-12-29 18:40:58,2,156.12665509259259,91 - 180 days
a0f0a2082b269a9715ba874c94b592f3,2017-11-24 21:13:26,2017-11-24 21:13:26,2,0.0,0 - 30 days
a1044dd75b74fbc485b040575a14acf0,2017-12-12 18:19:22,2017-12-20 23:22:55,2,8.21079861111111,0 - 30 days
a10fe3c477989c968aa284bd448b1d5b,2017-04-04 10:41:08,2017-04-29 16:26:37,2,25.23991898148148,0 - 30 days
a124666e823bbd5fb77a72afc8c1360c,2017-05-04 23:14:03,2017-05-04 23:14:03,2,0.0,0 - 30 days
a128eb4a87a5195a3a5dfbdc3426c834,2017-05-29 23:53:39,2017-06-06 09:28:07,2,7.398935185185185,0 - 30 days
a147b35c04951884b4bbd65a0085cf88,2017-11-22 00:24:38,2018-06-27 20:57:19,2,217.8560300925926,180+ days
a176838867d89ed62981cdf02b7ca3e1,2018-03-04 15:58:09,2018-03-04 15:58:10,2,1.1574074074074073e-05,0 - 30 days
a1874c5550d2f0bc14cc122164603713,2017-06-30 13:40:46,2018-01-25 16:21:03,4,209.11130787037038,180+ days
a1a374f4c131638dc698c76bebd11769,2018-01-25 15:32:04,2018-02-01 15:22:08,2,6.9931018518518515,0 - 30 days
a1bb96820529725c3c79a77c69e7e792,2017-06-08 23:17:57,2017-06-08 23:17:57,2,0.0,0 - 30 days
a1c1665f040ebd05f327c8e9dc1cdf4f,2017-11-13 23:38:46,2018-04-29 18:49:55,2,166.7994097222222,91 - 180 days
a1c61f8566347ec44ea37d22854634a1,2017-03-19 08:36:36,2018-08-25 11:01:56,2,524.1009259259259,180+ days
a1f6aec75e41168caba548372f245c68,2017-12-19 11:43:10,2018-03-06 14:25:20,2,77.11261574074074,31 - 90 days
a2027a1c6f9e04a875c44ea09061d3f2,2018-03-26 13:43:36,2018-05-18 11:04:32,2,52.88953703703704,31 - 90 days
a2370b590b2453d5a748d4c4c35f900b,2017-04-26 14:48:36,2017-11-13 17:12:35,2,201.09998842592591,180+ days
a239b8e2fbce33780f1f1912e2ee5275,2017-02-06 14:56:20,2017-02-06 14:56:21,4,1.1574074074074073e-05,0 - 30 days
a24587c47d40ff560266576b543d16d8,2018-01-23 22:24:54,2018-01-23 22:24:55,2,1.1574074074074073e-05,0 - 30 days
a253d10c681ebc4ee987907d2fd156ce,2018-03-26 20:52:04,2018-05-14 17:25:13,2,48.85635416666667,31 - 90 days
a262442e3ab89611b44877c7aaf77468,2017-02-17 18:27:58,2018-07-24 16:44:34,2,521.9281944444444,180+ days
a26fff917d367b218a794da1eecba3fc,2018-06-28 13:32:50,2018-06-28 13:32:50,2,0.0,0 - 30 days
a278e5ab3d212b2c8285bdfa911b25a7,2018-02-27 12:19:10,2018-06-19 19:15:12,2,112.28891203703704,91 - 180 days
a2b7188b91416738f3f713f6e107f276,2017-10-18 17:51:17,2018-02-19 23:20:19,2,124.22849537037037,91 - 180 days
a2c15de05ef380b5a7eaf915898926db,2017-11-17 19:42:08,2017-12-01 09:43:01,2,13.583946759259259,0 - 30 days
a2d2201f14b81eb836de9fef6d305311,2018-07-11 08:57:31,2018-08-15 11:25:10,2,35.102534722222224,31 - 90 days
a2d8125361b16f316df65f4603b88e23,2018-01-12 18:17:38,2018-03-10 11:31:10,2,56.71773148148148,31 - 90 days
a2eb3545fdbc2c6687e8d66c78c206d6,2017-09-02 16:43:04,2018-06-10 11:41:07,2,280.7903125,180+ days
a2ee01609cebac76651bfc4814f5500e,2018-04-24 06:36:45,2018-06-09 19:24:53,2,46.533425925925926,31 - 90 days
a3021c629bd1d99347a8e75a9ab035d8,2017-07-22 11:43:30,2017-07-22 14:11:29,3,0.1027662037037037,0 - 30 days
a30af9d68fbfcafb8451854c528587f5,2018-04-25 22:21:30,2018-07-24 22:49:42,2,90.01958333333333,91 - 180 days
a31ef19138e1e8ddad1c8c30612a044d,2017-11-24 20:26:30,2018-06-07 22:32:14,2,195.08731481481482,180+ days
a327e19095ffb086d25f7ee477c9d3c6,2017-01-29 18:19:02,2017-01-29 18:35:23,2,0.011354166666666667,0 - 30 days
a32fd99e791dbe323486039bce9ac35e,2018-05-12 23:10:28,2018-06-25 18:22:41,2,43.80015046296296,31 - 90 days
a35e6ad969a4298593c504f69c03efb4,2018-06-04 09:49:31,2018-08-01 14:13:38,2,58.18341435185185,31 - 90 days
a366793a4999f8cc135855c4dd347421,2018-02-16 22:02:09,2018-06-09 22:43:02,2,113.0283912037037,91 - 180 days
a368079a0bebc82daf9ee12fd8a6ccd1,2018-02-20 20:38:22,2018-02-20 20:38:22,2,0.0,0 - 30 days
a38b86dce31f7c014a0c958b548f6a64,2017-03-31 21:18:25,2017-06-12 11:39:00,2,72.59762731481482,31 - 90 days
a3ad86e859f1d0466bc1beb77fdf218c,2018-05-21 16:41:06,2018-08-01 13:56:49,2,71.88591435185185,31 - 90 days
a3c22bbd3ae5d6200ac82078b67eec2a,2017-12-07 01:05:38,2017-12-12 09:34:16,2,5.353217592592593,0 - 30 days
a3cff19572a9d98802efdd6603792ce9,2018-01-03 14:43:21,2018-01-09 18:57:54,2,6.176770833333333,0 - 30 days
a3dc27d87234f862d7e61a0148c77fa9,2018-02-23 10:37:40,2018-02-23 17:55:18,3,0.30391203703703706,0 - 30 days
a40096fc0a3862e9e12bc55b5f8e6ab2,2017-10-10 18:31:36,2017-10-11 14:49:49,3,0.8459837962962963,0 - 30 days
a4030b5e97ffc14114e66d82df860f6f,2017-03-20 10:48:56,2018-06-01 16:15:30,2,438.2267824074074,180+ days
a43931660f8bbcc1c64db8ddf4b10dff,2017-06-24 10:13:58,2017-10-06 20:58:51,2,104.44783564814814,91 - 180 days
a44636f3316d0114566918bd02ef58bd,2017-10-22 07:28:15,2017-10-22 07:28:18,2,3.472222222222222e-05,0 - 30 days
a44b31b99d33ba6c128b857d28842ea8,2018-02-23 17:30:06,2018-02-23 17:30:08,2,2.3148148148148147e-05,0 - 30 days
a484d6a80277ccf24d9980cf34c47546,2017-09-15 12:14:09,2017-09-15 12:14:10,2,1.1574074074074073e-05,0 - 30 days
a48616b0798c3f1d5cae097c18180be8,2018-02-27 22:18:18,2018-02-27 22:18:18,2,0.0,0 - 30 days
a4e456eca4b667dc31e1881a4b56b319,2018-01-14 08:09:08,2018-06-08 08:26:57,2,145.0123726851852,91 - 180 days
a4e71a98a7a1490fff07e7a65cf06be2,2017-04-24 20:45:32,2017-10-10 15:57:19,2,168.79984953703703,91 - 180 days
a4e8a2fb3d4d783c8eec5bf1ea80d3c6,2017-12-30 20:52:24,2018-03-18 14:44:29,2,77.74450231481481,31 - 90 days
a518c60e2e7f3a2820b4ef5cf5107189,2017-09-20 23:02:46,2017-10-16 12:28:39,2,25.559641203703702,0 - 30 days
a53b3da0cf3e158e78cad26c27a06d19,2018-02-23 20:55:32,2018-02-23 20:55:33,2,1.1574074074074073e-05,0 - 30 days
a53c5bbb7be8b7a0f586d31c2bc499ef,2018-08-09 19:36:11,2018-08-24 11:17:45,2,14.653865740740741,0 - 30 days
a54a1749bd03dfe0d3642b7fbd888b47,2018-03-19 16:22:05,2018-03-20 15:06:42,2,0.947650462962963,0 - 30 days
a54de86aa4370cc93031bb4e99d436b0,2018-04-22 21:13:08,2018-05-25 20:47:34,2,32.98224537037037,31 - 90 days
a55e19719dab7efad8d5b7b0bedf5326,2018-03-09 16:38:46,2018-06-19 23:01:50,2,102.26601851851852,91 - 180 days
a56df37f1251ec47d5ad53dab3043f38,2018-06-02 22:36:30,2018-06-20 21:40:31,2,17.961122685185185,0 - 30 days
a5afb1cd8d3b8126d2d39a7a29880c09,2018-05-30 18:01:22,2018-06-27 09:46:09,2,27.656099537037036,0 - 30 days
a5bdd83dc32225fadcedd741693cede2,2017-08-03 11:01:10,2017-08-03 11:47:07,2,0.03190972222222222,0 - 30 days
a5c62e7e896b7e6ed95d39714f51304a,2017-07-04 13:27:14,2017-07-04 13:27:14,2,0.0,0 - 30 days
a5c806ebe5b25d0ab1e7f0da0e17d6bc,2017-02-01 22:31:12,2017-04-13 20:08:10,2,70.9006712962963,31 - 90 days
a5c93e7b12545f61cbf92efa2d77f1f3,2018-02-25 13:06:16,2018-02-25 13:06:17,2,1.1574074074074073e-05,0 - 30 days
a5c9660af607788526f45b6774ac2594,2017-07-14 16:11:34,2017-07-22 23:18:13,2,8.296284722222222,0 - 30 days
a5d3bfee5b23b430b95c4ae295e1028a,2017-01-21 06:58:31,2017-01-23 13:31:26,2,2.2728587962962963,0 - 30 days
a61a0484f0c42f81f6299b8d89123823,2018-08-06 19:05:50,2018-08-09 20:10:29,2,3.0448958333333334,0 - 30 days
a660768f87f5460dead886e622dd5741,2018-03-07 10:22:35,2018-05-21 21:34:55,2,75.46689814814815,31 - 90 days
a66315c850c3712707754c1eca7a8069,2017-05-18 11:00:52,2018-03-15 12:56:35,3,301.0803587962963,180+ days
a69d31a5f6011df99d415808d6d640b9,2018-02-22 08:25:27,2018-02-23 18:37:23,2,1.4249537037037037,0 - 30 days
a6e56ce065f297714559452de03a2ca6,2018-07-04 17:03:24,2018-07-14 11:38:58,2,9.774699074074075,0 - 30 days
a6ea57f856565adf869941339028fa05,2017-11-24 13:21:09,2018-01-24 22:46:55,2,61.39289351851852,31 - 90 days
a72a2d4e19868dba726c0e6f49198c7e,2017-10-06 16:05:51,2017-11-14 15:44:11,3,38.9849537037037,31 - 90 days
a73c5464692d3bc09d64e3edefae9015,2017-08-03 17:18:23,2018-01-21 22:49:13,4,171.22974537037038,91 - 180 days
a74c55db1520986fe4c117a54a0fc287,2018-04-11 14:36:30,2018-05-02 10:22:32,2,20.823634259259258,0 - 30 days
a74cca5b53aa3fb9a6841f847033dcc1,2018-02-15 09:50:21,2018-06-26 16:59:10,2,131.29778935185186,91 - 180 days
a74e3f2f887f14862e34c61ed0e4c5d0,2017-12-26 16:24:47,2018-03-05 18:12:14,2,69.07461805555556,31 - 90 days
a7657330b1c135f3acd420326e335b2c,2017-05-18 20:51:06,2017-06-09 14:24:57,4,21.731840277777778,0 - 30 days
a783997c6d6e57782d4d2dcbc5c9edaf,2017-04-03 17:36:49,2018-03-07 12:17:30,2,337.77825231481484,180+ days
a78c7a68877d33bacf81b01bc4a4d2f2,2017-05-01 18:58:53,2017-05-01 18:58:54,2,1.1574074074074073e-05,0 - 30 days
a7986e0208cca640dd67c245525231b2,2018-02-24 17:49:15,2018-02-24 17:49:16,2,1.1574074074074073e-05,0 - 30 days
a79f018f214e99a7551fd6efea6e2c4d,2017-10-25 13:44:05,2017-10-25 13:44:07,2,2.3148148148148147e-05,0 - 30 days
a7a6d8b62390ec8014d5a46ee36644c4,2017-03-25 18:02:36,2017-03-25 18:02:37,2,1.1574074074074073e-05,0 - 30 days
a7bbfaf8a288c45dc38d4693535dd63f,2017-01-29 10:03:54,2017-02-07 19:06:47,2,9.377002314814815,0 - 30 days
a7d9a3e447614288937ad2bba991676c,2017-08-11 21:59:05,2017-08-11 21:59:06,2,1.1574074074074073e-05,0 - 30 days
a7f45c1961dbd98e7a14f3d38ea11c06,2018-07-18 15:03:36,2018-07-18 15:03:36,2,0.0,0 - 30 days
a7f8b23aaf522616c6c7daa2a3753247,2017-11-22 00:37:30,2017-12-04 00:00:35,2,11.974363425925926,0 - 30 days
a8060584a077038962852f3184a4571e,2018-08-01 12:09:23,2018-08-03 16:58:12,2,2.2005671296296296,0 - 30 days
a80a048ab08d27168131328d4e2fde1c,2018-06-21 09:16:19,2018-06-25 09:05:04,2,3.9921875,0 - 30 days
a80bfbd1e59358c3afb4b2980455f171,2017-10-14 14:40:07,2018-07-01 19:53:44,2,260.2177893518519,180+ days
a82d9e16794b2921f600796767322a9f,2017-04-25 15:14:44,2017-05-17 14:07:47,2,21.953506944444445,0 - 30 days
a8333c0243253bb6d89193af79807384,2017-03-17 18:43:55,2018-02-14 17:56:45,2,333.9672453703704,180+ days
a865a3f8b39809ab1ba53cd0e8122999,2018-01-03 00:06:12,2018-01-17 11:32:19,2,14.476469907407408,0 - 30 days
a8cb771f0d1d230407948d4ce2af5c3e,2017-05-04 16:50:52,2017-07-12 14:26:37,2,68.89982638888888,31 - 90 days
a8d344109edd5d56bed40ebbc3119129,2018-03-15 20:58:52,2018-03-15 20:58:52,2,0.0,0 - 30 days
a8df4001abe77cf8473902c2b7efe418,2017-07-31 11:59:28,2017-10-19 16:28:07,2,80.1865625,31 - 90 days
a900ff99a192cbaf6ae8e867a95117a3,2018-07-14 13:14:33,2018-08-04 19:41:25,2,21.268657407407407,0 - 30 days
a914b2be4782207abc6758095ec9e8aa,2018-05-15 17:33:50,2018-08-06 21:40:05,2,83.17100694444444,31 - 90 days
a944a93bfa1d65b1523c45f9ccb01ec0,2017-10-14 07:32:13,2017-11-29 23:33:23,2,46.66747685185185,31 - 90 days
a97d43b24d76819903192611aca17914,2017-12-17 19:40:26,2017-12-29 19:52:03,2,12.00806712962963,0 - 30 days
a982bd0fec12d781fecd9f1e17cb81bf,2018-02-25 17:37:04,2018-02-25 17:37:04,2,0.0,0 - 30 days
a999e4bbad221a030b57ef4a2bfa1c39,2018-05-09 08:06:13,2018-05-09 08:06:14,2,1.1574074074074073e-05,0 - 30 days
a9e070f61d35aa13e420c8597b5ccb3d,2018-01-20 20:57:47,2018-01-20 20:57:48,3,1.1574074074074073e-05,0 - 30 days
a9e4348b76f85861ada324e72dc92aca,2017-12-11 20:47:16,2018-04-12 11:09:29,2,121.59876157407408,91 - 180 days
aa2630ebac79aa0c7749370b705121bc,2017-10-03 11:27:20,2017-10-03 11:27:21,2,1.1574074074074073e-05,0 - 30 days
aa3bf249b773d47a88cd191c16152086,2018-03-02 12:58:20,2018-06-28 12:22:47,2,117.9753125,91 - 180 days
aa3d117e569361959283b1e267bb785d,2018-03-03 17:11:26,2018-03-03 17:11:27,2,1.1574074074074073e-05,0 - 30 days
aa591348866497ba6bf83de62e4f8813,2017-08-10 21:05:35,2018-08-08 22:13:19,2,363.04703703703706,180+ days
aa819ffd42a7a52ddfaee53f024fafdd,2017-11-25 16:35:58,2017-11-25 23:45:18,2,0.29814814814814816,0 - 30 days
aa89a987e1e092c318fbdc4b0e3dcc44,2018-02-11 01:08:17,2018-08-05 14:01:35,2,175.53701388888888,91 - 180 days
aaad6d68de5490cba508e4203ddc87de,2017-04-29 12:46:17,2017-06-29 08:13:00,2,60.81021990740741,31 - 90 days
aab0cf2b7b1d9c3fd242397d73ed044b,2017-06-09 08:56:24,2018-02-01 17:56:01,2,237.37473379629628,180+ days
aaf00c4cf40ae5b125c7f169dcce2fa3,2017-05-27 13:48:50,2018-02-07 11:42:41,2,255.91239583333333,180+ days
aaf97f99c731d8d84810ff16e6ded10d,2017-07-20 18:59:34,2017-09-07 18:05:42,2,48.96259259259259,31 - 90 days
ab0f956f72812ae4636be4e15b58031e,2017-06-10 12:53:02,2017-06-27 11:20:27,2,16.93570601851852,0 - 30 days
ab0faabf48c8c0108c13277d2b701f16,2018-01-15 16:47:06,2018-01-17 18:06:45,2,2.0553125,0 - 30 days
ab243cd9e788d689cc822380f59616e1,2017-09-24 10:47:39,2018-02-01 09:39:46,3,129.95285879629628,91 - 180 days
ab2833d17fa6bccadb045eaf458e7e5e,2017-11-25 21:38:47,2017-11-25 21:39:12,2,0.00028935185185185184,0 - 30 days
ab58f2fb5f71caac6366303095c0cd41,2017-09-07 09:32:18,2018-05-05 10:14:05,2,240.0290162037037,180+ days
ab63cccdc1367499b533e102cc9631d5,2018-07-08 19:40:11,2018-07-08 19:40:11,2,0.0,0 - 30 days
ab6ec178286e6a6d70e9bfe90378bd95,2018-04-27 10:42:14,2018-06-20 10:59:40,2,54.01210648148148,31 - 90 days
ab744045d2445f5bae53b57a4b99bfbf,2017-10-01 17:19:18,2017-10-21 21:33:43,3,20.176678240740742,0 - 30 days
abc9e5b32caf6ec0c8fa356117b66d66,2017-11-14 11:55:04,2018-08-03 16:16:19,2,262.1814236111111,180+ days
abfe742e782fb10f5c824fcb849e5cd1,2017-08-18 14:30:19,2017-08-18 14:30:22,3,3.472222222222222e-05,0 - 30 days
ac2606825161d003acfbe4f43af273b1,2018-03-23 21:33:01,2018-03-24 11:54:51,2,0.5984953703703704,0 - 30 days
ac3dcee918e6c96eb2ab467158143697,2017-07-25 20:49:16,2018-05-04 00:24:14,2,282.1492824074074,180+ days
ac64c33e439eba6713e1743e070ef50e,2017-05-07 13:05:13,2017-05-07 13:05:14,2,1.1574074074074073e-05,0 - 30 days
ac95cdab584cac0e86ce97a5399ecf79,2018-01-19 23:57:19,2018-04-08 12:39:48,2,78.52950231481482,31 - 90 days
ac987d464574ee0f743f9b630f937a27,2017-06-16 08:51:44,2017-08-06 08:49:24,3,50.99837962962963,31 - 90 days
acaf5177d6de60fda7ce77c48abb5230,2018-02-19 22:16:17,2018-02-22 16:51:30,3,2.7744560185185185,0 - 30 days
acc374bd9024806a83121b1d2565db2f,2017-06-22 19:51:20,2018-03-11 23:21:06,2,262.1456712962963,180+ days
acc4424c209233de519e034152f30304,2018-02-21 22:21:26,2018-05-05 23:45:35,2,73.0584375,31 - 90 days
accd68fd87adda3d6360d77daafd964d,2017-12-04 17:22:15,2018-08-04 23:12:13,2,243.2430324074074,180+ days
acd7af4da419afee85373166387d5799,2018-08-13 01:18:39,2018-08-20 12:38:56,2,7.472418981481481,0 - 30 days
acea13a79aeaf715ba68122e9deb330a,2018-06-06 11:47:08,2018-08-13 14:18:20,2,68.105,31 - 90 days
acea6bd29b8c1e3c6a8b266a8fb4475e,2017-08-30 09:53:59,2017-09-21 11:07:39,4,22.05115740740741,0 - 30 days
acf91aaa6f337456d3c506a5a494552c,2017-01-20 14:56:31,2018-04-27 22:44:44,2,462.32515046296294,180+ days
ad0ab3a7b55bde26410aff17192f6699,2018-02-13 20:16:06,2018-03-31 19:07:33,2,45.952395833333334,31 - 90 days
ad155bc0931cb6bab63d4ff2515c3159,2018-06-03 11:03:37,2018-07-28 13:11:23,2,55.08872685185185,31 - 90 days
ad42aaf1833e2a64136a9d9f823d77ab,2017-12-14 18:10:22,2017-12-14 19:10:10,2,0.041527777777777775,0 - 30 days
ad6347b3d1ee0be630742d96abcbd9bb,2017-06-13 15:24:51,2017-06-13 15:24:53,2,2.3148148148148147e-05,0 - 30 days
ad7072317d373de9bdc9b4ed5b6c5a85,2017-10-12 14:26:39,2017-10-12 14:26:40,2,1.1574074074074073e-05,0 - 30 days
ad7fda75731aed4991eb80d939db8115,2018-08-13 14:44:16,2018-08-22 13:59:28,2,8.96888888888889,0 - 30 days
ad97668eed5826a5d800b15351bea269,2018-02-28 15:39:15,2018-07-02 14:50:55,2,123.96643518518519,91 - 180 days
ada6236b6bba2b0c3588aea846e43afb,2017-09-05 22:49:05,2018-08-15 10:11:11,2,343.4736805555556,180+ days
addc1082e059523e5ef2e7486d1d8905,2018-02-27 10:08:49,2018-02-27 10:08:49,2,0.0,0 - 30 days
ade4eefdf0232fa26f1988cb56edc58c,2017-11-30 21:49:25,2018-01-23 10:26:00,2,53.52540509259259,31 - 90 days
ae0ef1d2e3a62b54a83dadad4db14f5d,2018-01-15 14:30:41,2018-05-02 23:22:04,2,107.36901620370371,91 - 180 days
ae11ab40faeb1f8b85f6308e052bd710,2018-03-02 14:06:12,2018-05-09 21:09:14,2,68.29377314814815,31 - 90 days
ae207cf8119fd10e3b9ac24570089fad,2017-06-20 14:02:23,2017-09-03 21:28:15,2,75.30962962962963,31 - 90 days
ae20947231d4d44dde1680a7ab14d90a,2017-09-02 22:37:02,2017-09-02 22:37:04,3,2.3148148148148147e-05,0 - 30 days
ae3e48f07b8242fa45f29dca1ce36a08,2017-11-19 21:34:58,2018-06-08 11:09:25,2,200.56559027777777,180+ days
ae4395be33e633d0c87010d59847e5ed,2018-05-18 00:35:08,2018-05-18 00:35:08,2,0.0,0 - 30 days
ae44510fbe1ff7826298182f9f21aee9,2018-03-18 22:01:30,2018-03-21 02:22:41,2,2.181377314814815,0 - 30 days
ae52fa61f27bd494a25bc4c101fa29d0,2017-06-06 23:09:15,2017-06-06 23:09:17,2,2.3148148148148147e-05,0 - 30 days
ae53a87a257f8e54795af6ff434e443b,2017-09-14 10:12:04,2017-09-14 10:12:04,2,0.0,0 - 30 days
ae72fc322c436d955bae749b31ef4b97,2017-11-21 16:22:07,2018-04-13 07:50:12,2,142.64450231481482,91 - 180 days
ae74c314b9c383e5d7bcd99d54ffbc71,2017-05-08 00:45:17,2017-05-08 00:45:17,3,0.0,0 - 30 days
ae7b79796d47ab59f417a154efcdbb77,2017-03-10 13:16:12,2017-09-23 09:45:33,2,196.85371527777778,180+ days
ae8482b27b2119e2c3278f5ddf9c1024,2018-02-12 03:09:03,2018-02-12 03:09:04,2,1.1574074074074073e-05,0 - 30 days
ae899cddd0d9a9ae7f10099595241089,2018-05-18 10:33:52,2018-06-05 20:44:27,2,18.424016203703705,0 - 30 days
aebc1c715aad58419ecb2d919f449127,2017-11-21 12:44:23,2018-04-28 23:55:33,2,158.46608796296297,91 - 180 days
aebdb8f05f5ebf99f858c1a75fb7035a,2018-04-26 10:48:06,2018-07-10 11:36:10,2,75.03337962962964,31 - 90 days
aecd46028eea6a741edca67e93b326bb,2018-03-03 17:23:28,2018-03-03 17:23:30,2,2.3148148148148147e-05,0 - 30 days
aef5b3dd086be507c3dd70e07aa6bb94,2017-08-10 13:55:28,2017-08-10 13:55:29,2,1.1574074074074073e-05,0 - 30 days
af0450a3075f107a38cd7daadc98f990,2018-03-16 12:50:22,2018-04-06 14:01:11,2,21.04917824074074,0 - 30 days
af0f26435fade1ca984d9affda307199,2017-08-30 11:47:52,2018-01-03 10:27:33,2,125.94422453703703,91 - 180 days
af4fa1cf57ef7ad8c28fdb80f86258d0,2018-03-01 08:11:23,2018-03-01 08:11:25,2,2.3148148148148147e-05,0 - 30 days
af51e8dd1c30737ba2dd0ece8cfa294d,2017-05-26 17:19:49,2017-07-04 13:25:07,2,38.83701388888889,31 - 90 days
af5454198a97379394cacf676e1e96cb,2018-08-10 10:39:43,2018-09-03 18:45:34,3,24.337395833333332,0 - 30 days
af70cd6337ae27de089c616dad39bea0,2017-06-19 19:31:09,2017-09-17 12:15:07,2,89.69719907407408,31 - 90 days
af842a6ed9f77511c9bf46922a29ecb5,2018-04-18 15:38:50,2018-04-18 15:41:02,2,0.0015277777777777779,0 - 30 days
afc79cb8de7d350f1909eb6dcd0cb8dc,2017-04-22 11:35:34,2017-04-22 11:35:35,2,1.1574074074074073e-05,0 - 30 days
afd7854781ccdc3222b69421f9c7c6ee,2017-03-05 20:49:55,2017-03-05 20:49:57,2,2.3148148148148147e-05,0 - 30 days
afed5a21e94b4e3e5fbe6c7e4bc92f4c,2017-11-24 10:26:54,2018-04-24 13:07:39,2,151.11163194444444,91 - 180 days
aff7f8b5669fbc5d6f6097ce45e63b19,2017-05-17 14:27:56,2018-07-05 18:21:08,2,414.16194444444443,180+ days
b021c4914aaf3c673e92473fb1e61010,2018-08-05 16:07:17,2018-08-05 20:19:14,2,0.1749652777777778,0 - 30 days
b03155da610163a1626f1b99d4787774,2018-07-14 14:47:19,2018-07-26 08:39:56,2,11.744872685185186,0 - 30 days
b045295488236fa73d8d9c37dc4b03e7,2017-05-30 12:05:05,2017-09-13 10:35:15,2,105.93761574074074,91 - 180 days
b0468c2f2573d7b6bc5bc33479785e2a,2018-04-08 20:27:27,2018-08-09 22:37:32,2,123.09033564814816,91 - 180 days
b04b3653ac441004b247e96ac0829d0c,2018-03-26 19:47:38,2018-05-03 20:48:47,2,38.04246527777778,31 - 90 days
b079e8a1977edd900b4522be9dec0245,2017-12-18 16:20:18,2018-01-25 21:33:34,2,38.2175462962963,31 - 90 days
b088bc1ec6539752bf408ac1d9c694da,2017-10-11 10:22:56,2017-10-11 10:23:09,2,0.00015046296296296297,0 - 30 days
b08b68bac767c3269e827f822d308182,2018-02-18 20:14:06,2018-02-18 20:42:53,2,0.019988425925925927,0 - 30 days
b08fab27d47a1eb6deda07bfd965ad43,2017-09-04 10:18:22,2017-09-07 12:35:23,4,3.095150462962963,0 - 30 days
b09f1bff1aff13c997af071602bc048b,2017-06-15 14:26:01,2017-06-15 14:38:02,2,0.008344907407407407,0 - 30 days
b0ac5b393b78a6e8185fd3acb154748d,2018-02-14 11:43:40,2018-02-14 11:43:41,2,1.1574074074074073e-05,0 - 30 days
b0b057559c54c99e41a21c40c08f7780,2017-03-06 11:34:20,2017-06-05 18:44:05,2,91.2984375,91 - 180 days
b0bc6de4a99007470bbdbbf5cc502ea9,2017-01-14 23:05:01,2017-01-14 23:05:01,2,0.0,0 - 30 days
b0c5e02d315f15318e37d7aab7ebb289,2017-11-05 00:20:43,2017-11-05 00:20:47,2,4.6296296296296294e-05,0 - 30 days
b0f47d39f0e55621071ec1e93ca6b74d,2017-05-28 08:42:18,2017-06-10 18:25:19,2,13.404872685185186,0 - 30 days
b10ad793f6d2cc31b08a3b8366f3d251,2017-03-25 09:03:08,2017-03-25 09:03:09,2,1.1574074074074073e-05,0 - 30 days
b1153ed93605e954b8710b36c8c5f5e8,2018-04-14 20:19:07,2018-04-24 08:36:26,2,9.512025462962963,0 - 30 days
b1449986ee6516d3797d782b01c36e80,2018-01-24 19:08:35,2018-01-24 19:08:37,2,2.3148148148148147e-05,0 - 30 days
b14ef688a7c1a52e7437298085d9d62b,2018-03-07 10:27:14,2018-04-19 13:46:42,2,43.13851851851852,31 - 90 days
b157d45094580a4a5a90af5331351c13,2017-08-27 02:56:31,2017-08-27 02:56:37,2,6.944444444444444e-05,0 - 30 days
b17ed96ffdf66518b4cf65e328298e7b,2018-02-16 16:30:42,2018-03-08 11:40:28,2,19.798449074074075,0 - 30 days
b18c8cbd9616a95055ef4146f3f805e1,2018-04-10 14:09:05,2018-06-04 15:29:14,2,55.055659722222224,31 - 90 days
b197f4af65829575f2f333bd0e9fd204,2017-09-16 13:30:59,2017-10-14 13:59:48,2,28.020011574074076,0 - 30 days
b1a82c8d03f1811eb03d6cb6555ea68e,2018-01-19 02:33:59,2018-07-20 17:26:30,2,182.61980324074074,180+ days
b1a8a0800eac99ec4d83d6ca350a690e,2018-02-23 08:38:47,2018-02-23 08:38:47,2,0.0,0 - 30 days
b1addddee0c4b35550114227d2328cc4,2018-01-18 23:07:20,2018-06-29 11:03:15,2,161.49716435185186,91 - 180 days
b1c936c1a71a46cf4b840a9851486d86,2017-11-15 20:16:50,2017-11-15 20:16:54,2,4.6296296296296294e-05,0 - 30 days
b20c6505279f1beb9c862000c094ebc7,2018-05-03 16:46:39,2018-05-03 16:46:39,2,0.0,0 - 30 days
b222983612ccf9940049ebca9c555130,2018-06-07 18:42:05,2018-06-22 12:40:56,2,14.749201388888888,0 - 30 days
b248c92ec54199bedb1d603e0e6f98c6,2017-11-24 06:29:43,2018-02-21 00:55:03,2,88.76759259259259,31 - 90 days
b25a21b56a2d74da49e04cadbc9e0dd8,2017-07-19 17:14:37,2018-01-23 16:54:31,2,187.98604166666667,180+ days
b2664990a1ac9e250d98ff5c615c3276,2017-08-22 20:12:44,2017-08-22 20:12:47,2,3.472222222222222e-05,0 - 30 days
b26fa76ddf33e534491e4ec46f51bc64,2017-05-29 20:01:57,2017-08-14 13:18:06,2,76.71954861111111,31 - 90 days
b29bd5c2f25523fa4754d058fd513707,2017-11-20 23:34:26,2017-11-20 23:34:26,2,0.0,0 - 30 days
b2a35fdfe13998540dc5fdda95e35ceb,2017-07-05 11:32:56,2017-07-05 11:32:56,2,0.0,0 - 30 days
b2bd387fdc3cf05931f0f897d607dc88,2018-02-27 10:55:41,2018-02-27 10:55:42,4,1.1574074074074073e-05,0 - 30 days
b2c913a0723c7737e11067861e061913,2018-01-29 12:28:53,2018-07-16 10:33:02,2,167.9195486111111,91 - 180 days
b2e9a05d23ea17713b5d7799f2004f8e,2018-07-26 14:26:07,2018-07-26 15:22:44,3,0.03931712962962963,0 - 30 days
b316e256ce45161d3ab81f74834376e8,2017-05-28 11:13:23,2018-02-28 23:57:18,2,276.5304976851852,180+ days
b3806e7118d02476c96b3dd8578dd07f,2017-03-13 15:43:36,2017-04-26 11:31:41,2,43.82505787037037,31 - 90 days
b39dde6dd619943190a8cc9aa6db38a4,2017-03-23 12:21:53,2017-04-08 01:04:51,4,15.529837962962963,0 - 30 days
b3a34bbf1a1d11885918ad3ad99083ae,2018-05-11 14:39:15,2018-07-19 17:41:44,2,69.12672453703703,31 - 90 days
b3a6549b3cd47a7117094faafce8b10d,2018-02-04 12:49:51,2018-02-24 10:35:46,3,19.906886574074075,0 - 30 days
b3ccfe9606744e8b2757954a125ea1a6,2017-06-14 08:52:48,2017-06-14 08:58:49,2,0.004178240740740741,0 - 30 days
b3dc8eaa25a1212037fae667340f20e5,2018-02-09 10:38:32,2018-02-09 10:38:33,2,1.1574074074074073e-05,0 - 30 days
b434a4f306b4eb09c0d57b76f0c4684d,2018-05-13 17:00:45,2018-06-25 12:26:18,2,42.80940972222222,31 - 90 days
b440e4b2919c01d29cebadaf09ef7272,2018-01-08 23:50:22,2018-02-26 00:11:02,2,48.01435185185185,31 - 90 days
b4418ae2225a81808d6c5a61f3a719ff,2017-11-12 17:21:23,2018-07-08 07:13:08,2,237.57760416666667,180+ days
b46143871bd7f63bcbd5acd898b5e1ee,2018-01-24 12:12:58,2018-03-27 16:57:14,2,62.197407407407404,31 - 90 days
b463aa86422087e97281b2787590fb0d,2018-02-01 11:43:40,2018-02-01 11:43:42,2,2.3148148148148147e-05,0 - 30 days
b47715fad5cbc17bfb21e9ab646fdfb2,2018-01-04 18:30:19,2018-01-12 16:54:45,2,7.933634259259259,0 - 30 days
b495d807ccbd38ea1be486a826c88008,2017-11-28 11:23:01,2018-03-12 15:45:41,3,104.18240740740741,91 - 180 days
b4afb55d2d38d9bbe0b83ec108c3e77e,2017-07-10 19:37:07,2017-10-23 08:03:09,2,104.51807870370371,91 - 180 days
b4b0901bb872cf9972b32a05733b3394,2018-05-11 15:39:55,2018-07-29 00:46:28,2,78.3795486111111,31 - 90 days
b4be8ffe5a39196f0098f30316f7d7a1,2017-06-02 08:25:41,2018-05-26 19:31:27,2,358.462337962963,180+ days
b4d20b907a61795e8c8f3a7966c6cfb9,2017-10-08 19:20:19,2018-06-14 13:23:36,2,248.7522800925926,180+ days
b4e4f24de1e8725b74e4a1f4975116ed,2018-02-23 13:12:21,2018-02-24 10:02:14,5,0.8679745370370371,0 - 30 days
b50e2c316ac14c5ad88a269716fe3662,2018-04-08 13:04:47,2018-04-08 13:07:51,2,0.0021296296296296298,0 - 30 days
b525fc8cce07342fb00ab3b2667c8eb9,2017-11-26 19:11:20,2017-11-26 19:11:20,2,0.0,0 - 30 days
b52b8debdefe66d4c0d7f44d9b4ff088,2018-03-22 10:58:13,2018-08-07 15:10:27,2,138.17516203703704,91 - 180 days
b530945168f12f82a3f9be3a5e243afa,2017-08-19 11:09:55,2017-10-13 22:52:40,2,55.48802083333333,31 - 90 days
b531620286c6c6fbd1d3e7b58390fec0,2018-06-04 16:06:49,2018-06-04 16:12:21,2,0.0038425925925925928,0 - 30 days
b56c60ed244eed72ff5640a41bf254d5,2017-02-14 07:59:57,2017-11-21 11:37:06,2,280.1507986111111,180+ days
b593353aa4c093b71235ece9689ce7e4,2017-11-28 16:55:41,2017-12-18 17:03:53,2,20.005694444444444,0 - 30 days
b59e4bb4efe81ba0f7d30cff6734f9a2,2017-12-04 15:00:42,2017-12-04 15:07:09,3,0.004479166666666667,0 - 30 days
b5b46581465f851df3529a30d2503f59,2017-09-26 14:49:01,2017-10-03 23:52:07,2,7.377152777777778,0 - 30 days
b5d391e8447d5ae0f8b852be83249e07,2018-08-14 14:04:50,2018-08-14 20:14:55,2,0.25700231481481484,0 - 30 days
b608532e04a3070b4b31178948f5c43b,2018-05-02 21:13:29,2018-05-10 17:45:55,2,7.8558564814814815,0 - 30 days
b60c8404de6587cab091a3fd0079f14c,2018-02-14 12:23:07,2018-02-14 12:23:08,2,1.1574074074074073e-05,0 - 30 days
b619178eb4f697c3283943612910230a,2018-02-18 20:55:44,2018-03-21 13:30:12,2,30.690601851851852,0 - 30 days
b6216e2929abf9261e14d2e40f9a4d17,2017-08-21 23:09:06,2018-01-17 17:40:14,2,148.77162037037036,91 - 180 days
b62777d3969196b3329205b4d8e1ba0a,2017-08-07 19:07:37,2017-08-10 13:44:51,2,2.7758564814814815,0 - 30 days
b64064e3ae051f50b6f1eb12552d30e4,2017-04-27 20:10:05,2018-02-07 22:30:38,2,286.09760416666666,180+ days
b643c19d91a65d73f94ba8e037668986,2017-02-05 17:43:31,2018-01-11 22:14:00,2,340.18783564814817,180+ days
b64d39d1e77c4d9a7e7d002ad7552178,2018-07-11 08:56:54,2018-07-13 00:12:56,2,1.6361342592592591,0 - 30 days
b64ebaf3d11b7209fe566364cc359a51,2017-07-17 22:44:21,2017-07-17 22:44:23,3,2.3148148148148147e-05,0 - 30 days
b6551acfa77dba27fb288e08dbe02f84,2018-01-18 02:11:56,2018-01-18 02:11:56,2,0.0,0 - 30 days
b68a98377d20140feaa17eeb61687459,2017-03-05 20:17:09,2017-06-29 21:40:40,2,116.05799768518519,91 - 180 days
b698379306c3fad0ab64d82a63a770a2,2017-11-17 19:45:25,2017-12-01 22:03:48,2,14.096099537037038,0 - 30 days
b6aa5a87f6c08e2510324edca009810f,2017-09-12 21:16:20,2017-10-10 19:26:34,2,27.923773148148147,0 - 30 days
b6bb8e4780df00a25fa34335d3dc1330,2017-09-12 16:04:11,2017-09-15 14:13:49,2,2.9233564814814814,0 - 30 days
b6c083700ca8c135ba9f0f132930d4e8,2017-09-05 15:32:33,2017-11-27 12:44:25,2,82.88324074074075,31 - 90 days
b703d83e085a6a8b339dc548f4878ca8,2017-12-01 01:42:22,2017-12-01 01:42:46,2,0.0002777777777777778,0 - 30 days
b7474898d0dccad79a77bf2b0d23bbab,2017-09-26 23:20:17,2018-06-08 11:48:33,2,254.51962962962963,180+ days
b7737cd1c12adf6a0bc2de497ce2935d,2018-06-19 23:30:03,2018-08-09 11:53:06,2,50.51600694444444,31 - 90 days
b7741f7ec50ab6bcd52ab08ea8f214d9,2018-01-25 22:21:42,2018-01-25 22:21:43,2,1.1574074074074073e-05,0 - 30 days
b7b162291adff744d6f3c6450557ffee,2017-07-23 15:56:36,2017-07-23 15:56:36,3,0.0,0 - 30 days
b7b68a8bb6ca48aefdd5790e04cda817,2018-03-05 12:17:21,2018-06-14 02:19:01,2,100.58449074074075,91 - 180 days
b7d4cab5dd11b238da97b01eaf657293,2017-08-16 02:00:10,2017-08-16 02:00:11,2,1.1574074074074073e-05,0 - 30 days
b7d8524e14913b79fe082a5fc2efffd7,2017-08-28 15:30:27,2017-08-28 15:30:28,2,1.1574074074074073e-05,0 - 30 days
b7e2b4e7e5bbfc11eb1b22e6d822926b,2018-05-01 01:28:38,2018-05-04 18:35:55,2,3.713391203703704,0 - 30 days
b7f170888469e5332e43c92edd77793f,2017-03-20 14:45:56,2017-03-20 14:45:57,2,1.1574074074074073e-05,0 - 30 days
b824f6981f2ee1c30533c4138572428c,2017-01-20 10:58:23,2017-07-26 00:27:11,2,186.56166666666667,180+ days
b854c56e1163bced9c3ebf1e4a6576f3,2018-02-21 17:15:49,2018-03-20 23:55:09,2,27.277314814814815,0 - 30 days
b896655e2083a1d76b7b85df8fc86e40,2017-09-25 11:22:41,2017-11-12 10:00:56,4,47.94322916666667,31 - 90 days
b8b3c435a58aebd788a477bed8342910,2017-05-05 08:45:28,2017-07-10 14:17:01,4,66.23024305555556,31 - 90 days
b8beb7a6bfb7ed884386a8da46be8f8e,2018-07-17 23:49:21,2018-07-17 23:49:21,2,0.0,0 - 30 days
b8c5ccc844de0242c85efacf5b6a51da,2018-02-21 20:55:22,2018-02-21 20:55:23,2,1.1574074074074073e-05,0 - 30 days
b8d31a82b1bb71983bbc08e4751baeab,2017-12-17 10:50:19,2017-12-17 10:50:19,2,0.0,0 - 30 days
b8f77228f32fce5c13df55da21fad23b,2018-01-11 10:34:34,2018-02-08 20:12:55,2,28.401631944444443,0 - 30 days
b8f9ecc7915ce653a1d7ee6dbfe8f54d,2017-08-10 13:43:44,2017-08-10 13:51:49,2,0.005613425925925926,0 - 30 days
b918da4934c7eabcda6e45b4e18aba53,2017-04-24 22:25:28,2017-05-08 17:34:29,2,13.79792824074074,0 - 30 days
b948343ff2e4e183e27e22ca63968d2b,2018-08-16 10:30:31,2018-08-16 10:30:31,2,0.0,0 - 30 days
b9544dcc09004b3b28e388ed130e50f1,2018-02-19 13:29:36,2018-03-14 11:47:59,2,22.92943287037037,0 - 30 days
b9833a43443ed9fad7a66f9ffb80684c,2018-04-18 12:56:15,2018-07-18 12:50:40,2,90.99612268518518,91 - 180 days
b9bab1d3bf90360ff3942299971001ef,2018-03-26 20:01:11,2018-08-15 14:57:55,2,141.78939814814814,91 - 180 days
b9badb100ff8ecc16a403111209e3a06,2017-04-10 00:45:56,2017-08-25 10:14:02,3,137.3945138888889,91 - 180 days
b9fba7ed7a4f5761ffd6c407ad764503,2018-06-13 23:29:51,2018-06-21 22:17:00,2,7.949409722222223,0 - 30 days
b9fc2d4c90bdadc7052fabe8353084ed,2017-12-18 13:35:02,2017-12-18 13:35:02,2,0.0,0 - 30 days
b9fd889214fcb1a45e4cd51f5af6cba3,2017-07-10 09:03:58,2018-04-02 09:01:04,2,265.9979861111111,180+ days
ba06852aa0cfbaf3e534272d2be15a96,2018-01-18 15:08:15,2018-01-18 15:08:15,2,0.0,0 - 30 days
ba0c0e497661b804dbb590a6c5660b77,2018-04-18 11:11:51,2018-05-13 19:41:03,2,25.35361111111111,0 - 30 days
ba16ab3721ffd6b57fc87a7a4f6a4fcf,2018-02-15 13:09:28,2018-02-15 13:09:29,2,1.1574074074074073e-05,0 - 30 days
ba31ea04a575dfe13ef189d5dc797a5f,2017-09-18 22:16:48,2017-09-18 22:16:48,2,0.0,0 - 30 days
ba54ee5be417c0558c060a3186451248,2017-06-24 11:20:04,2017-07-31 16:50:59,2,37.22980324074074,31 - 90 days
ba77e9b6506636dcbd03e463d4786f24,2017-04-14 19:35:35,2017-07-02 20:47:23,3,79.04986111111111,31 - 90 days
ba84da8c159659f116329563a0a981dd,2018-08-26 16:26:52,2018-09-03 18:40:50,3,8.093032407407408,0 - 30 days
ba87a137c5191264841e0be40e53f4ed,2018-02-21 08:39:02,2018-02-21 08:39:03,3,1.1574074074074073e-05,0 - 30 days
baa8144c90cc484cda27858b86a32f99,2017-10-21 17:56:41,2018-06-24 18:47:55,2,246.0355787037037,180+ days
baad97a77fafd04f72a7f874dd67b37e,2017-05-02 03:48:26,2018-05-21 19:51:55,2,384.66908564814815,180+ days
baffecbd1fcc31f8a415cef1cd8cf772,2018-02-06 00:19:09,2018-04-26 00:03:03,2,78.98881944444445,31 - 90 days
bb0aea12660bf8bd536b39fddbc336ee,2017-11-03 20:44:04,2017-11-03 20:44:04,2,0.0,0 - 30 days
bb182f55e4cff6eabfc26d08354b5995,2018-03-14 22:08:40,2018-03-14 22:08:40,2,0.0,0 - 30 days
bb4d84a2b45b22ed710ac8c0dec63d1a,2017-07-30 03:06:35,2017-07-30 03:06:36,2,1.1574074074074073e-05,0 - 30 days
bb58670190dba4e9b320f84cb98317a3,2017-06-14 23:41:17,2017-06-14 23:43:18,3,0.001400462962962963,0 - 30 days
bb656eab01a34ac497457c5a92f5bd07,2017-05-12 17:46:25,2017-09-06 17:41:59,2,116.99692129629629,91 - 180 days
bb6d785b806cb1eef824812b06b9f15b,2018-02-27 18:14:18,2018-08-08 11:25:06,2,161.71583333333334,91 - 180 days
bb804ab3b59099c10245f17159faf55e,2018-07-18 22:43:29,2018-07-25 16:53:06,2,6.756678240740741,0 - 30 days
bb8486cad0e431659227f6fb18fc6a72,2017-11-20 18:02:21,2017-11-25 00:21:40,2,4.263414351851852,0 - 30 days
bb99e6ae642f462d7bf05db05fc9aa11,2017-10-08 00:03:44,2018-04-06 12:48:10,2,180.5308564814815,180+ days
bb9de7a757d93065939c7da2a3cd8ce4,2017-08-14 20:46:10,2017-08-14 20:46:10,2,0.0,0 - 30 days
bba29bdc2bd4deeb7bba3c61ea98e012,2018-07-13 19:20:26,2018-07-14 12:07:45,2,0.6995254629629629,0 - 30 days
bbe8686a830c0caaf68452997d73d396,2017-08-08 11:27:03,2017-09-02 19:28:03,2,25.334027777777777,0 - 30 days
bbf65e7823171a84e70a495dd6c34ceb,2017-08-19 18:48:58,2018-06-14 07:34:05,2,298.53133101851853,180+ days
bbfa16828a49c356b46dcbea56ded834,2018-02-15 13:50:07,2018-07-14 20:33:34,2,149.2801736111111,91 - 180 days
bc0cc7fd03864119501b931413dde0df,2018-05-06 12:35:54,2018-05-09 15:37:32,2,3.1261342592592594,0 - 30 days
bc0d7bb032bbf422fc74bb279c47de1e,2017-08-02 19:59:40,2017-09-13 00:46:59,2,41.19952546296296,31 - 90 days
bc2387c48428a2e128eaa3d5b18b3591,2017-01-22 13:49:37,2017-03-09 14:21:58,2,46.022465277777776,31 - 90 days
bc27afa44f5b67b080ab4ba3851a162d,2017-08-14 10:00:44,2017-08-14 10:00:45,2,1.1574074074074073e-05,0 - 30 days
bc3e7032668d3f411c227eec09221362,2018-06-15 17:36:25,2018-06-19 16:17:31,3,3.9452083333333334,0 - 30 days
bc7b9e0d078c0c01f622b38cfcd7ee9c,2017-03-20 21:55:02,2017-11-06 12:34:37,2,230.61082175925927,180+ days
bc877a9f97bb3f3d4fcd5f86028f81a9,2017-07-25 15:26:00,2018-02-05 10:26:45,2,194.7921875,180+ days
bc98051cee7c0111167e6f40a4ed76f6,2018-02-25 12:32:30,2018-03-15 22:02:24,2,18.39576388888889,0 - 30 days
bcabe34e299eaf51bb601e89401e25e4,2017-09-11 19:55:17,2018-07-02 11:31:09,2,293.6499074074074,180+ days
bcc9a08b533971412be737fd5bd918b3,2017-05-27 23:34:01,2017-11-28 12:58:19,2,184.55854166666666,180+ days
bce006e903be688f122a39f45b210090,2018-02-08 00:22:34,2018-05-11 13:24:45,2,92.54318287037037,91 - 180 days
bcf0a5f0f3ec8639f940749aab360d8f,2017-07-04 23:05:45,2017-10-04 16:18:22,2,91.71709490740741,91 - 180 days
bcfc1d8cf64a476b003cee4599f9fd11,2018-01-14 22:33:41,2018-01-14 22:33:42,2,1.1574074074074073e-05,0 - 30 days
bcfc9032cea53ef734a6008742d954fc,2018-01-27 00:20:53,2018-02-04 17:12:31,2,8.702523148148147,0 - 30 days
bd0512ab6c631a62fdc974a682600f56,2017-08-25 10:20:51,2017-09-25 22:57:30,2,31.52545138888889,31 - 90 days
bd0f8d6b6bc185debdf79f91ba30fdc6,2017-02-20 09:28:19,2017-03-01 10:08:34,2,9.027951388888889,0 - 30 days
bd748b6890efcaa0e79187653b2d6a91,2018-04-18 11:26:25,2018-05-22 16:16:37,2,34.20152777777778,31 - 90 days
bd86b1862fe796149a4d2af57bd85451,2018-03-28 20:31:08,2018-06-01 21:54:55,3,65.05818287037037,31 - 90 days
bd8bee2d841f2573c7c4f2d49dfdcaf0,2017-03-10 17:55:31,2017-03-10 17:55:34,2,3.472222222222222e-05,0 - 30 days
bd8e0f3ea9fb694fc53c7a358643fc06,2018-01-11 10:32:13,2018-08-03 09:33:05,2,203.9589351851852,180+ days
bd8ee6a65c4d647953792da821444580,2017-11-30 11:48:20,2017-11-30 11:48:21,2,1.1574074074074073e-05,0 - 30 days
bd9faf610de6660a02b39510406c8e9f,2017-11-09 17:04:35,2018-06-23 20:20:13,2,226.13585648148148,180+ days
bdb40fdb1df62064c8ee38b845459e77,2018-02-02 15:46:22,2018-07-04 20:41:02,2,152.20462962962964,91 - 180 days
bdbc3238ae12ff1aab4853dbcbc2241c,2018-03-14 20:45:08,2018-04-11 11:23:01,2,27.609641203703703,0 - 30 days
bdde9ce1c27b88a7fe3ef13ad6a80b5f,2017-10-23 23:39:37,2017-11-25 23:11:44,2,32.980636574074076,31 - 90 days
bdfd71dfee6faa67122cc7cdbc14d9f7,2018-02-10 17:01:48,2018-02-10 17:01:48,2,0.0,0 - 30 days
be08ef2ebaeb41941a53aa75db874099,2017-11-22 09:09:01,2017-11-26 10:05:27,2,4.039189814814815,0 - 30 days
be31ab006786747df81854035a1960f4,2018-01-01 23:50:58,2018-01-01 23:50:59,2,1.1574074074074073e-05,0 - 30 days
be33ce67f6c02b468b94afa895a955fe,2018-01-13 19:50:52,2018-05-14 20:29:22,2,121.0267361111111,91 - 180 days
beceaa52fb2f761e647222b3cf7ce0b2,2017-03-21 13:40:15,2018-01-16 18:01:59,2,301.18175925925925,180+ days
befed7f0bf7fc3d0262b0f95989a36ae,2017-03-01 15:02:59,2017-03-01 15:03:00,2,1.1574074074074073e-05,0 - 30 days
bf087cbc0138d7066e1c41d1a97973dd,2018-06-23 18:07:30,2018-06-28 19:42:28,2,5.065949074074074,0 - 30 days
bf1dd33f93c58ea45d677d7e871e098e,2018-04-11 23:00:19,2018-06-07 13:28:00,2,56.60255787037037,31 - 90 days
bf257f507db19138f5bc4065313c1f87,2018-02-12 17:33:54,2018-02-12 17:33:54,2,0.0,0 - 30 days
bf429f20c75a39eab83442cda8e59832,2017-11-24 14:30:49,2018-03-30 20:50:23,2,126.26358796296296,91 - 180 days
bf448042b40749d8b95fe00c08a9b5cb,2017-11-24 22:43:20,2018-02-01 07:49:37,2,68.37936342592593,31 - 90 days
bf482716881b0c14af9efda1fc58a649,2017-05-31 10:53:03,2018-03-01 15:16:26,2,274.1829050925926,180+ days
bf59acdae64e9900fd93e4847baa1978,2017-10-07 13:59:13,2017-10-07 13:59:13,2,0.0,0 - 30 days
bf6504419e536f7c4c2461ebb0689d48,2017-05-28 21:29:35,2017-06-29 00:20:21,2,31.118587962962962,31 - 90 days
bf6656ef50e6fd00e7517b01d615b4f3,2017-03-01 09:56:20,2017-05-26 07:04:37,3,85.88075231481481,31 - 90 days
bf79e2be560481b2e6014798b4331a18,2017-04-09 09:52:05,2017-04-09 09:52:05,2,0.0,0 - 30 days
bf7e07e4ccc7df0889db4653d60c3f27,2018-04-02 13:59:15,2018-04-05 14:54:54,2,3.0386458333333333,0 - 30 days
bfb33fedf91eb21f6d32ad5345989a6e,2017-06-28 17:55:08,2017-10-18 21:14:16,2,112.13828703703703,91 - 180 days
bfc84496b1100cbbd83a6f8087526168,2017-05-06 19:32:23,2017-06-20 18:52:33,2,44.97233796296296,31 - 90 days
bfca7a9e3e07df51447510ede80822ec,2017-10-01 20:48:39,2017-10-01 20:48:40,2,1.1574074074074073e-05,0 - 30 days
bfcdddab5a2fe5dd1d1b8330795f4061,2017-06-18 13:02:08,2017-12-25 06:44:48,2,189.73796296296297,180+ days
bfe14bfa136397036c4fd0cade75c68c,2018-02-04 21:02:18,2018-08-01 20:27:17,2,177.97568287037038,91 - 180 days
bfe1ecef0f01ad67e5e0cf1860e94e60,2017-05-18 15:15:28,2017-09-19 09:22:36,2,123.7549537037037,91 - 180 days
c0118e2c0a037c31aeca71d0b81f66a1,2017-08-07 09:14:30,2017-08-07 09:14:30,3,0.0,0 - 30 days
c036799f1b7d9832bfa372f83278182a,2018-01-03 20:56:22,2018-01-19 02:48:54,2,15.244814814814815,0 - 30 days
c0378e9280a6e9401f2b0fd4a288496b,2017-08-21 13:00:04,2017-08-21 13:00:05,2,1.1574074074074073e-05,0 - 30 days
c0394cfa96258a94e368499f919a3ba6,2018-01-12 18:17:53,2018-04-10 21:09:18,2,88.11903935185185,31 - 90 days
c04a6c1c190e47ec62b4bb139921331a,2017-07-13 11:20:15,2018-08-15 16:47:53,2,398.2275231481481,180+ days
c0536ee7a009264e0f1bf1c8f4c54ad3,2017-11-24 12:58:53,2017-11-24 12:58:54,2,1.1574074074074073e-05,0 - 30 days
c05e676aa7a9139b522ba75149226825,2018-04-30 02:45:05,2018-05-13 17:26:54,2,13.612372685185186,0 - 30 days
c0779cfb3d6695eb9a6c14772852e10e,2017-02-18 17:43:04,2017-02-18 17:47:36,2,0.003148148148148148,0 - 30 days
c0842fc6a034863db2d8479df8435492,2017-05-31 19:20:12,2018-05-07 13:09:18,2,340.74243055555553,180+ days
c0ab0c71f36879a7e904700157a6d88c,2017-04-20 12:22:59,2017-04-20 12:22:59,2,0.0,0 - 30 days
c0ceb197de4a31388883a6369ec291d6,2018-02-08 10:42:48,2018-06-28 08:33:04,2,139.90990740740742,91 - 180 days
c0f139fe95b95fe9648723696465c72b,2018-03-07 11:34:34,2018-03-07 11:34:38,2,4.6296296296296294e-05,0 - 30 days
c0fc2e3595c750de75d36e7db9399e83,2017-07-10 13:33:35,2017-09-08 12:00:21,2,59.93525462962963,31 - 90 days
c0fcb07a9959ae14f01bad208e445cc4,2017-02-15 23:49:37,2017-10-15 22:17:40,2,241.93614583333334,180+ days
c1133ec81daffffd4871e9353a3c8fb3,2018-03-01 12:57:42,2018-03-01 12:57:44,2,2.3148148148148147e-05,0 - 30 days
c130bf40aa6d3bdb444b04a8d78adf5a,2017-06-01 10:48:48,2017-06-01 10:48:48,2,0.0,0 - 30 days
c143eafe10719dcc7dc0a855b2e3554d,2017-10-24 18:07:14,2018-02-21 17:35:00,2,119.97761574074075,91 - 180 days
c169c9937db997a267f749cdd64c161f,2017-05-09 14:33:43,2017-05-09 14:41:10,2,0.0051736111111111115,0 - 30 days
c17526359e1068290ebf7dd22a856de7,2017-04-25 09:43:59,2018-04-02 09:45:05,2,342.0007638888889,180+ days
c17db1418a98b4a6d1dcad61cc579c70,2017-05-16 20:39:33,2017-05-16 20:39:33,2,0.0,0 - 30 days
c17dec01473d89441bb6a93fcb58e663,2017-11-13 20:04:00,2018-03-13 13:51:27,2,119.74128472222222,91 - 180 days
c1977e8e3ea0900e70cd1dd70123d382,2017-10-26 11:13:23,2017-12-04 16:58:17,2,39.23951388888889,31 - 90 days
c1a57f5222ef4a8987b8477784809637,2017-09-12 08:47:03,2017-09-12 08:47:04,2,1.1574074074074073e-05,0 - 30 days
c1c17398c133e0b88ab63b2e29dbb2bf,2018-03-08 04:02:59,2018-03-08 04:03:00,2,1.1574074074074073e-05,0 - 30 days
c1d43ef6f70aff50201a1b882176a346,2017-04-04 16:59:43,2017-04-29 21:36:17,2,25.192060185185184,0 - 30 days
c1ef581a9af244904429f1828f2747b8,2017-11-29 13:44:07,2018-02-09 13:47:24,2,72.0022800925926,31 - 90 days
c2551ea089b7ebbc67a2ea8757152514,2017-05-14 20:28:25,2017-05-27 16:15:38,2,12.824456018518518,0 - 30 days
c25d2fb6d22e04ce43c3652e3cacadad,2017-07-24 08:31:38,2017-07-24 08:31:39,3,1.1574074074074073e-05,0 - 30 days
c27a30338b5d9d59399825f77e7dcc61,2017-11-11 17:22:09,2018-03-14 10:38:52,3,122.71994212962963,91 - 180 days
c28b1528e093df4b2a5d47f6f2b0d5fb,2018-07-30 01:03:18,2018-08-19 03:05:57,2,20.08517361111111,0 - 30 days
c2919fbdb45366551c1e80d5cb35cd3f,2017-09-07 10:52:46,2017-11-01 18:14:32,3,55.306782407407404,31 - 90 days
c297bb9230dc3152522d0c2b4caa7a1a,2017-12-04 20:55:31,2018-02-21 23:00:07,2,79.08652777777777,31 - 90 days
c2a444c39a2d87b50039f910db917e3d,2018-01-08 11:28:06,2018-06-22 19:39:26,2,165.3412037037037,91 - 180 days
c2b85086965c0fed46df434ddd474a9a,2017-12-16 15:51:16,2017-12-17 18:45:57,2,1.1213078703703703,0 - 30 days
c2b85b27ebd380c2c156e3e8773bd4c6,2017-12-15 09:31:38,2018-04-22 13:00:23,2,128.14496527777777,91 - 180 days
c2e9a50bcf76b5783bc96f906f95bceb,2017-08-01 10:21:50,2017-09-15 16:33:32,2,45.258125,31 - 90 days
c2f7ac13c2e0937f956659002e5d5783,2017-09-19 20:57:40,2017-10-17 10:10:05,2,27.550289351851852,0 - 30 days
c32c120fa230c291ecc017406aa2f39d,2018-03-24 16:43:58,2018-08-20 17:04:34,2,149.01430555555555,91 - 180 days
c35ffdd9679e194c3673533720b5e00c,2017-04-06 17:28:22,2017-08-17 14:18:05,2,132.8678587962963,91 - 180 days
c36acb527b8f2c464abd036b879f4ec8,2017-08-07 16:33:59,2018-06-03 16:00:26,2,299.9767013888889,180+ days
c3733cbdb41f37b5477b2c01c523e220,2017-09-16 09:34:01,2017-09-16 09:34:02,2,1.1574074074074073e-05,0 - 30 days
c37449d8b51eefa148cd87b2c605a1c1,2017-04-06 19:02:37,2017-05-04 19:14:54,2,28.008530092592594,0 - 30 days
c37cc6c1a59d81460a3059744f7ada1c,2017-07-02 22:56:09,2017-07-03 18:35:01,4,0.8186574074074074,0 - 30 days
c385f43894ac5ac31c50339ccf16e8f0,2018-02-22 15:17:38,2018-02-22 15:17:40,2,2.3148148148148147e-05,0 - 30 days
c3a1aa867de7bbc426695e756107ed38,2017-07-13 19:56:22,2017-07-17 08:20:44,2,3.5169212962962964,0 - 30 days
c3a8c3c742829113458555ed8d300404,2017-11-29 04:09:01,2018-04-11 07:38:12,2,133.1452662037037,91 - 180 days
c3efecdc2ca34416d845120af0bfca09,2017-09-26 13:34:04,2017-10-26 13:12:04,2,29.98472222222222,0 - 30 days
c400a61d8b936f7d10930fc142a39407,2017-02-18 14:36:48,2017-02-18 14:36:49,2,1.1574074074074073e-05,0 - 30 days
c40388c86f0334d1d69f33fc43322a8c,2017-01-26 00:20:22,2017-01-26 00:20:23,2,1.1574074074074073e-05,0 - 30 days
c4063084f01f085897c04bcbd81fcb69,2017-08-10 17:14:36,2018-04-20 12:34:10,2,252.80525462962962,180+ days
c40b4a21d854ab194280dadc8998061f,2017-06-18 14:46:09,2017-06-29 14:14:09,2,10.977777777777778,0 - 30 days
c411c8b6dbaffd467263f87a23f2cf52,2017-07-05 00:22:57,2018-01-09 19:14:09,2,188.78555555555556,180+ days
c4536b58064f144d0538c9cc69c2765d,2017-10-19 15:53:18,2017-10-19 15:53:20,2,2.3148148148148147e-05,0 - 30 days
c45ece361aab055ea6c55b61eb2d99c0,2017-05-27 17:47:09,2017-10-02 13:34:45,2,127.82472222222222,91 - 180 days
c47ec91fad63554dd8fe3e33188faf7d,2018-07-17 11:16:54,2018-07-17 11:16:54,2,0.0,0 - 30 days
c48322635a138a5714e55d9113d0e266,2017-07-16 10:37:47,2017-07-16 10:46:54,2,0.006331018518518519,0 - 30 days
c499023d38f0db1bcf3db96b3c8a5dee,2017-06-06 23:32:25,2018-03-08 23:14:39,2,274.987662037037,180+ days
c49c236a96f8e5b983ce6467af4317b9,2018-03-04 16:17:16,2018-03-04 16:17:17,2,1.1574074074074073e-05,0 - 30 days
c4a0864ef7d2deb7cdb86898faf6ffa6,2017-12-14 08:48:56,2018-02-03 14:26:28,2,51.234398148148145,31 - 90 days
c4cf9b10d2668bfabb498d93004ab4a0,2017-11-17 23:43:34,2017-12-02 21:17:32,2,14.898587962962964,0 - 30 days
c4d781fcde967593104a3f3adaee38c6,2017-05-20 19:09:21,2017-05-20 19:09:21,2,0.0,0 - 30 days
c4d9ec8c227594222eedd980cb28a6f4,2017-06-25 22:22:30,2017-06-25 22:22:31,2,1.1574074074074073e-05,0 - 30 days
c4de6c1719eff03b6d30aff09571e272,2017-10-30 15:23:51,2018-07-15 11:28:15,2,257.8363888888889,180+ days
c4ebedb09beb89cc0314c5c0c33f8053,2018-01-26 21:34:07,2018-01-26 21:34:08,2,1.1574074074074073e-05,0 - 30 days
c4fe9fc8b5e1b4f9992db983d0429854,2017-04-20 19:21:32,2017-05-05 10:40:36,3,14.638240740740741,0 - 30 days
c50794dfc62b62a84f72475abf38b4e3,2018-07-17 08:58:47,2018-07-17 08:58:47,2,0.0,0 - 30 days
c51a1ea9fa9851c70f89d1178c861150,2017-02-07 20:58:44,2017-04-04 20:56:04,2,55.99814814814815,31 - 90 days
c51a1f42780144ae12d0e529abc3f83f,2017-11-16 13:40:01,2017-11-30 10:18:49,2,13.860277777777778,0 - 30 days
c5400d2fca348bd1313426efe4b10a51,2018-01-09 23:49:14,2018-04-22 02:43:22,2,102.12092592592593,91 - 180 days
c55821f6a2a59a93d4cde13a2ec14661,2017-08-16 13:10:41,2017-08-16 13:10:42,2,1.1574074074074073e-05,0 - 30 days
c5b58e89d4e287e453b4a0bffcf7a025,2017-07-28 10:51:19,2017-07-28 10:51:19,2,0.0,0 - 30 days
c5cc0bee4b73138ed973a1720df085aa,2018-05-18 00:35:10,2018-08-17 21:08:06,2,91.8562037037037,91 - 180 days
c5f6047fb345ffd234cf5b26268988be,2017-05-12 23:38:09,2017-06-06 22:27:33,2,24.950972222222223,0 - 30 days
c60635e3c36e27ff9222fdac1ef3e17f,2018-01-21 11:29:19,2018-04-22 07:23:36,2,90.82936342592592,91 - 180 days
c644c379a96ef9468f073699ae37a84b,2017-03-26 19:42:31,2018-03-04 16:45:30,2,342.87707175925925,180+ days
c658495c41a24ef33a852db6840738a1,2017-02-09 10:51:03,2018-01-10 15:18:58,2,335.18605324074076,180+ days
c694ffd0ff6d172ecf34fcd4202c8693,2018-04-25 22:00:57,2018-08-20 12:34:50,2,116.60686342592592,91 - 180 days
c6b2ccbe75ac5addb40fcff5db96a5c1,2017-10-06 15:04:26,2018-07-07 14:58:14,2,273.99569444444444,180+ days
c6df3869c263531ebd51f0454a353605,2017-03-04 10:22:53,2017-03-24 06:12:05,3,19.825833333333332,0 - 30 days
c731a46dd44dfe456ccfa8968206943d,2017-07-10 17:55:20,2017-07-24 14:03:17,2,13.838854166666666,0 - 30 days
c73f294466cf13293810f4d1a3728d56,2018-07-28 13:20:43,2018-07-28 13:20:43,2,0.0,0 - 30 days
c76762dfb642ac154475239639f7f8f4,2017-01-30 23:40:39,2017-01-30 23:40:40,3,1.1574074074074073e-05,0 - 30 days
c76dbe63126a89c815fe9716acfdb4a1,2017-06-22 19:08:00,2018-05-19 15:07:25,2,330.8329282407407,180+ days
c7819760e70376028f519e3b57e6c441,2017-05-15 20:52:13,2018-08-03 14:16:35,2,444.7252546296296,180+ days
c7b577de54cb78d5d8f60f78f0476a52,2018-02-07 14:23:10,2018-02-07 14:23:13,2,3.472222222222222e-05,0 - 30 days
c7c19110042036e6266adc998cbf1289,2017-10-26 18:51:09,2017-11-25 23:56:26,3,30.212002314814814,0 - 30 days
c7fb8ec1ea35af7e89f989b6e17e2bd8,2017-11-03 18:34:16,2017-11-04 16:29:23,2,0.9132754629629629,0 - 30 days
c803385049057260f738c18c12749747,2017-05-25 15:54:40,2017-05-25 15:54:41,2,1.1574074074074073e-05,0 - 30 days
c83c41456526926a16e2f95d3652b6d3,2017-08-21 00:04:43,2018-02-01 12:00:30,2,164.49707175925926,91 - 180 days
c8460e4251689ba205045f3ea17884a1,2018-08-07 09:03:02,2018-08-07 16:35:35,4,0.31427083333333333,0 - 30 days
c8592d5ae5bde92205a4eedb41d9455e,2017-06-05 21:20:51,2017-12-07 23:21:47,2,185.0839814814815,180+ days
c85df1c6ef6f7bb605e1c49d34f172ee,2017-11-05 10:22:05,2017-12-09 23:02:28,2,34.52804398148148,31 - 90 days
c863f613022e5ce024c630ffa65ab51d,2018-01-12 23:26:38,2018-03-14 17:57:56,2,60.77173611111111,31 - 90 days
c893e6fe915add1b28ef934048f0023e,2018-02-18 11:42:38,2018-07-03 17:08:07,2,135.2260300925926,91 - 180 days
c89d91308d60d2f2076d20296962f2c3,2017-10-02 11:17:07,2018-02-12 18:09:18,2,133.28623842592592,91 - 180 days
c8abffe7e68de3d6c4b6dd6d4c320dd4,2018-04-30 14:27:22,2018-07-20 06:49:07,2,80.68177083333333,31 - 90 days
c8e2ea7e324f7dd660e7481ec85bef3c,2017-12-19 20:53:41,2018-06-04 07:56:55,2,166.4605787037037,91 - 180 days
c902f3ef39179b58e803da196af3467a,2017-11-26 23:26:58,2017-11-26 23:26:59,2,1.1574074074074073e-05,0 - 30 days
c90610b4cd15ff318841445c558c41fb,2017-05-19 10:02:05,2017-05-19 10:02:07,2,2.3148148148148147e-05,0 - 30 days
c9158d089637ab443c78984d20da7fc0,2018-01-31 16:43:23,2018-01-31 16:43:25,2,2.3148148148148147e-05,0 - 30 days
c92f31f36283b5e3c4b4657734ea8c16,2017-12-21 09:41:55,2018-02-19 15:11:50,2,60.229108796296295,31 - 90 days
c937a5d7fe89380c128d9b8746495474,2017-12-05 10:11:04,2018-01-26 00:14:36,2,51.585787037037036,31 - 90 days
c957b57bcaff0ed3a494d95c865de4a1,2017-10-25 17:18:43,2017-11-16 17:00:37,2,21.987430555555555,0 - 30 days
c968cdb924339d7a42e0c448153b72cc,2017-09-27 18:56:35,2017-10-16 14:04:25,2,18.79710648148148,0 - 30 days
c988628b7bc5d9c645eb7a3a66f31b46,2018-01-20 15:39:57,2018-02-26 21:10:57,2,37.22986111111111,31 - 90 days
c9b3b24308b1a4587ffa3e60fafc2b1f,2017-03-22 17:12:10,2017-10-26 10:13:29,3,217.70924768518518,180+ days
c9c6d353f4101827b3dbc83b093b2fe6,2017-02-22 15:57:47,2017-04-06 13:45:15,2,42.90796296296296,31 - 90 days
c9c7f143771017a9c61af26f7291f7a5,2017-11-28 17:12:30,2017-11-28 17:23:47,2,0.007835648148148149,0 - 30 days
c9ec7638cb8f2dd8e4439fa8374d89e4,2017-09-08 14:49:36,2017-12-31 12:43:46,2,113.91261574074075,91 - 180 days
c9f3502cccf5585cea25aa7de58f6cb5,2017-10-05 14:17:04,2018-05-03 16:16:41,2,210.08306712962963,180+ days
ca0cd77819a2427d6ca0e0d0e92de58b,2017-04-19 08:46:45,2017-10-31 19:53:44,2,195.46318287037036,180+ days
ca12da7d856692d5cf4960c5edd99756,2018-05-17 02:28:51,2018-07-07 04:15:32,2,51.07408564814815,31 - 90 days
ca26c28cab4d8cef1f2bc24e9bc78380,2018-02-20 15:54:32,2018-04-23 17:07:27,2,62.050636574074076,31 - 90 days
ca3865ab988451f1544dad3910217f29,2018-02-06 09:17:33,2018-02-06 09:17:35,2,2.3148148148148147e-05,0 - 30 days
ca55f9ebddc988ee65f4dea1a93ebc98,2017-05-27 19:49:09,2018-02-20 09:50:21,2,268.58416666666665,180+ days
ca6d9bc2e717c2a0aa19d77a3bfa5398,2017-04-19 16:01:21,2017-07-06 20:19:20,2,78.1791550925926,31 - 90 days
ca77025e7201e3b30c44b472ff346268,2017-10-09 12:34:39,2018-01-25 21:10:57,7,108.35854166666667,91 - 180 days
ca994abc57b0bd7981d91d0061b3d8d6,2017-07-13 21:03:44,2017-07-13 21:03:44,3,0.0,0 - 30 days
caa3d56b7a6777daaa2793053bdf2309,2017-08-21 10:21:18,2017-12-03 23:14:29,2,104.53693287037036,91 - 180 days
cabef558b42bd1d2578afc81048e8415,2018-01-04 13:41:14,2018-04-08 21:48:54,2,94.33865740740741,91 - 180 days
cb06773dbb3415543b78720a3986344e,2017-12-21 09:44:24,2018-03-18 14:22:04,2,87.19282407407407,31 - 90 days
cb36d0f12c99d07935b706269045f613,2017-03-26 17:08:35,2018-06-01 21:59:58,2,432.20234953703704,180+ days
cb4253d36367737b6baa4f8ca58fac62,2017-06-14 00:58:04,2018-05-03 14:37:40,2,323.56916666666666,180+ days
cb4f48aa5b4657435b012a65f2a122eb,2017-08-20 16:09:44,2018-02-17 14:07:46,2,180.91530092592592,180+ days
cb57be427d5e8c06c10cdd1540df1e00,2017-07-31 15:28:17,2017-12-04 17:24:58,2,126.0810300925926,91 - 180 days
cb5c545d96f39390b7f372aaa88c4a7e,2017-10-26 22:29:48,2017-11-01 16:00:04,2,5.729351851851852,0 - 30 days
cb6eb4e06104e8902288c07ff4224c28,2017-11-14 20:08:30,2017-11-14 20:34:19,2,0.01792824074074074,0 - 30 days
cbc71e02efb1d43b84f80b2a64d6013c,2018-03-02 21:29:29,2018-04-23 18:49:22,2,51.88880787037037,31 - 90 days
cbd08b04b3f301152b7570da5e9c8cc4,2017-09-13 12:37:57,2017-09-13 12:50:26,3,0.00866898148148148,0 - 30 days
cbe71e4cb0b82b97bbec5cd51e0fa3ea,2018-01-20 00:24:23,2018-03-04 15:01:18,2,43.608969907407406,31 - 90 days
cbebce165db72a2bfba9e81a3411bdf7,2017-03-05 13:17:31,2017-05-09 17:19:12,2,65.16783564814814,31 - 90 days
cc025521d96a3005316b61cde71907db,2017-08-19 15:12:05,2018-02-20 22:09:01,2,185.28953703703704,180+ days
cc0472ed54d7ef34d66a4cad6bf2e666,2017-08-27 19:21:22,2018-02-25 11:41:01,2,181.6803125,180+ days
cc14ea7099959d91a17c9d7c3a46721d,2017-05-12 10:28:30,2017-05-12 10:28:31,3,1.1574074074074073e-05,0 - 30 days
cc22ee560df02b4c4f088ac4233fa87d,2018-05-18 13:29:09,2018-06-25 18:29:22,2,38.2084837962963,31 - 90 days
cc2bef54fa72102dca9777ff483f75a5,2017-10-03 15:46:55,2018-07-05 14:48:43,2,274.95958333333334,180+ days
cc44d1f72587f44e3af25f68f1db8cd2,2018-05-07 09:41:29,2018-07-09 15:47:59,2,63.25451388888889,31 - 90 days
cc47f99364c6a2b50a87c1bbb3e4f0f8,2018-01-25 10:21:10,2018-04-05 12:39:13,2,70.09586805555556,31 - 90 days
cc492df9ae61715ec0ede787f6f086d9,2017-10-25 17:17:30,2018-06-13 09:57:33,2,230.69447916666667,180+ days
ccac5680eab564a88f301f59030b448b,2017-05-18 08:42:34,2017-05-18 08:42:35,2,1.1574074074074073e-05,0 - 30 days
ccafc1c3f270410521c3c6f3b249870f,2016-10-06 19:33:34,2018-06-07 19:03:12,2,608.978912037037,180+ days
ccc3e3aa5b39011a6b206229fb9b4383,2017-12-16 18:51:09,2017-12-16 18:51:09,2,0.0,0 - 30 days
ccd2f7d983d761b9c7520a266bfcfc81,2017-11-16 12:10:36,2017-11-16 12:33:17,2,0.015752314814814816,0 - 30 days
cce3432f546c60893bd2ad7a2001148a,2018-08-04 19:23:19,2018-08-24 16:38:44,2,19.88570601851852,0 - 30 days
cd04cd9aa9eb0b51b40a2b124f3a93f3,2017-09-21 22:39:39,2017-10-17 23:11:15,2,26.021944444444443,0 - 30 days
cd0e1d42225b7f4cf78a382e4f57e704,2018-03-18 11:45:44,2018-06-24 11:39:03,2,97.9953587962963,91 - 180 days
cd11a0920c498edb1da9ecd2d31aa599,2017-10-22 22:09:03,2017-10-22 22:09:04,3,1.1574074074074073e-05,0 - 30 days
cd52ca09554e5cc34d9ec28d230008af,2018-03-21 09:40:36,2018-03-21 09:40:36,2,0.0,0 - 30 days
cd6c68c5fad15e0a5a5c1150546704e0,2017-06-11 17:09:52,2018-08-13 18:26:49,2,428.0534375,180+ days
cd86f2b40a6183a8212f9053bb0aaf8a,2018-02-16 14:11:09,2018-03-19 13:36:55,2,30.97622685185185,0 - 30 days
cd915c60db8686f9a3dc35745aa1691c,2017-12-04 14:30:10,2018-08-15 14:11:19,2,253.9869097222222,180+ days
cdc8b0d152b868db7e28de59f642c94a,2018-02-28 11:16:21,2018-07-05 13:45:17,2,127.10342592592593,91 - 180 days
cddc66766972c6d5da2fdd80fcefe1f0,2018-03-21 14:03:09,2018-03-21 14:03:09,2,0.0,0 - 30 days
cde37fe3a24ad875f5ff1482fd80a43e,2018-06-04 12:53:03,2018-07-31 13:27:22,2,57.02383101851852,31 - 90 days
cde6577300fbd06655ff162902f15b2a,2018-04-18 13:03:15,2018-08-16 11:54:27,2,119.95222222222222,91 - 180 days
ce41a50f9ff95ef577cb759483fe9165,2017-11-27 08:41:22,2018-06-14 16:35:37,2,199.3293402777778,180+ days
ce60a50b73f7934a7d4caa92f2f05bbf,2017-09-01 12:43:38,2017-09-01 12:43:39,2,1.1574074074074073e-05,0 - 30 days
ce6160651998b40db0a0f3b9d69f7f3d,2017-12-05 07:43:18,2018-08-10 16:04:45,2,248.34822916666667,180+ days
ce8b665ad7a00dfee2a4fbd19dedb82a,2018-02-14 18:27:03,2018-02-25 20:41:55,2,11.093657407407408,0 - 30 days
ceb767afcf00ef4fedae42343064aa3d,2018-03-02 16:48:41,2018-03-02 16:48:42,2,1.1574074074074073e-05,0 - 30 days
cecc19ff12c206e6368dd1e9c22a848d,2017-03-01 17:58:28,2017-04-06 19:32:34,3,36.06534722222222,31 - 90 days
cee4e6509d99d45518c65d26971c1cbb,2017-07-12 00:06:51,2017-07-18 12:38:09,2,6.521736111111111,0 - 30 days
cee86ef4954e9d77f02cbc2276dd75e7,2018-05-14 13:42:01,2018-05-19 12:55:59,2,4.968032407407407,0 - 30 days
cef2883537239067f21cf38c1b2abb32,2017-11-17 19:55:05,2018-03-17 15:21:41,2,119.81013888888889,91 - 180 days
cef29e793e232d30250331804cdb7000,2017-03-09 18:15:38,2017-05-26 07:36:03,3,77.5558449074074,31 - 90 days
cef42836ff25476d55c9a3e58f8da99d,2018-07-27 19:38:22,2018-08-01 17:13:52,2,4.899652777777778,0 - 30 days
cef44ce121b124fdc3438472b1ac4e9a,2018-01-08 21:43:53,2018-02-09 13:48:17,2,31.669722222222223,31 - 90 days
cf26c0ed98d29abab5c9fe2643f88d19,2017-03-12 10:24:33,2017-03-30 20:43:30,2,18.429826388888888,0 - 30 days
cf32aeb4e8a323e6499a573ac5c90326,2017-07-07 16:46:44,2017-08-15 08:31:44,2,38.65625,31 - 90 days
cf56ccfd32ac8a510501a6fa69972c74,2018-08-01 13:37:13,2018-08-18 11:09:38,2,16.897511574074073,0 - 30 days
cf7d5df4ee5ebe39ed41f0c5c1584b1c,2017-07-03 14:03:34,2017-07-28 21:49:59,2,25.323900462962964,0 - 30 days
cfa69922f9968e0e6271647abda09b09,2018-05-12 10:23:13,2018-06-09 08:44:22,3,27.931354166666665,0 - 30 days
cfb025f193db116549c9c23e4d58e3e3,2017-12-26 22:14:20,2017-12-27 21:34:00,2,0.9719907407407408,0 - 30 days
cfdaaa0caea59b06efb4b0fb8c700684,2017-03-02 12:56:12,2017-03-03 19:35:00,2,1.2769444444444444,0 - 30 days
cfe96f24bd8c36325e0d92e44324cf66,2017-09-27 20:39:16,2017-09-27 20:39:16,2,0.0,0 - 30 days
d0145502f422d4a9387f75186674f29a,2017-08-21 13:38:52,2018-03-21 16:06:48,2,212.10273148148147,180+ days
d0175fc564515a47e95bcfdf40e6bc07,2017-09-23 22:22:42,2018-06-12 22:21:34,2,261.999212962963,180+ days
d01cf8c6c7c836c5dd9320585928f42b,2018-04-15 19:42:06,2018-04-15 19:42:06,2,0.0,0 - 30 days
d02cbb85434c84acabb8e81bbf064d3e,2017-09-16 17:04:01,2018-01-14 18:49:14,3,120.07306712962964,91 - 180 days
d0401aa66d5c33ae752ece32f8474d3c,2017-10-15 22:39:25,2018-05-08 15:52:07,2,204.71715277777778,180+ days
d045537cf9bd29e415334af5a6cb8ff5,2017-07-22 22:19:01,2017-07-22 22:19:02,2,1.1574074074074073e-05,0 - 30 days
d052fe86655dae0e952c1bacbbb99d7a,2018-01-04 09:30:01,2018-05-06 19:03:22,2,122.39815972222222,91 - 180 days
d059a0ec4c911c7abb10602099670325,2017-01-24 21:16:24,2017-07-30 09:14:52,2,186.4989351851852,180+ days
d05c44a138277ad325d915c6b7ccbcdf,2018-08-21 15:12:31,2018-09-06 18:45:47,2,16.14810185185185,0 - 30 days
d05fdf65460ea1bf8735cd5843c3d97d,2017-03-09 17:08:32,2018-03-13 08:57:17,2,368.6588541666667,180+ days
d0813c57df04369487ff42ab24dd0ac7,2017-04-22 14:01:05,2017-11-21 20:32:21,2,213.27171296296297,180+ days
d08c29302907086e8fe823369542f3ae,2017-07-15 18:44:39,2018-08-23 10:25:47,2,403.65356481481484,180+ days
d0924cc48eeb9e613a31e365ba1db47d,2017-07-06 18:58:56,2018-01-29 11:19:16,2,206.68078703703705,180+ days
d0af5dec42f3bf160195f5bcb704fd01,2017-08-31 10:28:39,2017-08-31 10:28:39,2,0.0,0 - 30 days
d0b2f9c9f13d9048969517d02237b432,2017-02-16 10:24:37,2017-02-21 14:25:22,2,5.1671875,0 - 30 days
d0bd25a13b24e8d59a11adda68bd3ecd,2017-06-28 13:20:48,2017-06-28 13:20:51,2,3.472222222222222e-05,0 - 30 days
d0be859f85cda9d896ab14e4ffba955d,2018-02-15 19:47:55,2018-02-15 19:51:05,2,0.002199074074074074,0 - 30 days
d0c62583f73531eba6338b2390e7a861,2017-09-06 11:16:05,2018-05-22 09:07:01,2,257.91037037037034,180+ days
d0c8fa169b9f2995d6a1692a0e3aae32,2017-12-29 18:56:31,2017-12-29 18:56:31,2,0.0,0 - 30 days
d0e376592a3036444738ee6a426785c1,2018-01-28 18:04:28,2018-01-28 18:04:29,2,1.1574074074074073e-05,0 - 30 days
d0e4eb7f19326cba84b20949f1c90393,2017-12-10 20:04:46,2017-12-10 20:04:47,2,1.1574074074074073e-05,0 - 30 days
d0f6a442ee95ea8674c2d8ba325f41c0,2018-04-01 02:35:02,2018-04-29 20:45:10,2,28.757037037037037,0 - 30 days
d1085381045ea6f88be5cc3e14c61e55,2017-05-21 20:01:24,2017-05-21 20:01:24,2,0.0,0 - 30 days
d130666a33d3681209c5c752fe56ee10,2017-10-28 11:18:48,2017-10-28 20:52:15,2,0.3982291666666667,0 - 30 days
d132b863416f85f2abb1a988ca05dd12,2017-08-14 13:42:08,2018-04-30 20:24:53,3,259.2796875,180+ days
d16f2966cda34d01f661bfc50635edb2,2017-12-27 15:57:31,2018-06-29 23:02:10,2,184.29489583333333,180+ days
d1c1745d918b9661759fce57da31a2d4,2018-01-29 11:48:34,2018-01-29 11:48:36,2,2.3148148148148147e-05,0 - 30 days
d21fb1e8aee69c608f5c2fb5b6c28cad,2018-02-24 09:33:05,2018-05-06 17:04:16,2,71.31332175925925,31 - 90 days
d24e1d0902dac57dd313bcf4f9c80160,2017-07-27 10:29:58,2018-04-23 09:14:33,2,269.94762731481484,180+ days
d2560fea402745a0f20f542f829c6109,2017-06-09 03:00:26,2017-06-12 23:43:30,2,3.8632407407407405,0 - 30 days
d26c616e241736e0c1c1ab14150239e7,2018-02-28 15:57:47,2018-02-28 15:57:50,3,3.472222222222222e-05,0 - 30 days
d270eb25f6d487d94778d358b01c651f,2017-06-15 17:38:05,2017-08-20 14:01:13,2,65.84939814814815,31 - 90 days
d27295915d486516b99c3aed8628e83b,2017-05-25 17:10:19,2018-04-16 10:31:20,2,325.7229282407407,180+ days
d277ef4a75c805239e54be86625e0722,2018-03-10 00:42:20,2018-03-10 01:02:31,2,0.014016203703703704,0 - 30 days
d2787622df9fd933c164f7cf696a4e2a,2017-09-27 13:54:33,2017-09-27 13:54:38,2,5.787037037037037e-05,0 - 30 days
d2c30c00f9787faf7349ea558c153613,2018-05-09 18:58:23,2018-06-17 21:17:28,2,39.09658564814815,31 - 90 days
d2d3ed262b31f2bb50932fd0b1ab5df7,2017-05-04 15:49:06,2017-05-04 15:49:08,2,2.3148148148148147e-05,0 - 30 days
d2ecc28fac1b377eefe7b209a895626a,2017-11-24 12:27:36,2017-12-04 18:52:48,2,10.2675,0 - 30 days
d2f38262a9f66d15aa9fc2b60ea873d9,2017-01-19 13:06:45,2017-06-02 10:25:23,2,133.8879398148148,91 - 180 days
d3359a56d96666ac0c21bb01e7a61c95,2017-08-24 22:39:14,2017-08-24 22:39:15,4,1.1574074074074073e-05,0 - 30 days
d3581765bcf955dcf282b1642c74157c,2018-01-22 19:46:58,2018-01-22 19:46:58,2,0.0,0 - 30 days
d35b852498996bd67a141c266e92f35b,2017-06-20 12:39:25,2017-06-20 12:39:27,2,2.3148148148148147e-05,0 - 30 days
d366cfc097d250c153a712cebfc7d94a,2018-01-06 17:40:40,2018-02-04 22:14:40,2,29.190277777777776,0 - 30 days
d3738b2218832d0397dbbceffa3f3514,2018-02-18 13:38:48,2018-02-18 13:38:49,2,1.1574074074074073e-05,0 - 30 days
d375c3a3a6bff030c08c6d4109b3f226,2017-07-15 19:41:38,2017-11-11 23:02:16,2,119.1393287037037,91 - 180 days
d37b5d5b492f667ea230e377a97fe859,2017-11-04 16:30:20,2018-01-29 19:05:16,2,86.1075925925926,31 - 90 days
d3857f98166ef23ca95d44cbe9b1828c,2018-03-24 07:54:34,2018-05-07 11:50:30,2,44.163842592592594,31 - 90 days
d387ea85dc301a91740e31360d355686,2018-01-23 10:24:15,2018-03-26 08:30:55,3,61.9212962962963,31 - 90 days
d3882d7abd0c66064d740d7ed04dd1ef,2018-02-14 11:52:12,2018-02-14 11:52:13,3,1.1574074074074073e-05,0 - 30 days
d393419796111dfaf317ca354f6c30e6,2017-12-02 12:46:59,2017-12-11 17:44:07,2,9.206342592592593,0 - 30 days
d3e6520dde5fda9917fb56ffc3066d66,2018-01-30 16:35:30,2018-03-24 09:59:59,2,52.725335648148146,31 - 90 days
d3efd0ae3bee9c35f302e336aef87b99,2017-04-09 19:10:22,2017-04-09 19:10:24,2,2.3148148148148147e-05,0 - 30 days
d3f15df5924e63131bcdac6364b6a6fd,2017-03-13 21:07:39,2017-04-06 21:46:04,2,24.02667824074074,0 - 30 days
d42abb03c8796ea293a48772c24843c1,2017-07-20 15:58:22,2018-02-10 20:50:32,2,205.20289351851852,180+ days
d42d80a0e58167c0dbb59315c93788bc,2017-09-26 16:44:24,2018-06-19 14:59:31,2,265.92716435185184,180+ days
d43c6aa82fc6dc2c43d6813a4822081f,2018-01-04 18:23:23,2018-01-14 16:08:40,2,9.906446759259259,0 - 30 days
d44ccec15f5f86d14d6a2cfa67da1975,2017-05-30 09:39:34,2017-09-13 14:55:27,3,106.21936342592592,91 - 180 days
d44f553a3663a6323c901cf1f0a47c87,2018-07-10 12:15:42,2018-08-27 17:18:42,2,48.21041666666667,31 - 90 days
d451891847b64bb4cf9a40e9cfe1c7a2,2017-02-05 23:52:09,2017-02-05 23:52:10,2,1.1574074074074073e-05,0 - 30 days
d4a5e9f19897de65433c9d97bf4b9f8e,2018-05-02 01:27:50,2018-05-10 23:40:44,3,8.925625,0 - 30 days
d4bfdb188411b1d1fdd0a66e8017e8b4,2017-06-26 10:15:09,2017-06-26 10:15:11,2,2.3148148148148147e-05,0 - 30 days
d4e5ada242c876e58b2dbbcfaa80d977,2017-09-12 11:54:37,2018-04-07 19:32:15,2,207.31780092592592,180+ days
d526c2df957cc6b177070216427c299d,2018-07-16 13:34:31,2018-08-09 09:13:44,2,23.81890046296296,0 - 30 days
d5419994a02a55d4b7cd00e77fabdbae,2017-11-03 21:09:53,2017-12-06 19:32:40,2,32.932488425925925,31 - 90 days
d55417a83a73d1702b43988e63f0731a,2018-04-24 09:27:39,2018-04-24 19:42:23,2,0.42689814814814814,0 - 30 days
d567f29ec5fa447c99e949f337f3a35c,2017-08-23 13:10:47,2017-12-15 23:25:04,2,114.42658564814815,91 - 180 days
d56ded4569dd9821b2f83710a56afbde,2017-08-17 00:57:23,2017-08-17 00:57:24,2,1.1574074074074073e-05,0 - 30 days
d58760239457cc420d92744d97087921,2018-03-26 20:27:03,2018-07-03 21:05:39,2,99.02680555555555,91 - 180 days
d5b4fce33a7ef8e6025bff334e6bbf1d,2018-04-20 12:06:22,2018-05-29 21:08:28,2,39.37645833333333,31 - 90 days
d5ca668597a3b40c1e527db8c761f03c,2018-02-26 17:35:23,2018-02-26 17:35:24,2,1.1574074074074073e-05,0 - 30 days
d5f79f616536f08c3946ee6ac810a43a,2017-04-26 11:02:54,2017-10-03 16:44:16,2,160.2370601851852,91 - 180 days
d60483078c0c81748581f80d355bbcba,2018-04-04 06:33:47,2018-07-09 11:48:34,2,96.21859953703704,91 - 180 days
d64023c35e5c1452ce568e993ac12c86,2018-02-20 08:24:03,2018-04-10 08:17:31,3,48.99546296296296,31 - 90 days
d649357bd5b1b116bf9662f41259db37,2018-08-22 18:03:39,2018-08-22 18:03:39,2,0.0,0 - 30 days
d65921a138c59000aff343f8c991b896,2017-12-15 11:05:25,2018-05-29 13:28:56,2,165.09966435185186,91 - 180 days
d66f438b3fcdcf22e7224aaeaf525443,2017-08-29 16:35:47,2017-11-24 15:04:38,2,86.93670138888889,31 - 90 days
d6903bc66ac9ae94d0bec00ea5c39568,2017-07-20 10:34:12,2018-05-22 10:22:36,2,305.99194444444447,180+ days
d6caf670c8bf91aed723f242cafb71c8,2017-07-13 19:40:00,2018-05-04 21:18:05,2,295.0681134259259,180+ days
d6da88f652fc0f69dea0db20393a752d,2018-07-28 06:45:34,2018-08-07 15:40:54,2,10.371759259259258,0 - 30 days
d6db3091e8c13023bf1e6d367b8c0847,2017-06-05 09:51:37,2018-07-19 13:55:05,2,409.16907407407405,180+ days
d6df1c8cb71c59d9b52d828dc6d0f5b3,2018-04-19 08:26:02,2018-04-19 08:26:03,3,1.1574074074074073e-05,0 - 30 days
d74572d564d4ddc3cf3d286fdb4145eb,2018-07-16 14:13:44,2018-07-16 14:13:44,2,0.0,0 - 30 days
d753459418d268407f19b64be28e3c5a,2017-01-05 13:29:03,2017-01-05 13:43:17,2,0.00988425925925926,0 - 30 days
d75a854dd5534f42bfac3299ac2d0b33,2017-05-13 22:51:29,2018-03-13 22:41:06,2,303.99278935185185,180+ days
d75acd4c5b7b4dfd32b9d9172b195419,2018-03-27 14:04:31,2018-04-07 15:24:30,3,11.055543981481481,0 - 30 days
d7624d219b6ffad980e91412174db310,2017-04-05 17:58:27,2017-04-05 17:58:30,3,3.472222222222222e-05,0 - 30 days
d77aa95864ae5b42160937615628723a,2017-08-29 22:35:42,2017-08-29 22:38:40,2,0.0020601851851851853,0 - 30 days
d7a86208b8dd2e697ddf825c386a0402,2017-09-15 19:07:54,2017-12-17 19:36:19,2,93.0197337962963,91 - 180 days
d7a9f47a1c943e087a775dc2f9d43eb3,2018-01-29 20:19:55,2018-04-17 16:07:29,2,77.82469907407408,31 - 90 days
d7b402c756be57180fa0df36f58d8b7f,2017-07-10 12:19:09,2017-07-10 12:19:10,2,1.1574074074074073e-05,0 - 30 days
d7b4f3c9c89ba771ef099693c61d7085,2017-02-16 15:56:11,2017-12-13 13:52:38,2,299.9142013888889,180+ days
d7b918d0c8219843c0a245d589680a60,2017-07-29 10:47:21,2017-07-29 10:47:22,2,1.1574074074074073e-05,0 - 30 days
d7bf7cfe09c3d0f40e1cabde2dc17fd4,2017-12-26 18:24:08,2018-06-28 18:11:28,2,183.9912037037037,180+ days
d7c6335139cb055ed0ce1125ddc788d8,2017-06-26 12:23:32,2017-11-28 14:05:09,2,155.07056712962964,91 - 180 days
d7c6bdf20c4ec9c9cda815dde58e778a,2017-06-15 16:46:30,2017-06-15 16:46:30,2,0.0,0 - 30 days
d7e0432688bbd72d3567568903f6117c,2018-01-13 15:58:14,2018-01-31 14:24:07,2,17.934641203703702,0 - 30 days
d8079e13179a4ba20a2d06c42e713ff9,2017-10-29 18:36:21,2017-10-29 18:36:22,2,1.1574074074074073e-05,0 - 30 days
d815021b4d2400e191b912e96d494b2a,2017-07-28 22:34:19,2017-07-28 22:34:20,2,1.1574074074074073e-05,0 - 30 days
d821b0981be9795c42ff1b2dece149cb,2017-12-23 05:12:58,2017-12-24 13:52:04,2,1.360486111111111,0 - 30 days
d83257348027bd8c59a228cc034de5e3,2017-07-17 19:05:54,2018-06-11 17:36:32,2,328.9379398148148,180+ days
d87cd982d4b793abe00c75c000c89237,2017-12-11 09:13:27,2017-12-11 09:13:28,2,1.1574074074074073e-05,0 - 30 days
d8a89dc47bde7dc0b83a3434cc017ee1,2017-03-10 08:10:58,2017-11-06 21:40:01,2,241.56184027777778,180+ days
d8ad2c0c09bb419ee20bbbda66ed6d9c,2017-05-14 19:12:49,2018-03-16 18:47:20,2,305.98230324074075,180+ days
d8ca95d946a44bf4af460bc5eea8c00f,2018-03-26 14:33:13,2018-05-16 16:50:24,2,51.0952662037037,31 - 90 days
d8dc373219d0f95053c8d65df85a7f1c,2018-06-13 01:57:22,2018-08-08 16:54:04,2,56.622708333333335,31 - 90 days
d8e4bf349af9df104faeef494ad2c6de,2017-09-04 19:04:37,2017-10-03 11:02:27,2,28.66516203703704,0 - 30 days
d8f3c4f441a9b59a29f977df16724f38,2017-01-18 21:08:18,2018-08-24 17:52:59,2,582.864363425926,180+ days
d8f979fcfc0ce686f6abf5af5f5217d4,2017-05-12 07:59:02,2017-10-19 17:59:01,2,160.4166550925926,91 - 180 days
d92462d83762d5e5c112bccc344119e6,2017-11-22 11:39:00,2017-11-22 11:39:00,2,0.0,0 - 30 days
d927267e54f07b9e0fd408d2f840024c,2017-05-15 20:46:00,2017-05-15 20:46:00,2,0.0,0 - 30 days
d970a2354b55cfb67fa5840b9b4936ed,2018-03-05 19:12:05,2018-07-29 18:17:11,2,145.961875,91 - 180 days
d97b3cfb22b0d6b25ac9ed4e9c2d481b,2017-10-17 13:06:29,2017-10-17 13:06:30,2,1.1574074074074073e-05,0 - 30 days
d9ad5b8ce105bd3baced4648987fbbfc,2018-04-02 20:56:08,2018-05-21 11:08:51,2,48.59216435185185,31 - 90 days
d9d038353abdad5717e9d11c1748736d,2017-08-06 12:19:50,2017-08-06 12:19:52,2,2.3148148148148147e-05,0 - 30 days
d9e6c750121d4d84ba6f2cdc6cc80008,2017-11-24 13:45:32,2017-12-25 13:09:24,2,30.974907407407407,0 - 30 days
d9e97e176fab9b275f9665eef6151a7b,2017-12-12 20:55:09,2018-05-06 19:11:35,2,144.9280787037037,91 - 180 days
da0440138fea4368af70b5cb01126a9c,2017-08-24 19:06:43,2017-08-24 19:06:43,2,0.0,0 - 30 days
da122df9eeddfedc1dc1f5349a1a690c,2017-04-01 15:58:40,2017-04-01 15:58:41,2,1.1574074074074073e-05,0 - 30 days
da1e7179b9c5a1494d78528cbcf05aa0,2017-05-19 14:12:50,2017-11-09 11:20:34,2,173.88037037037037,91 - 180 days
da29b8a3970adddb9ed2dc8a492065af,2017-06-20 12:40:40,2017-09-18 12:37:24,2,89.99773148148148,31 - 90 days
da2b78576894a7f95d45bfd20250cc54,2017-02-15 14:37:36,2017-05-22 17:54:01,3,96.13640046296297,91 - 180 days
da5bbfd583efb762f6fda762f1aaf4a9,2017-01-19 11:26:57,2017-04-25 22:46:05,2,96.47162037037037,91 - 180 days
da8198ea45b815ac5588df1dc7f66661,2018-02-12 15:30:09,2018-02-15 12:54:56,2,2.892210648148148,0 - 30 days
da8618694dda57a7eb9be2611e110f35,2018-07-19 12:04:10,2018-07-19 12:04:10,2,0.0,0 - 30 days
da8ac849037c7201a41a4db0b1fa963e,2017-03-28 08:26:48,2018-05-27 14:58:45,2,425.2721875,180+ days
da8f764b90a3b800f31d093c22cd3074,2017-11-26 01:49:20,2018-01-05 15:07:53,2,40.55454861111111,31 - 90 days
da938ecdfde4d90f6c247bfa5233c66a,2017-06-18 14:40:55,2017-07-14 13:12:09,2,25.93835648148148,0 - 30 days
daa7bbf7016cc30bf64f97d1db63e5e6,2017-07-14 09:22:18,2017-07-14 14:04:02,2,0.19564814814814815,0 - 30 days
dad9e634284872d012677965e512b57d,2018-03-15 11:10:56,2018-06-13 08:50:25,2,89.90241898148147,31 - 90 days
daf8072197465eabacb942e6f644585a,2017-08-12 20:40:18,2017-08-12 20:40:18,2,0.0,0 - 30 days
db03954a9a1cc5e71f6e0f73e81a628c,2017-09-17 18:22:18,2017-09-21 22:11:37,3,4.159247685185186,0 - 30 days
db07fd2ad9869f8356b1fbeefdac31e8,2017-12-17 11:57:41,2017-12-21 13:31:15,3,4.064976851851852,0 - 30 days
db094faaa9628ba9f5e5da127407f139,2018-06-25 10:41:24,2018-06-26 16:44:39,2,1.2522569444444445,0 - 30 days
db539c729198334582efc7b53c803c79,2017-04-03 00:14:44,2017-04-04 00:30:54,2,1.011226851851852,0 - 30 days
db8486f106d2a7d4136a2cdd32ae7870,2018-05-18 16:41:12,2018-05-18 19:57:47,2,0.1365162037037037,0 - 30 days
db856e8cb7586dd746d36ee69f7dbe68,2018-01-05 20:13:00,2018-03-26 15:54:38,2,79.8205787037037,31 - 90 days
db8e4be2382fc04a998f0f1875767ee1,2018-07-18 18:25:54,2018-07-18 18:25:54,2,0.0,0 - 30 days
dbc19912d7a5ce777b71178146f803f8,2018-03-29 18:04:57,2018-04-08 19:09:35,2,10.044884259259259,0 - 30 days
dbd74164682e2397d489169439362184,2017-07-22 00:37:21,2017-07-22 00:37:22,2,1.1574074074074073e-05,0 - 30 days
dbdfcd1e9de47452f3c9b0229bc0edc3,2017-10-09 10:54:14,2017-10-09 10:54:15,2,1.1574074074074073e-05,0 - 30 days
dc0274a25d881c813da7d55b7faace37,2018-02-15 08:21:04,2018-02-15 08:21:05,2,1.1574074074074073e-05,0 - 30 days
dc1dac999319e4de0009df7ad0d02104,2017-05-24 21:43:53,2017-05-24 21:43:53,2,0.0,0 - 30 days
dc1e294dceea9fbe6bd8646954e03c95,2018-01-29 15:49:12,2018-02-03 01:07:02,2,4.387384259259259,0 - 30 days
dc450fdb03562a6d52752858f7855348,2017-02-10 12:04:19,2017-02-16 14:56:07,2,6.119305555555556,0 - 30 days
dc48b0a1b0e6abb6586f322c189f6b93,2017-05-18 13:49:05,2017-11-28 21:19:11,3,194.31256944444445,180+ days
dc591097f939fa6a57749d030d937500,2017-06-26 16:32:20,2017-06-26 16:32:23,2,3.472222222222222e-05,0 - 30 days
dc6502a8fc5ef5239994a36192e7a0ca,2017-10-23 00:05:04,2018-05-09 13:33:16,2,198.56125,180+ days
dc80a79483121fee90b0d2f53d1054f5,2017-12-02 10:11:44,2018-01-10 00:28:24,2,38.594907407407405,31 - 90 days
dc813062e0fc23409cd255f7f53c7074,2017-07-01 04:22:21,2017-10-06 23:23:02,6,97.79214120370371,91 - 180 days
dc858be5b0bb881c067192937bf4ff78,2018-01-31 23:31:40,2018-01-31 23:31:42,2,2.3148148148148147e-05,0 - 30 days
dca9a13536adcef18c6c5859487347b1,2017-12-26 19:20:48,2018-03-17 12:52:37,2,80.73042824074074,31 - 90 days
dcae10a371a35e87b7e88b8724a7bbea,2017-10-04 14:18:56,2017-10-18 12:16:29,2,13.914965277777778,0 - 30 days
dcc9c0fd8dbf091ca2965710ef45c16c,2017-07-13 21:09:00,2017-07-22 22:38:47,2,9.062349537037036,0 - 30 days
dcd27efb93b723b301f8bac00e5d7e01,2018-05-02 15:40:15,2018-05-14 09:11:00,2,11.7296875,0 - 30 days
dce6dc77c19d239bfbe9d77dd4d0ef98,2018-02-22 10:01:22,2018-05-02 18:40:32,2,69.3605324074074,31 - 90 days
dcee1e44ded6f1bfc5b4988d771243da,2017-11-28 09:31:07,2017-12-04 17:48:47,2,6.3456018518518515,0 - 30 days
dd20866f2a6d0f83a61cf8887a09528d,2018-07-31 12:11:39,2018-08-06 16:30:01,2,6.179421296296296,0 - 30 days
dd25b514ee922669e5de2d638199a3e3,2017-11-27 11:11:30,2018-01-12 10:31:30,2,45.97222222222222,31 - 90 days
dd47740f3c285d15d8c9c72fc204e78a,2017-08-31 18:40:37,2018-07-12 21:38:26,2,315.1234837962963,180+ days
dd6ca4bccbd21803d32139af5b908fd7,2017-09-14 16:18:12,2017-12-12 20:58:29,2,89.19464120370371,31 - 90 days
dd6e665621eca3de5e37b072f7d50f0c,2017-08-04 17:30:33,2017-09-27 16:05:45,2,53.94111111111111,31 - 90 days
dd7b0e9b51e5377bd9c1fd3e286c7b9d,2018-01-16 11:51:45,2018-02-26 12:42:32,2,41.035266203703706,31 - 90 days
dd8253fe17486f2e2cbff105e36e4a55,2017-12-23 08:51:29,2018-01-15 09:33:37,2,23.02925925925926,0 - 30 days
dd8c586651f9232e473ad86cf89c143f,2017-04-20 13:07:04,2017-04-20 13:07:05,2,1.1574074074074073e-05,0 - 30 days
dd9b235dbe7d48c82caca4da097a2240,2018-05-01 14:15:21,2018-05-16 10:58:56,2,14.863599537037038,0 - 30 days
ddcbd9c87bce192fc14812129a7894da,2018-02-13 01:24:48,2018-03-31 00:14:39,2,45.95128472222222,31 - 90 days
ddeb6f3566dcf17cb455271ac103a73f,2018-01-02 10:39:56,2018-01-31 10:07:09,2,28.977233796296296,0 - 30 days
de226a12fac20b56580d731ec8ab8623,2018-03-08 16:00:52,2018-06-24 13:18:56,2,107.88754629629629,91 - 180 days
de34b16117594161a6a89c50b289d35a,2017-11-03 00:16:32,2017-11-05 15:24:14,6,2.6303472222222224,0 - 30 days
de73179fb08ccaa16bfbf6c139879855,2018-02-05 20:05:51,2018-06-18 17:47:59,2,132.90425925925925,91 - 180 days
de7cad0a39eabfa2285ef0b891ef404a,2017-07-31 23:07:03,2017-07-31 23:07:04,2,1.1574074074074073e-05,0 - 30 days
de8ce480b6119f2835ce8ad07c326793,2017-07-31 23:06:40,2018-04-03 17:55:34,2,245.78395833333335,180+ days
dec5217f924eab1dae338b9b54f53558,2017-12-19 23:28:46,2018-02-20 13:34:41,2,62.58744212962963,31 - 90 days
dec8632530ce2c58e688e63cbc5105e6,2017-08-12 11:24:12,2017-12-10 11:02:56,2,119.98523148148148,91 - 180 days
ded4351942c7fc292b88e5b090af2b46,2018-04-07 14:16:30,2018-08-06 11:32:42,2,120.88625,91 - 180 days
dee6a650840de087ac42c4367bc9baf3,2018-01-12 16:19:27,2018-01-12 16:19:31,2,4.6296296296296294e-05,0 - 30 days
df19c809342ecae8391e68dccf16fc8f,2018-05-09 16:55:09,2018-05-11 08:05:57,2,1.6325,0 - 30 days
df1f61c43368a8ed99dc76b43594fc4b,2017-10-26 19:14:51,2017-10-26 19:14:52,2,1.1574074074074073e-05,0 - 30 days
df2a9226267aa1598b499b3ea09fcf60,2018-06-29 16:47:39,2018-07-14 17:40:59,2,15.037037037037036,0 - 30 days
df5ff0c899dd19ed568e3e0f716cbe20,2018-03-01 02:35:23,2018-04-23 14:31:55,2,53.49759259259259,31 - 90 days
df946ef265626b1e0a425292815ddead,2017-07-21 22:46:13,2017-08-01 13:45:24,3,10.62443287037037,0 - 30 days
df9bd60da4a8f8945d2b862aebd3d418,2017-07-06 10:23:06,2017-07-06 10:23:06,2,0.0,0 - 30 days
dff33bfc45ae0becc55ce9b50acd4073,2017-09-20 11:21:14,2018-02-19 16:49:20,2,152.2278472222222,91 - 180 days
dff41d762e4e7b68b73af7203a429072,2017-08-25 23:07:33,2017-08-25 23:07:34,2,1.1574074074074073e-05,0 - 30 days
dff5ff8f411dd1d77875f7e17a3eb512,2017-08-12 19:17:44,2017-09-27 20:04:09,2,46.032233796296296,31 - 90 days
dffdc8e60eab79300b75d9febd9eec46,2018-03-18 12:22:33,2018-03-18 12:22:33,2,0.0,0 - 30 days
e016365b624d1755f3e2d0e8f1631ebb,2017-05-22 14:33:20,2018-02-16 17:59:43,3,270.14332175925927,180+ days
e0233c751408137ec5cdde0c37e6a61a,2017-05-18 23:35:29,2017-12-16 00:46:18,2,211.04917824074073,180+ days
e031118eb65330b4c180522f2743cf51,2017-06-01 16:05:28,2017-06-01 16:05:29,2,1.1574074074074073e-05,0 - 30 days
e05757dc57fc38f5156c82e9e4444f8f,2017-11-28 16:07:15,2018-01-22 16:33:37,2,55.018310185185186,31 - 90 days
e06e62694cd8ce637a1c3f4a624c647e,2017-04-18 15:44:51,2017-08-30 11:14:51,2,133.8125,91 - 180 days
e079b18794454de9d2be5c12b4392294,2017-06-14 18:31:54,2017-06-14 18:52:29,2,0.014293981481481482,0 - 30 days
e0836a97eaae86ac4adc26fbb334a527,2018-06-26 14:03:15,2018-07-30 07:41:38,3,33.73498842592593,31 - 90 days
e09e509936d44d03ec876c40b0f6dd3f,2017-12-19 10:18:49,2018-04-18 11:33:24,2,120.05179398148148,91 - 180 days
e0a435b6106cae0bc42a2cef0565b622,2017-08-14 10:35:38,2017-10-10 16:27:48,2,57.244560185185186,31 - 90 days
e0c99ffdcd8891130985ac90cd2d8eec,2017-07-19 22:22:34,2017-08-22 20:29:26,3,33.92143518518518,31 - 90 days
e0ec2e3c3f6e06839e8fb986be65c7c5,2017-10-29 15:26:17,2017-10-29 15:26:18,2,1.1574074074074073e-05,0 - 30 days
e10b68125f54adc15562b1fa412e655a,2017-06-05 22:02:18,2018-01-09 06:05:58,2,217.33587962962963,180+ days
e11a1b428e150830944b665cb6b2d5da,2017-10-26 22:24:13,2017-12-18 20:09:35,2,52.90650462962963,31 - 90 days
e1224167b1a3f92781c2ff55b0b794be,2017-12-01 23:54:03,2018-02-13 21:20:34,3,73.89341435185185,31 - 90 days
e12f7f1e96f1f9f6361572028a1fad5a,2017-08-20 12:01:03,2017-09-16 14:55:03,3,27.120833333333334,0 - 30 days
e13e8b789e5a8e6fe1445f924a4ed4f6,2018-06-01 13:39:44,2018-06-01 13:39:44,3,0.0,0 - 30 days
e1407f4d2fd92ed069307bb0b836615a,2018-03-13 06:48:39,2018-03-13 06:48:40,2,1.1574074074074073e-05,0 - 30 days
e14705d2e06ab8ee7c665f21c72f874f,2017-05-11 08:38:46,2017-11-17 08:56:41,2,190.01244212962962,180+ days
e14b8cd578c1f576594719bce2ee1aa2,2017-05-21 19:39:28,2018-03-15 15:09:18,2,297.81238425925926,180+ days
e18cd71e54e44b7cedb7991214b691a5,2018-01-15 00:25:08,2018-01-15 00:25:08,2,0.0,0 - 30 days
e1b59a2032b34097d0c1c8d320f40832,2017-01-26 21:58:21,2017-12-03 22:53:14,2,311.0381134259259,180+ days
e1cc1be2730188040748affa422b2803,2017-08-30 19:43:57,2018-03-20 14:01:59,2,201.76252314814815,180+ days
e1cf735f320c9870c2046dbbc634fcec,2017-02-23 16:55:51,2017-02-23 16:55:51,2,0.0,0 - 30 days
e208e280c8d8debab258793b0ce264ba,2018-04-21 16:57:10,2018-04-25 15:57:14,2,3.9583796296296296,0 - 30 days
e219a439f6ca99e32824bcc7153969c9,2017-04-05 21:27:25,2018-07-18 17:18:04,2,468.82684027777776,180+ days
e2226f481eef03f2876d1a27f0f4b1b0,2017-08-28 15:14:21,2017-08-28 15:14:21,2,0.0,0 - 30 days
e225b3c270984a8097a136089a11aea9,2018-01-16 09:55:52,2018-01-16 09:55:52,2,0.0,0 - 30 days
e226254ce0c6d5b7a7ef7218c9b5b518,2017-06-03 21:21:30,2017-12-05 09:21:51,3,184.50024305555556,180+ days
e23daf58ce481f3d38066e654ef610cb,2017-02-13 15:54:42,2017-03-01 08:08:10,2,15.676018518518518,0 - 30 days
e2439c7b04c3500e7a4aa7a208e78f70,2018-05-15 03:32:54,2018-06-04 18:50:01,2,20.636886574074072,0 - 30 days
e246473a236ca29747182e7986dbdb7a,2017-09-18 15:10:32,2018-01-30 15:18:07,2,134.0052662037037,91 - 180 days
e2492e4188991b6276a4a62a287a5451,2018-02-01 08:52:15,2018-02-06 08:38:54,3,4.990729166666667,0 - 30 days
e271fa40aa8fea4e0f304b3768b65d6a,2018-04-29 23:57:11,2018-05-09 19:23:46,2,9.810127314814816,0 - 30 days
e2889baccec81ed3bed4d66c1c675cb2,2017-05-23 11:05:06,2017-11-27 12:29:29,2,188.05859953703703,180+ days
e28d3bf5a02fc92d400c59b18bb4cef3,2017-05-27 22:42:30,2017-05-27 22:55:34,2,0.009074074074074075,0 - 30 days
e2af42f42a86805055a8e71af58ee71e,2017-05-27 13:30:08,2017-11-04 20:54:50,2,161.30881944444445,91 - 180 days
e2c483395f5aa739622936a3e826921d,2017-02-14 18:12:11,2017-02-14 18:12:12,2,1.1574074074074073e-05,0 - 30 days
e2c87a07e54c863d60af789a9233bdb5,2017-07-17 16:07:53,2018-02-23 14:15:52,2,220.92221064814814,180+ days
e2ce734f0bd635b4b82317b5e5fcd152,2017-11-01 15:25:10,2017-11-01 15:25:12,2,2.3148148148148147e-05,0 - 30 days
e301216623168d227eb0b0a3aabb1e62,2018-01-14 21:10:48,2018-01-14 21:10:49,2,1.1574074074074073e-05,0 - 30 days
e30b83af13d6ff0b0f427b2a67c43b39,2017-01-19 14:38:27,2017-05-07 17:31:09,3,108.11993055555556,91 - 180 days
e325e139452a1ca05f5a33acedd7d94f,2017-11-27 11:33:51,2017-11-27 11:33:51,3,0.0,0 - 30 days
e3301490c373db9263c15a73172d0c6f,2017-03-29 16:12:13,2017-04-20 11:56:40,3,21.822534722222223,0 - 30 days
e35b2a3c980b6e0fc66c66b8e1122e93,2017-10-10 15:41:10,2018-03-07 16:32:41,2,148.03577546296296,91 - 180 days
e372df26ddbc7532211a9886f9d3f358,2018-07-16 16:53:42,2018-07-16 16:53:42,2,0.0,0 - 30 days
e374f0ed9ec35b9af339460a75c4d096,2017-04-27 19:11:28,2018-02-17 15:24:03,2,295.8420717592593,180+ days
e38a9d13896946501404c6d82790728c,2017-04-20 15:59:14,2017-12-11 14:45:25,2,234.94873842592594,180+ days
e38bf9a883752b0b65407a103fd7ef30,2017-11-29 11:26:51,2018-01-02 13:54:45,2,34.10270833333333,31 - 90 days
e395de53a61a2f8fa96ea1ca399c3ff5,2017-09-17 20:41:21,2017-09-17 20:41:23,2,2.3148148148148147e-05,0 - 30 days
e3a07a2fce775f67bcf06e6278807608,2018-03-03 17:48:45,2018-03-03 17:48:49,2,4.6296296296296294e-05,0 - 30 days
e3c95cff4b8cca496061b369eaa006f7,2018-03-27 09:28:03,2018-05-07 09:12:36,2,40.989270833333336,31 - 90 days
e3cf594a99e810f58af53ed4820f25e5,2017-09-07 13:10:23,2017-09-17 16:04:44,2,10.12107638888889,0 - 30 days
e424731f7e9ccc9f3384b8b71378cbf7,2017-08-25 00:47:34,2017-08-25 00:47:37,2,3.472222222222222e-05,0 - 30 days
e43c9920240823d6c97bedc723c25281,2017-07-03 00:09:17,2018-08-01 22:59:21,2,394.9514351851852,180+ days
e43e7031cd89dd0ac61dd44b840c311f,2017-12-06 18:42:31,2018-08-08 18:23:18,2,244.9866550925926,180+ days
e44110c2ff342e5bbda6c2224d94bbe6,2017-05-05 20:49:15,2017-05-13 11:51:34,2,7.6266087962962965,0 - 30 days
e4419ca71e493f57fce5809d2039e9ba,2017-10-03 15:34:12,2017-10-04 16:29:59,2,1.038738425925926,0 - 30 days
e45b0c7dd75287df589a26fdb7c2fcaf,2017-06-25 11:57:31,2018-01-24 09:37:27,2,212.90273148148148,180+ days
e47e3ecbe9ae12ecbfc5651bd62d7733,2017-07-12 12:57:09,2017-12-04 15:08:11,2,145.09099537037036,91 - 180 days
e4951b10e341a56871ef584deab3f2ef,2017-12-10 18:43:03,2018-08-25 20:24:40,2,258.07056712962964,180+ days
e4971a4defaf07a1d7f2ff615a32c809,2017-10-27 09:15:13,2018-08-08 10:50:05,2,285.06587962962965,180+ days
e4b98eebb8983cade8610c0def59f705,2017-03-25 09:08:40,2017-03-25 09:08:41,3,1.1574074074074073e-05,0 - 30 days
e4d18909afd252a0289765acc614d3e0,2017-09-29 06:48:03,2018-07-09 18:30:46,2,283.4879976851852,180+ days
e4d800060f85d896b83b4c3e3570065b,2017-09-05 14:20:41,2018-03-22 14:01:17,2,197.98652777777778,180+ days
e4f218d824a59b96c4399ad182327138,2018-03-17 11:07:24,2018-03-17 11:07:24,2,0.0,0 - 30 days
e53821a413d5b137cd9005b41f09dfe0,2017-10-06 18:38:28,2017-10-20 00:13:14,2,13.232476851851851,0 - 30 days
e53fd5575f1418397aae732c5755b6fc,2017-04-15 17:37:04,2018-08-19 10:20:50,3,490.6970601851852,180+ days
e559969619d1a0922477a2d8cfaf50d9,2017-10-30 13:19:45,2018-04-23 00:34:50,2,174.46880787037037,91 - 180 days
e58043c5746b4d123edd5fe77ef48696,2018-04-20 20:14:26,2018-05-15 20:11:10,2,24.99773148148148,0 - 30 days
e58e049eea2419a34274619f798d0cd4,2017-11-28 21:53:19,2017-11-28 21:53:20,2,1.1574074074074073e-05,0 - 30 days
e5912280c9d8c14b4e7778df669dea07,2018-07-29 14:18:35,2018-07-31 10:32:59,2,1.8433333333333333,0 - 30 days
e5ae3dacf82b0ced4bd9e85046b96f38,2018-02-28 10:35:28,2018-02-28 10:35:30,2,2.3148148148148147e-05,0 - 30 days
e5b6fb6c5e7e4adc25a5e400c0104508,2018-02-15 19:12:13,2018-02-15 19:12:14,2,1.1574074074074073e-05,0 - 30 days
e5bdbd18812e42788e7cbad7058fc0ab,2017-02-04 11:45:03,2017-04-25 13:27:31,2,80.07115740740741,31 - 90 days
e5d71c2a04ee3a370295b3290a85b2fb,2018-04-10 10:21:47,2018-05-09 20:16:04,2,29.41269675925926,0 - 30 days
e5ec513f807eb586f0cb8ab492f59e13,2018-02-23 20:32:38,2018-02-23 20:32:42,2,4.6296296296296294e-05,0 - 30 days
e5eed5d0afc1ee8620468918995df9f6,2017-11-05 22:21:01,2017-11-05 22:21:05,2,4.6296296296296294e-05,0 - 30 days
e5f19a93cf85b13edc0376d90e4a0ba5,2018-04-07 00:16:14,2018-07-28 00:54:33,2,112.0266087962963,91 - 180 days
e60856952187516c3397a2c4ac63aac4,2017-10-28 09:14:38,2018-03-02 18:26:23,2,125.38315972222222,91 - 180 days
e60d32d446c543a9af42c36bf266b0ed,2017-08-09 14:55:42,2018-03-02 10:14:08,2,204.8044675925926,180+ days
e61f0f032bc92cadf0ec55f9c1c8b5ec,2018-08-08 15:40:33,2018-08-21 10:25:18,2,12.78107638888889,0 - 30 days
e64ab18890c89066fe47f8abbbf180de,2017-05-07 18:34:36,2017-06-10 19:03:03,2,34.019756944444445,31 - 90 days
e65862da4f9f183565831cf7e1cbb7a5,2017-04-11 14:27:51,2017-04-17 09:46:16,2,5.804456018518518,0 - 30 days
e65e6159c5cfea9bd5aa393b49b02ee6,2018-03-23 17:01:23,2018-03-23 17:04:51,2,0.0024074074074074076,0 - 30 days
e67af1efd445becc5019902668fe3218,2017-06-19 20:22:26,2017-06-19 20:32:27,2,0.0069560185185185185,0 - 30 days
e68365f0fec5a377bd6f49cb444e453c,2017-08-31 11:49:09,2017-10-04 10:29:31,2,33.94469907407407,31 - 90 days
e68856e8450afe7390b02d1b2bcefb29,2017-09-06 15:31:17,2017-11-24 16:33:46,2,79.0433912037037,31 - 90 days
e68e1b61896163cdd7f8e07b2ae814c9,2018-04-16 02:06:28,2018-04-17 00:35:26,3,0.9367824074074074,0 - 30 days
e69e2b2ce493d7d2307b2588fd1614bd,2017-03-03 10:45:26,2017-03-03 14:22:17,2,0.15059027777777778,0 - 30 days
e6ae3727da5a849a77c47c7d661bd152,2018-06-14 23:13:32,2018-06-15 14:26:18,2,0.6338657407407408,0 - 30 days
e6da0e9bb3545f5468975a2cf67ce246,2017-03-15 12:42:58,2017-04-13 16:14:59,2,29.147233796296295,0 - 30 days
e6f18fab493c0bdc553eafd9b66cb5f2,2018-03-18 17:12:55,2018-03-18 17:12:55,2,0.0,0 - 30 days
e6f7a95a474d4f2224834b896c22f66f,2018-04-01 09:29:48,2018-04-08 09:21:58,2,6.994560185185185,0 - 30 days
e6f7ddad5d0159e391e27db652c17246,2018-08-01 14:47:50,2018-08-01 14:47:50,2,0.0,0 - 30 days
e702e8b7b2a4233b4a1c21f457a1030e,2017-05-18 12:50:34,2017-05-18 12:50:35,2,1.1574074074074073e-05,0 - 30 days
e7039843c54c69530bbf70d926baaab6,2017-09-08 21:42:26,2017-11-16 12:26:30,2,68.61393518518518,31 - 90 days
e73ccd01efa72e05476abdfa25f36208,2017-11-25 00:59:05,2017-11-25 00:59:07,2,2.3148148148148147e-05,0 - 30 days
e7688fef5438be571d0c39bbb3e8e998,2017-08-12 13:14:12,2017-10-28 20:39:20,2,77.30912037037037,31 - 90 days
e76f5c3699e402d57852989386ab1cc4,2018-03-09 10:54:45,2018-03-21 10:59:55,2,12.003587962962962,0 - 30 days
e77723abebdc6d6b95814047f75c2aab,2017-12-02 16:04:47,2017-12-16 21:29:20,2,14.225381944444445,0 - 30 days
e78838df9c44e102b6ac84cc5eea7d5c,2017-02-07 22:52:43,2017-02-07 22:52:44,3,1.1574074074074073e-05,0 - 30 days
e7a57c5b35cdb485d352afad87560042,2017-12-03 15:43:02,2018-01-01 15:20:38,2,28.984444444444446,0 - 30 days
e7aa3fbe88423a0132e45578023bac50,2017-06-29 11:03:14,2017-06-29 11:14:31,2,0.007835648148148149,0 - 30 days
e7ba27eaa7692a165b91ba35a41da310,2017-03-22 10:34:47,2017-03-22 10:34:48,2,1.1574074074074073e-05,0 - 30 days
e7ceb5e15c42737c00925a715525dc67,2017-11-13 21:16:48,2018-02-01 19:40:03,2,79.9328125,31 - 90 days
e7e84072c5730f21d38aea4e37d531f0,2017-08-03 09:38:50,2017-11-24 13:01:36,2,113.14081018518519,91 - 180 days
e7ea4c3049b0ffcb326d8fcf44a06c05,2018-03-23 15:58:14,2018-06-09 16:50:56,2,78.03659722222223,31 - 90 days
e8001d7ab27230c1f2fb39aa63aea136,2018-03-10 17:32:15,2018-06-11 13:47:19,2,92.84379629629629,91 - 180 days
e836a4279bd9127752d8949d46f7a5a5,2018-05-07 15:39:24,2018-07-12 22:34:54,2,66.28854166666666,31 - 90 days
e8569c57efe3adf347b3e92ec04d1f91,2017-10-25 12:58:48,2017-10-25 12:58:49,2,1.1574074074074073e-05,0 - 30 days
e8663abca66edfe7b18d03a921637578,2018-01-25 10:31:10,2018-02-27 15:31:49,2,33.20878472222222,31 - 90 days
e87c2e2e5985c5996ec20651a3d50fe7,2017-08-18 11:42:37,2017-09-21 14:00:30,2,34.09575231481482,31 - 90 days
e89bab624ed1d8c75012bf52bacc654c,2017-12-13 14:40:11,2017-12-13 14:40:20,2,0.00010416666666666667,0 - 30 days
e89bf89e2621b5aeb4c181e69a8c6952,2017-07-03 13:20:54,2017-07-17 13:54:27,2,14.02329861111111,0 - 30 days
e8a63b5829f45bc153ed838ba9de6c0b,2017-09-12 08:56:57,2018-05-15 11:09:02,2,245.09172453703704,180+ days
e8bab621313ad2a3c0ce8e3a023ff9bb,2017-05-16 14:02:59,2017-09-20 18:34:24,2,127.1884837962963,91 - 180 days
e8da63b2f86c44c750599dbe9d95b7d2,2018-06-04 20:03:15,2018-06-04 20:07:58,2,0.003275462962962963,0 - 30 days
e8ddc823809246fabd9c235ef7714630,2017-08-03 19:04:35,2017-08-08 12:41:35,2,4.7340277777777775,0 - 30 days
e8fee231a8a4901e2b0b5a2324eb1405,2017-08-13 14:22:44,2017-09-10 19:26:12,2,28.21074074074074,0 - 30 days
e9523749328fe82cd18a39f8611a69b9,2018-02-20 19:41:41,2018-04-22 19:14:39,2,60.98122685185185,31 - 90 days
e9659b474a13413b36c7a5c1e6d7055b,2017-07-23 09:46:05,2018-03-15 13:11:21,2,235.1425462962963,180+ days
e97081db25f1967ef831179b1995eead,2018-04-12 15:43:20,2018-06-17 09:39:42,2,65.74747685185186,31 - 90 days
e9a6501768a8cc1125752e157da21cc1,2018-07-21 17:03:21,2018-07-21 22:50:08,2,0.24082175925925925,0 - 30 days
e9b87dccd9c326a3325385087eb0150c,2017-05-24 19:20:02,2017-08-16 14:35:06,3,83.80212962962963,31 - 90 days
e9c905c9d93eadb270434d5f1de50fee,2018-01-25 13:32:19,2018-04-30 00:53:54,2,94.47332175925926,91 - 180 days
e9d6ce102dcb8ab8a3387021b5040f70,2017-11-06 17:36:36,2017-11-20 16:10:58,2,13.940532407407407,0 - 30 days
e9dd12dca17352644a959d9dea133935,2018-03-05 18:12:15,2018-04-18 09:42:53,2,43.64627314814815,31 - 90 days
e9e96ff4f36a319a3621b95b43343532,2017-09-27 18:48:59,2018-01-11 22:12:55,2,106.14162037037038,91 - 180 days
e9e9aa9ebf0957826090f74c9f5fd4e4,2017-10-13 01:39:09,2018-07-19 00:44:46,2,278.9622337962963,180+ days
ea09b32bf96ba057088e140c6bec60da,2017-12-23 17:08:06,2018-05-06 20:04:18,2,134.1223611111111,91 - 180 days
ea2a4a14c49ad9a9d64d2b7f91f0c293,2017-07-11 09:15:43,2017-10-08 09:00:30,2,88.98943287037036,31 - 90 days
ea3f9ba2162d33a56fa8ff315f2c38ce,2018-02-10 02:19:27,2018-02-10 02:19:28,2,1.1574074074074073e-05,0 - 30 days
ea4dce18a6994b1e69f0bc8093cfe869,2017-06-22 22:30:56,2017-06-22 22:30:56,2,0.0,0 - 30 days
ea8a37a119980ee4681e28145b39bb3b,2018-03-03 09:44:30,2018-04-23 16:56:22,2,51.29990740740741,31 - 90 days
ea94f7a5177a14fde12ff625b03dcd7a,2017-08-31 15:50:24,2018-04-27 10:01:33,2,238.75774305555555,180+ days
eaa604ab9f816252edb7a8d297f932e5,2017-11-07 21:46:04,2017-12-02 06:32:02,2,24.36525462962963,0 - 30 days
eabaccde0fe3120d2cbbcfc93e2b4177,2017-11-13 18:43:09,2018-05-04 18:09:14,2,171.97644675925926,91 - 180 days
eac6dbc8ecd0a2f08ed8e53d18f0e0d0,2017-02-10 16:11:04,2017-09-12 23:38:32,2,214.31074074074073,180+ days
ead394416d4f85207932cc124eb145e2,2017-10-31 13:35:53,2017-12-04 10:59:18,2,33.89126157407407,31 - 90 days
eae0a83d752b1dd32697e0e7b4221656,2018-02-01 18:32:02,2018-04-24 17:06:54,2,81.94087962962963,31 - 90 days
eaf8b1aa185199a62be13fe370e82ad1,2017-11-16 21:22:57,2017-12-04 09:08:22,2,17.489872685185187,0 - 30 days
eb240714223915add224beff2d844e53,2018-08-14 11:31:21,2018-08-30 13:07:46,2,16.066956018518518,0 - 30 days
eb28e67c4c0b83846050ddfb8a35d051,2017-04-26 10:53:06,2017-09-18 16:12:04,2,145.22150462962964,91 - 180 days
eb3401656cd6eaad985629735dc1c339,2017-11-15 16:40:10,2018-05-30 19:19:48,2,196.11085648148148,180+ days
eb4520b16c32518b6615f2d50f1be1bb,2017-05-16 12:32:35,2018-07-26 08:52:34,2,435.8472106481481,180+ days
eb5d7d093a080f6b02d4b1ed626db0ff,2017-03-10 08:41:19,2017-03-10 08:41:20,2,1.1574074074074073e-05,0 - 30 days
eb8367e178d144706a4ff3da62d284cb,2017-06-17 23:03:05,2017-10-12 19:00:46,2,116.83172453703703,91 - 180 days
eb89ecac165940c95a05cb77e89a789d,2017-05-16 20:36:21,2017-12-03 14:59:01,2,200.76574074074074,180+ days
eb8ace0670e08632f5fe8977b669530e,2017-07-04 19:37:00,2017-11-22 12:50:57,2,140.71802083333333,91 - 180 days
ebad8517c448bbd20ca1910bf1a33819,2017-03-25 16:06:48,2017-10-28 20:54:23,2,217.19971064814814,180+ days
ebf40c0db4fe06ddd15a7a44238c986e,2017-10-23 10:33:47,2018-06-12 13:46:53,2,232.1340972222222,180+ days
ec0f5b4fe392d71f361112c1b508b707,2017-07-06 16:33:09,2018-01-02 16:26:54,2,179.99565972222223,91 - 180 days
ec1a46ef8409aca3b3f94b01e02d6582,2018-03-22 13:37:34,2018-04-04 18:32:53,2,13.205081018518518,0 - 30 days
ec2ddda7d56bc6dcf0e5e5f4b9f67fef,2017-12-19 14:57:26,2018-05-12 09:42:46,2,143.78148148148148,91 - 180 days
ec441c1966bfa602976763f330fc5168,2018-01-16 13:55:43,2018-04-12 08:10:13,2,85.76006944444444,31 - 90 days
ec442faae8422b7ea35399ad213ff494,2018-06-18 15:15:43,2018-06-18 15:34:13,2,0.012847222222222222,0 - 30 days
ec449149317e67f234b1cf7fe9fc966c,2018-02-26 09:41:18,2018-02-26 09:41:21,2,3.472222222222222e-05,0 - 30 days
ec6a85d8bf9c7a514c411a1287643d1d,2017-11-21 15:40:39,2017-12-06 13:18:40,2,14.901400462962963,0 - 30 days
ec7f1811826ab04a27a92197bc40c888,2017-11-02 15:17:45,2017-11-18 07:41:46,4,15.683344907407408,0 - 30 days
ec8d6e9f822cddd2f1408b764cd173c4,2018-04-12 18:49:01,2018-05-18 22:14:49,2,36.142916666666665,31 - 90 days
ec99f30f38afadbfbae32d5883734ded,2017-07-19 19:37:19,2017-07-19 19:37:19,2,0.0,0 - 30 days
ec9c7ebb2a345ccd42c46b94ecb4d319,2017-01-11 11:21:23,2017-07-21 14:40:21,2,191.1381712962963,180+ days
ecb2bbf5c566fab74d5ab5f3cfd2ba19,2018-01-24 16:43:08,2018-05-07 10:09:40,2,102.72675925925925,91 - 180 days
ecb43665c8c390857cabf385d918da87,2017-08-25 09:15:51,2017-08-25 09:15:52,2,1.1574074074074073e-05,0 - 30 days
ecc693b513a0c362c8da8e6beeeb545a,2017-10-27 16:42:40,2018-06-19 17:43:52,2,235.0425,180+ days
ecc6d0f3eb9435df737e1f0d9a1c6d3f,2018-01-30 17:36:43,2018-04-27 17:43:13,2,87.0045138888889,31 - 90 days
ecdbc4bf2201c807294c7d8c4b777032,2017-04-02 12:02:52,2017-10-17 16:34:11,2,198.18841435185186,180+ days
ece908ca0502def5dd56deca8a5c67d5,2017-02-25 18:38:46,2018-04-28 20:38:32,2,427.0831712962963,180+ days
ed05a1bbf9f8816af23fcc68084bb87d,2017-01-16 13:17:46,2017-01-16 13:17:46,2,0.0,0 - 30 days
ed1b6f66996abfab57c0affd00805578,2018-06-23 11:11:56,2018-06-23 11:11:56,2,0.0,0 - 30 days
ed2e7c127faf8aacf910fb4ecb881966,2017-09-23 18:20:14,2017-09-23 18:20:19,2,5.787037037037037e-05,0 - 30 days
ed42ccde391485cde5b0699b84b5c070,2018-02-01 11:57:55,2018-06-26 14:27:52,2,145.10413194444445,91 - 180 days
ed4c785e11a78a73c48fa3af98008292,2017-07-11 16:42:15,2018-05-19 14:35:15,2,311.91180555555553,180+ days
ed64cf9aa7a7028f4a7ba14dbc08de41,2018-05-09 11:31:26,2018-05-09 11:31:26,2,0.0,0 - 30 days
ed7ecb1bd52fef9f35d06b0f09c79539,2017-04-05 14:33:07,2017-12-08 19:09:47,2,247.19212962962962,180+ days
ed873efbae1f165689d2e836f7a45a20,2017-04-27 13:12:18,2017-06-02 11:01:39,2,35.90927083333333,31 - 90 days
ed917c786a8a3e411eae87aeca27cb27,2018-05-01 20:55:33,2018-06-07 22:32:24,2,37.067256944444445,31 - 90 days
ed91e2bcbc71d72c1d7871961a01d3e3,2017-12-18 11:50:01,2018-03-09 10:14:36,2,80.93373842592592,31 - 90 days
edb73fb9e9c6e283badde40e37f5c9e5,2017-11-24 01:35:16,2017-11-30 02:16:19,2,6.028506944444445,0 - 30 days
eddc1407b097ef7952deb24806c9059b,2017-03-10 11:55:08,2017-10-05 10:01:44,2,208.92125,180+ days
ee04cc9bca4c9198bec5c54c2542dd3b,2017-06-20 15:45:54,2018-08-06 08:44:23,2,411.7072800925926,180+ days
ee2e40e31211c5c36ebf28b78316542e,2017-05-12 14:48:10,2017-05-12 14:48:10,2,0.0,0 - 30 days
ee3adea169ca02ca9bd1e80bc620856e,2017-09-04 21:48:50,2018-01-02 20:34:57,2,119.94869212962963,91 - 180 days
ee4a5dab94b427525ea24bc30d4442fb,2017-11-13 15:48:05,2018-04-17 09:28:09,2,154.7361574074074,91 - 180 days
ee5c5d0ff3ff8e904b5c2b66dd471b01,2017-03-07 10:25:57,2017-03-07 10:25:58,2,1.1574074074074073e-05,0 - 30 days
ee86c319ba988c50816cb59a863b1882,2018-03-16 07:01:56,2018-03-16 07:01:56,2,0.0,0 - 30 days
ee9d97a7d28183a3d93aefb807e48524,2017-08-14 11:04:20,2017-08-14 11:04:23,2,3.472222222222222e-05,0 - 30 days
eed4189bfc1ea0c708e927cf93d63bdf,2017-11-24 14:37:52,2018-01-10 08:51:29,2,46.75945601851852,31 - 90 days
eed42da7ee2f3ce26ab52758e63d855f,2018-02-22 23:33:58,2018-02-22 23:33:59,2,1.1574074074074073e-05,0 - 30 days
eeea20d93b0e221411defcabab3c8949,2017-03-23 11:58:25,2018-06-15 07:01:23,2,448.79372685185183,180+ days
ef0103e9602d12594d19c2b666219bc1,2018-08-29 08:44:38,2018-09-12 15:32:16,3,14.283078703703703,0 - 30 days
ef1d0f1922417f396a0aa0a03296c572,2017-08-02 04:26:49,2017-11-24 00:25:57,2,113.83273148148149,91 - 180 days
ef309784561fed416ff25e05ddfe495e,2018-06-08 10:33:45,2018-07-19 17:46:37,2,41.30060185185185,31 - 90 days
ef3aa901ca7f8bc099be6fd33f8daba6,2018-05-29 19:36:23,2018-07-19 11:10:14,2,50.64850694444444,31 - 90 days
ef3b6ab8a1704ead096adbcdee78284b,2017-12-05 09:51:41,2018-03-10 19:52:26,2,95.4171875,91 - 180 days
ef3e32f1b8658891add797672f995cc5,2017-10-23 12:57:00,2017-10-23 12:57:01,2,1.1574074074074073e-05,0 - 30 days
ef6f8fd740ae1fe88a80a321306bac50,2018-04-07 10:56:18,2018-06-07 16:46:09,2,61.24295138888889,31 - 90 days
ef7200d5b0b899369c77c7407ec5502e,2017-12-17 18:17:33,2018-04-28 16:06:18,2,131.90885416666666,91 - 180 days
ef7ccf8e6acbf1ac71af305967e708c3,2017-07-14 15:37:57,2017-07-24 08:56:42,2,9.721354166666666,0 - 30 days
ef89c781d27561d99c4b90783fde3c57,2017-12-16 19:31:49,2017-12-22 15:53:30,2,5.848391203703704,0 - 30 days
efb164704e9f4fc3867f6f59f5f6dbd6,2017-02-23 11:37:20,2018-02-07 18:23:09,2,349.28181712962964,180+ days
efce1ab3e96ccab8b1b464326bd22417,2017-08-07 14:29:45,2018-03-27 14:29:03,2,231.99951388888888,180+ days
efd22f5f8fc7e5035a4f48bd92c0c69c,2017-03-25 14:49:56,2018-03-27 11:14:25,2,366.85033564814813,180+ days
effecf2e702b13058b6ca07a0a649691,2018-01-18 15:26:35,2018-01-18 15:26:37,2,2.3148148148148147e-05,0 - 30 days
f00aa1cfc257dfff20184269b19db923,2017-10-13 10:57:56,2018-03-10 10:45:39,2,147.9914699074074,91 - 180 days
f00e99f043c33da533ebc107f5a68c4e,2017-12-13 03:02:06,2018-06-03 17:02:22,2,172.58351851851853,91 - 180 days
f019bdb8008924769fe88319cddedda9,2017-02-12 20:05:08,2018-02-28 12:07:29,2,380.6682986111111,180+ days
f043529722a354cd3f185270e0c6aa15,2017-03-23 16:19:43,2017-10-02 15:52:50,2,192.98133101851852,180+ days
f06d35a600b606329886d392afda66c7,2018-07-08 17:01:33,2018-07-09 21:50:54,2,1.2009375,0 - 30 days
f08d5e0d77469bca395ed24633b8f8d5,2018-03-22 14:12:26,2018-04-03 20:32:47,2,12.264131944444445,0 - 30 days
f091cb60c97d35a42101a95cb825f821,2018-07-24 11:03:25,2018-08-13 11:02:42,2,19.999502314814816,0 - 30 days
f0996ee6e59d10ac46fd0b9c632e759d,2017-07-04 01:44:17,2017-07-04 01:44:17,2,0.0,0 - 30 days
f0a8e36658d6d08f6e96b9ecf389fd52,2018-05-03 22:16:54,2018-06-09 21:51:46,2,36.9825462962963,31 - 90 days
f0ac405c280fab1d087b8982e7801b54,2017-07-20 13:34:43,2018-08-07 09:54:16,2,382.8469097222222,180+ days
f0daba1cfcc18d5a3229e1a911313e3e,2017-04-24 20:41:52,2017-05-11 17:30:39,2,16.86721064814815,0 - 30 days
f0e310a6839dce9de1638e0fe5ab282a,2017-05-20 08:53:30,2017-08-03 20:28:45,6,75.4828125,31 - 90 days
f0fd988c7c2a4cba167138a8adada6ca,2018-01-06 12:43:25,2018-04-19 07:59:55,3,102.803125,91 - 180 days
f113042ff356f926d517f3087d4a1ba8,2017-08-27 21:41:16,2018-06-26 12:39:48,2,302.6239814814815,180+ days
f11451a120b48a5c4c36d3274f0fd80c,2017-05-05 14:01:47,2017-12-03 16:05:02,2,212.08559027777778,180+ days
f11821d908830e74ad782532ebed897a,2017-05-17 04:26:46,2017-05-17 04:26:46,3,0.0,0 - 30 days
f121995493925a5ef0b46a13f594e0ab,2017-08-14 21:48:04,2018-01-16 22:08:15,2,155.0140162037037,91 - 180 days
f145d50379275ab9931636f83b0102eb,2018-06-07 17:52:27,2018-07-26 07:10:27,2,48.55416666666667,31 - 90 days
f170c6e04c4cdf9219fc5c669b10f506,2018-01-13 13:36:23,2018-01-13 13:36:23,2,0.0,0 - 30 days
f172c33b146e90b95ee12499eb6632cb,2018-01-09 14:47:50,2018-03-27 08:10:06,2,76.7237962962963,31 - 90 days
f1a325803dd4c341c5a946ac84c71973,2017-05-01 17:38:41,2017-09-01 10:15:36,2,122.69230324074074,91 - 180 days
f1bee02ceae8a430506b798786f766b4,2018-03-27 13:20:27,2018-04-08 08:59:35,2,11.818842592592592,0 - 30 days
f1c08d13b8520a6efa197627fada3a56,2017-10-24 22:30:12,2018-08-06 20:57:10,2,285.93539351851854,180+ days
f1e73ad158b38954c23f5668894b3d46,2018-01-25 12:01:41,2018-03-13 11:21:01,2,46.97175925925926,31 - 90 days
f1f30eb24d90309e4ec02c385a17e81f,2017-09-18 21:13:36,2018-04-30 10:28:19,2,223.55188657407408,180+ days
f216de65ece42736f341247dcba60ccb,2017-08-23 10:07:22,2017-11-27 22:26:08,2,96.51303240740741,91 - 180 days
f22da779a017ed42f2c4e03862584885,2018-03-21 13:38:46,2018-04-24 17:12:09,2,34.14818287037037,31 - 90 days
f257deaa49d5e0a8c5fde46dfc350e52,2018-07-03 00:08:08,2018-08-01 21:21:47,2,29.884479166666665,0 - 30 days
f25c82f041560f45f4a408157ff3a5de,2017-12-04 11:57:10,2018-07-25 16:11:44,2,233.17678240740742,180+ days
f25c83fef4ae7252feec416e7927acac,2018-03-01 10:55:06,2018-06-19 08:58:11,2,109.91880787037037,91 - 180 days
f2655a0ca53cad79e713d1a21b2328b7,2017-05-15 18:46:52,2017-05-15 18:46:53,2,1.1574074074074073e-05,0 - 30 days
f2ab7bd70a9a23df0dac0be98f038374,2017-10-07 15:27:15,2018-02-18 14:10:25,2,133.94664351851853,91 - 180 days
f2e0c95f9c0e971bb561b11ecf5a95d3,2018-02-22 19:54:43,2018-02-22 19:54:45,2,2.3148148148148147e-05,0 - 30 days
f30856ad31d3e74253a3f4ccef670648,2018-02-02 18:01:08,2018-02-02 18:01:10,2,2.3148148148148147e-05,0 - 30 days
f31ac54af6af7097bddd1053011e7a3a,2017-11-06 18:17:50,2018-08-05 15:42:51,2,271.8923726851852,180+ days
f31d2c22ddcad145e224e6dc48f349b9,2018-04-13 22:12:39,2018-05-16 20:57:48,2,32.94802083333333,31 - 90 days
f324fb2ff71d3fe466169a995de25315,2018-07-20 16:38:35,2018-07-20 16:39:13,2,0.0004398148148148148,0 - 30 days
f34cd7fd85a1f8baff886edf09567be3,2017-08-22 12:49:28,2017-08-22 12:49:28,4,0.0,0 - 30 days
f3738f6f5687da7c7ae0623172be00bf,2018-01-06 20:12:23,2018-01-20 20:10:56,2,13.998993055555555,0 - 30 days
f377461b37160ea383bbb3535714ba31,2018-07-27 05:30:50,2018-07-27 05:39:01,2,0.00568287037037037,0 - 30 days
f37bd405972a0229ec900f3743f5bca6,2017-10-19 17:15:44,2017-10-19 17:15:45,2,1.1574074074074073e-05,0 - 30 days
f39417775394ddaa9a81151e6afd4c5e,2017-11-09 17:38:39,2017-11-09 17:38:45,2,6.944444444444444e-05,0 - 30 days
f3b75d6f1b2a6555223b35fcb52dcf54,2017-09-19 14:27:33,2018-05-10 10:18:34,2,232.8270949074074,180+ days
f3bf3bed9936aecd7792e6c49779dedc,2018-03-27 20:35:09,2018-04-30 20:36:38,2,34.00103009259259,31 - 90 days
f3d176999f9c1273045f770712608944,2017-07-17 06:44:18,2017-08-07 21:35:22,2,21.618796296296296,0 - 30 days
f3d7cb12e7dc54a424d935aae4426461,2017-03-29 16:53:32,2018-04-07 14:15:19,2,373.89012731481483,180+ days
f43a741f2b86fc593b013959d7b34083,2018-05-31 14:35:52,2018-06-11 08:33:53,2,10.748622685185186,0 - 30 days
f46971f1ac7b376b668114a027c98e78,2017-05-15 16:39:17,2017-05-24 15:41:46,2,8.96005787037037,0 - 30 days
f46ebdbd5c48c0683980a759b8937912,2018-02-20 16:05:55,2018-02-20 16:06:00,2,5.787037037037037e-05,0 - 30 days
f497801658db70e1b18c76268001e944,2017-08-22 12:44:01,2017-12-18 11:28:52,2,117.9478125,91 - 180 days
f497dd3ee9e4ef33b42acd82713e4bf3,2018-06-04 12:22:27,2018-06-04 12:22:27,2,0.0,0 - 30 days
f4af0b3f627879bf6801db96949b1e71,2017-08-21 15:53:41,2017-08-21 15:53:42,2,1.1574074074074073e-05,0 - 30 days
f4d1502ace38b0df6f052a5544add9f4,2017-11-10 22:50:03,2018-04-11 23:14:26,3,152.01693287037037,91 - 180 days
f4f2d85371955b0e254ce594fcf09a0d,2018-01-30 11:12:52,2018-01-30 11:12:55,2,3.472222222222222e-05,0 - 30 days
f50ca6544a0ed8a52cc964e15cbe9cf9,2017-10-10 20:21:13,2017-10-10 20:21:14,3,1.1574074074074073e-05,0 - 30 days
f526077dd7bdfdb1a6e10cd6b194b548,2017-09-24 09:30:35,2017-09-24 09:30:35,2,0.0,0 - 30 days
f5344c7feb209d1e8a9de5d60ed79331,2017-07-31 23:06:46,2017-07-31 23:06:47,2,1.1574074074074073e-05,0 - 30 days
f55f5b958b01f7040f6f42c0abaca6f4,2018-04-03 18:28:35,2018-04-03 18:28:35,2,0.0,0 - 30 days
f561632522774ab728bb93f8f3ab5e61,2017-06-06 13:34:51,2018-01-06 12:01:41,2,213.93530092592593,180+ days
f565c1cbc438d2561d40d780f1da28c5,2017-10-25 09:18:21,2017-11-26 09:33:58,2,32.01084490740741,31 - 90 days
f58595c5ecdf5e9781678b83ba2e0c21,2018-05-05 11:40:42,2018-07-16 04:02:53,2,71.68207175925926,31 - 90 days
f596242db91986b554f25768577cd5be,2017-06-04 21:12:58,2017-06-18 14:32:38,2,13.721990740740742,0 - 30 days
f5d32f2ee3d4caec1870de481c276bd8,2018-03-24 01:41:40,2018-06-06 14:19:52,2,74.52652777777777,31 - 90 days
f613612c35de4ffbbdb680f32e3baa80,2018-05-23 12:34:28,2018-05-28 08:47:35,2,4.84244212962963,0 - 30 days
f62d6572c9c25b3796d058d7b833f8b7,2017-03-20 17:52:09,2017-06-10 19:59:23,2,82.08835648148148,31 - 90 days
f63e56138ee7885ffc3b7e56933446e6,2017-09-10 09:22:43,2017-09-10 09:22:44,2,1.1574074074074073e-05,0 - 30 days
f64075e7fa628bdc6c3e7c3108d7c624,2018-01-30 10:56:40,2018-01-30 10:56:41,2,1.1574074074074073e-05,0 - 30 days
f64ec6d8dd29940264cd0bbb5ecade8a,2017-10-07 06:49:55,2017-11-03 17:45:48,4,27.455474537037038,0 - 30 days
f68cbab6cbaab1d6226e2dafed486578,2017-06-09 13:54:15,2017-11-25 14:10:20,2,169.0111689814815,91 - 180 days
f6b12abd5112545273ecbdc84f6cf35f,2018-05-14 16:01:23,2018-07-17 17:13:40,2,64.05019675925926,31 - 90 days
f6dc4789e4669873c35f8f92fdbed89f,2018-05-14 16:18:26,2018-08-09 10:31:45,2,86.75924768518519,31 - 90 days
f71da337f7e2b3a70c74fa505f0f6ac9,2018-03-03 20:59:46,2018-08-21 20:59:11,2,170.9995949074074,91 - 180 days
f720a16300d5b9dfa4639686e56561ba,2018-07-25 19:02:13,2018-07-27 12:27:02,2,1.7255671296296295,0 - 30 days
f72d1ee92d55688d07ca88506300715e,2017-05-02 12:03:00,2018-02-02 16:06:44,2,276.16925925925926,180+ days
f733f4254cce4a375a82258c272d1549,2017-07-08 16:35:21,2018-05-29 10:46:58,2,324.75806712962964,180+ days
f7471d502dd946e0a2cb6020bf076808,2018-01-05 20:33:32,2018-03-31 18:26:56,2,84.91208333333333,31 - 90 days
f74a075d2c4f68917c7d568df06b1e90,2018-07-22 13:04:52,2018-07-24 21:05:03,2,2.333460648148148,0 - 30 days
f79c1eba3ebd97c75683b3ac6e333daa,2018-04-24 21:49:57,2018-04-24 22:40:37,2,0.03518518518518519,0 - 30 days
f79c969a1665f477201e86ae6e036c30,2017-06-05 17:53:59,2017-06-05 17:54:00,2,1.1574074074074073e-05,0 - 30 days
f7ac7452ae241a5a36aaf9542c2428d5,2017-07-26 18:22:30,2017-07-26 18:22:31,2,1.1574074074074073e-05,0 - 30 days
f7b62c75467e8ce080b201667cbbc274,2016-10-06 14:59:56,2016-10-07 08:28:29,2,0.7281597222222222,0 - 30 days
f7b981e8a280e455ac3cbe0d5d171bd1,2016-12-23 23:16:47,2017-01-05 11:56:06,2,12.527303240740741,0 - 30 days
f7be9bec658c62ab6240b44cd26c0b84,2017-01-05 13:34:35,2017-01-05 14:33:39,2,0.04101851851851852,0 - 30 days
f7d2fc6f0a2778f53d2a6bfc27bd0e8c,2017-05-16 15:09:18,2017-10-19 10:05:02,2,155.7887037037037,91 - 180 days
f7d319c00224031393f1ba82343db3d6,2017-11-08 13:24:57,2017-11-27 16:36:37,2,19.13310185185185,0 - 30 days
f7d7fc0a59ef4363fdce6e3aa069d498,2017-06-19 12:31:58,2018-04-10 18:21:13,2,295.2425347222222,180+ days
f7f7c86a6751896d012ebbe10e3fc6f3,2017-11-13 23:55:37,2017-11-29 08:37:46,2,15.362604166666667,0 - 30 days
f801278dc42ce9d4773cb91ad0e21ab8,2017-01-21 18:17:14,2017-01-21 18:17:15,2,1.1574074074074073e-05,0 - 30 days
f804ed90360900357b6db9d7635d275d,2017-05-01 08:58:52,2017-05-20 10:30:23,2,19.06355324074074,0 - 30 days
f80c7e4cf2fa8ff3532323f19bf603ba,2018-01-23 15:04:18,2018-05-09 12:47:39,2,105.90510416666666,91 - 180 days
f8308de7370e6293120c537a031f4cff,2017-10-08 09:31:45,2017-10-22 22:00:35,2,14.520023148148148,0 - 30 days
f87108f2ff59f6cbc898ca230483c0ab,2017-07-16 23:57:02,2017-11-15 10:09:38,2,121.42541666666666,91 - 180 days
f8777c0c5c96632fe9ded01856cb8c82,2017-10-13 14:45:03,2017-10-13 14:45:04,2,1.1574074074074073e-05,0 - 30 days
f8ac33ce25aad89ade14c52fac3cc452,2017-10-30 14:25:15,2017-10-30 14:27:30,2,0.0015625,0 - 30 days
f8af7fabb3e9e70beee01db243cd3eaa,2017-11-15 18:16:13,2018-01-05 16:04:43,2,50.908680555555556,31 - 90 days
f8bc1d81f395f6239a2a5ab1b9edf1ab,2017-10-06 15:02:44,2018-04-13 13:54:38,3,188.95270833333333,180+ days
f8bffe1586fdae62dd3646353a25f958,2017-11-24 23:40:31,2018-03-01 10:35:27,2,96.45481481481481,91 - 180 days
f8c74f26f568c1b52cd212e700e977df,2018-03-05 15:57:07,2018-04-11 11:12:46,2,36.80253472222222,31 - 90 days
f8d1720cca57b3c6961eb25114347ade,2018-05-03 21:14:33,2018-05-03 21:16:34,2,0.001400462962962963,0 - 30 days
f8daef44c2589a488bfed29f1be8396a,2017-10-19 17:02:53,2018-08-03 13:37:17,2,287.8572222222222,180+ days
f8f6ed51ded0d4757a6153f5ce0f8906,2018-04-16 14:21:02,2018-04-25 11:11:13,2,8.86818287037037,0 - 30 days
f9165be8a411384aab9f945394418a0c,2017-08-21 21:29:45,2018-05-19 19:34:15,2,270.91979166666664,180+ days
f92fd2c87375f957ece022972b16849b,2017-08-12 23:01:12,2017-12-05 16:18:19,2,114.72021990740741,91 - 180 days
f93ea08ded32a5b926f9dd98c1dbd61d,2017-05-27 19:51:58,2017-05-27 19:51:59,2,1.1574074074074073e-05,0 - 30 days
f944ee56d8467517955c2ddc7b0d486a,2017-07-16 21:14:32,2017-11-01 20:57:34,2,107.98821759259259,91 - 180 days
f95407bbebadeb8eb236153ba339e998,2018-02-17 19:01:38,2018-06-10 19:42:29,2,113.02836805555556,91 - 180 days
f95de29d9e810e69f55626ff1bbd4d60,2017-12-21 09:21:23,2018-01-06 17:48:38,2,16.352256944444445,0 - 30 days
f96be73d5c1d3bfe8fcba7924798ba91,2017-07-27 13:19:29,2018-05-18 13:22:34,2,295.00214120370373,180+ days
f97ab9c166ca8d6f5313653ee439a6a8,2018-04-08 18:44:33,2018-08-20 15:37:16,2,133.86994212962964,91 - 180 days
f982853f2882760f3a52e7bdfabb1080,2018-04-10 21:43:09,2018-06-03 10:45:31,2,53.543310185185184,31 - 90 days
f99fa0c7b369bde9c53edc9e6f6c4a58,2017-11-24 09:15:36,2017-11-24 09:15:36,2,0.0,0 - 30 days
f9ae226291893fda10af7965268fb7f6,2017-03-09 23:39:26,2017-03-11 18:34:44,2,1.7884027777777778,0 - 30 days
f9b5d3c8bd2dc9c26ff00bde73171554,2018-02-21 11:12:57,2018-07-23 10:37:56,2,151.97568287037038,91 - 180 days
fa0cf5b25732a933725b83d2f716000a,2017-09-13 17:10:22,2017-09-13 17:10:25,2,3.472222222222222e-05,0 - 30 days
fa0ee7ceb94193fb02aa78ce3a55695a,2018-01-01 20:49:02,2018-02-15 10:33:30,2,44.572546296296295,31 - 90 days
fa494e4132e6539d70a8478f1d0cf3e3,2018-02-07 14:56:03,2018-08-06 17:56:20,2,180.12519675925927,180+ days
fa980c101c0dcecaecd3a1b5984c6b5c,2017-12-06 21:41:35,2018-05-26 11:44:37,2,170.5854398148148,91 - 180 days
fad2bf8fa1bdfc125781eb6c62b5ad81,2018-04-10 07:13:04,2018-04-10 07:23:55,2,0.007534722222222222,0 - 30 days
fafbc4ecb15933633821dfd530c9263b,2017-05-21 07:59:59,2017-05-21 08:00:00,2,1.1574074074074073e-05,0 - 30 days
fb490a070c5dbc385afadcf0e56270bd,2017-12-08 23:57:02,2018-05-20 23:11:36,2,162.96844907407407,91 - 180 days
fb4accbcbcd54672a8a8b195d9ff0ec8,2017-07-24 10:55:51,2017-08-16 09:48:02,2,22.95290509259259,0 - 30 days
fb567adf300e73b60281b72af7702687,2018-03-02 09:43:01,2018-03-02 09:43:02,2,1.1574074074074073e-05,0 - 30 days
fb5e89c121d9569d1a58e0afb54da971,2017-09-12 19:28:31,2017-09-12 19:28:31,2,0.0,0 - 30 days
fb7e29c65321441231990afc201c1b14,2018-08-22 20:43:48,2018-08-28 19:32:05,2,5.950196759259259,0 - 30 days
fb82affcdf98ee48d9d36c7feb802417,2018-02-23 00:22:13,2018-02-23 00:22:16,2,3.472222222222222e-05,0 - 30 days
fb8bc250f9f12a9121282d4b0d59485b,2018-03-18 19:27:58,2018-05-15 11:12:08,2,57.6556712962963,31 - 90 days
fb920961e4d8e55fd9c357976a611765,2017-03-25 15:34:23,2018-06-24 10:09:52,2,455.7746412037037,180+ days
fbacf55907cfeeab0f1cb05ac31c429e,2018-01-27 19:28:48,2018-01-27 19:28:48,2,0.0,0 - 30 days
fbdd85f919749a8e7a1290c6452024e3,2017-06-05 07:17:58,2017-06-20 22:42:06,2,15.64175925925926,0 - 30 days
fc19fe9ac733e36ff8227c29435c2030,2017-01-25 00:46:17,2018-05-23 23:59:19,2,483.96738425925923,180+ days
fc1c735fd279ad7321e7b40a4f9d361f,2018-02-05 17:16:35,2018-02-05 17:50:38,2,0.023645833333333335,0 - 30 days
fc2261ae2c583aa2e68241456a6467c8,2018-05-13 00:10:01,2018-05-13 00:10:02,2,1.1574074074074073e-05,0 - 30 days
fc24db02becd484accefaa5af59c18b1,2018-06-04 23:21:42,2018-06-25 11:15:35,2,20.495752314814816,0 - 30 days
fc685f5d020dbc22ef7dae7822f336dc,2017-09-05 17:36:41,2017-09-08 13:51:42,2,2.8437615740740743,0 - 30 days
fc719c11b4dce594f47e1f9aa739a3a2,2017-11-16 17:08:42,2017-11-24 18:04:11,3,8.038530092592593,0 - 30 days
fcceb56470bf0b4d59caa87e111ca69e,2018-02-14 16:25:15,2018-03-27 18:26:09,2,41.083958333333335,31 - 90 days
fccfbf734a92029859c4fe58eff05114,2017-01-30 20:52:02,2017-03-29 17:13:43,2,57.848391203703706,31 - 90 days
fcd0ab79592faab19e2bf386cf69fbcd,2017-02-10 23:23:35,2018-04-07 21:18:46,2,420.91332175925925,180+ days
fd03997c82649affc061d275ddf1f3d9,2018-01-17 14:35:51,2018-01-17 14:35:51,2,0.0,0 - 30 days
fd09c64a101e3eff4adbca1b28552514,2017-08-17 14:29:07,2017-12-16 18:01:40,2,121.14760416666667,91 - 180 days
fd0e843308b676214ea30ea480295e3e,2017-02-19 11:03:43,2017-02-19 11:03:43,2,0.0,0 - 30 days
fd47af963b760f05fbc357474509905e,2017-09-13 22:56:40,2017-10-03 17:05:02,2,19.755810185185187,0 - 30 days
fd8ccc89be43894d2553494c71a61fd8,2018-03-11 22:52:36,2018-03-13 07:45:39,3,1.3701736111111111,0 - 30 days
fda3a3eb3370c1295a4fc3f6cd3d7604,2017-09-04 18:46:38,2017-09-04 18:46:38,2,0.0,0 - 30 days
fdb1f3e0dd15b657acc64314ce89688f,2017-07-25 16:39:25,2017-08-15 18:03:03,2,21.058078703703703,0 - 30 days
fdb2f8a871f180fefdf3ba06bf7ab179,2017-06-06 21:31:50,2017-06-06 21:31:50,2,0.0,0 - 30 days
fdb47f6659321662dce6524a8c629d0b,2017-12-06 22:24:21,2017-12-06 22:24:22,2,1.1574074074074073e-05,0 - 30 days
fde381fe79993303957d1fcf9cd6bf4a,2018-05-03 22:12:32,2018-05-03 22:43:17,2,0.021354166666666667,0 - 30 days
fe28d443ab89dc67f5858bc2beda299a,2017-07-18 09:57:34,2017-07-18 09:57:34,2,0.0,0 - 30 days
fe3e52de024b82706717c38c8e183084,2017-09-12 09:21:38,2018-07-31 08:30:27,2,321.96445601851855,180+ days
fe52c2abb172426dd6416cc69e6b3689,2017-09-16 12:30:24,2017-09-23 12:53:19,2,7.015914351851852,0 - 30 days
fe59d5878cd80080edbd29b5a0a4e1cf,2017-06-07 19:54:10,2017-08-14 12:18:15,3,67.6833912037037,31 - 90 days
fe613188d4d20ea3e3dc1290549c3ad1,2017-11-20 11:45:42,2017-11-20 12:47:30,2,0.042916666666666665,0 - 30 days
fe81bb32c243a86b2f86fbf053fe6140,2017-10-22 11:29:22,2017-10-31 16:20:25,5,9.202118055555555,0 - 30 days
fed2005ccab4fcf1a40ebdaff032a148,2017-06-17 17:04:27,2017-06-17 17:04:31,2,4.6296296296296294e-05,0 - 30 days
fed519569d16e690df6f89cb99d4e682,2017-12-20 19:10:19,2018-03-18 21:51:49,2,88.11215277777778,31 - 90 days
ff03923ad1eb9e32304deb7f9b2a45c9,2018-04-23 21:49:49,2018-05-26 11:51:22,2,32.58440972222222,31 - 90 days
ff22e30958c13ffe219db7d711e8f564,2018-08-24 17:02:19,2018-09-03 09:06:57,2,9.669884259259259,0 - 30 days
ff36be26206fffe1eb37afd54c70e18b,2018-07-28 15:49:27,2018-08-20 09:03:23,3,22.718009259259258,0 - 30 days
ff44401d0d8f5b9c54a47374eb48c1b8,2017-05-19 21:20:54,2017-05-19 21:20:54,2,0.0,0 - 30 days
ff8892f7c26aa0446da53d01b18df463,2017-05-24 16:09:14,2017-11-26 23:25:43,2,186.30311342592591,180+ days
ff922bdd6bafcdf99cb90d7f39cea5b3,2017-02-22 12:26:42,2017-08-23 13:15:29,3,182.03387731481482,180+ days
ffe254cc039740e17dd15a5305035928,2017-04-02 16:33:30,2017-04-02 16:33:30,2,0.0,0 - 30 days
